make: Entering directory '/esat/studscratch/r1015498/Thesis/original_snax/snax_cluster/target/snitch_cluster'
-------------------------------------------------------------
Generating streamers, CSR managers, wrappers, and testharness
-------------------------------------------------------------
/esat/studscratch/r1015498/Thesis/original_snax/snax_cluster/target/snitch_cluster/../../util/snaxgen/snaxgen.py --cfg_path="/esat/studscratch/r1015498/Thesis/original_snax/snax_cluster/target/snitch_cluster/cfg/snax_dual_versacore_int16x4_multidim_spatial_k8_8x4_4lane_abgran2_layout_v95.hjson" \
	--tpl_path="/esat/studscratch/r1015498/Thesis/original_snax/snax_cluster/target/snitch_cluster/../../hw/templates/" \
	--test_path="/esat/studscratch/r1015498/Thesis/original_snax/snax_cluster/target/snitch_cluster/../../target/snitch_cluster/test/" \
	--chisel_path="/esat/studscratch/r1015498/Thesis/original_snax/snax_cluster/target/snitch_cluster/../../hw/chisel/" \
	--bypass_accgen="false" \
	--disable_header_gen="false" \
	--gen_path="/esat/studscratch/r1015498/Thesis/original_snax/snax_cluster/target/snitch_cluster/generated/"
[info] welcome to sbt 1.11.3 (N/A Java 23.0.2-internal)
[info] loading settings for project chisel-build from plugins.sbt...
[info] loading project definition from /esat/studscratch/r1015498/Thesis/original_snax/snax_cluster/hw/chisel/project
[info] loading settings for project root from build.sbt...
[info] set current project to snax-streamer (in build file:/esat/studscratch/r1015498/Thesis/original_snax/snax_cluster/hw/chisel/)
[info] running snax.reqRspManager.ReqRspManagerGen /esat/studscratch/r1015498/Thesis/original_snax/snax_cluster/target/snitch_cluster/generated/snax_dual_versacore_swiglu/
[[33mwarn[0m] src/main/scala/snax/reqRspManager/ReqRspManager.scala 130:13: [W004] Dynamic index with width 33 is too wide for Vec of size 23 (expected index width 5).
[[33mwarn[0m]         regs(BaseAddr + i.U) := (regs(BaseAddr + i.U) & ~mask) | (datas(i) & mask)
[[33mwarn[0m]             ^
[[33mwarn[0m] src/main/scala/snax/reqRspManager/ReqRspManager.scala 130:38: [W004] Dynamic index with width 33 is too wide for Vec of size 23 (expected index width 5).
[[33mwarn[0m]         regs(BaseAddr + i.U) := (regs(BaseAddr + i.U) & ~mask) | (datas(i) & mask)
[[33mwarn[0m]                                      ^
[[33mwarn[0m] src/main/scala/snax/reqRspManager/ReqRspManager.scala 170:48: [W004] Dynamic index with width 32 is too wide for Vec of size 25 (expected index width 5).
[[33mwarn[0m]     io.reqRspIO.rsp.bits.data   := allRegisters(io.reqRspIO.req.bits.addr)
[[33mwarn[0m]                                                ^
[[33mwarn[0m] There were [33m3 warning(s)[0m during hardware elaboration.
[success] Total time: 4 s, completed May 15, 2026, 1:16:23 AM
[info] welcome to sbt 1.11.3 (N/A Java 23.0.2-internal)
[info] loading settings for project chisel-build from plugins.sbt...
[info] loading project definition from /esat/studscratch/r1015498/Thesis/original_snax/snax_cluster/hw/chisel/project
[info] loading settings for project root from build.sbt...
[info] set current project to snax-streamer (in build file:/esat/studscratch/r1015498/Thesis/original_snax/snax_cluster/hw/chisel/)
[info] running snax.streamer.StreamerGen --streamercfg {} --hw-target-dir /esat/studscratch/r1015498/Thesis/original_snax/snax_cluster/target/snitch_cluster/generated/snax_dual_versacore_swiglu/
[[33mwarn[0m] src/main/scala/snax/reqRspManager/ReqRspManager.scala 130:13: [W004] Dynamic index with width 33 is too wide for Vec of size 73 (expected index width 7).
[[33mwarn[0m]         regs(BaseAddr + i.U) := (regs(BaseAddr + i.U) & ~mask) | (datas(i) & mask)
[[33mwarn[0m]             ^
[[33mwarn[0m] src/main/scala/snax/reqRspManager/ReqRspManager.scala 130:38: [W004] Dynamic index with width 33 is too wide for Vec of size 73 (expected index width 7).
[[33mwarn[0m]         regs(BaseAddr + i.U) := (regs(BaseAddr + i.U) & ~mask) | (datas(i) & mask)
[[33mwarn[0m]                                      ^
[[33mwarn[0m] src/main/scala/snax/reqRspManager/ReqRspManager.scala 170:48: [W004] Dynamic index with width 32 is too wide for Vec of size 77 (expected index width 7).
[[33mwarn[0m]     io.reqRspIO.rsp.bits.data   := allRegisters(io.reqRspIO.req.bits.addr)
[[33mwarn[0m]                                                ^
[[33mwarn[0m] There were [33m3 warning(s)[0m during hardware elaboration.
[success] Total time: 6 s, completed May 15, 2026, 1:16:34 AM
[info] welcome to sbt 1.11.3 (N/A Java 23.0.2-internal)
[info] loading settings for project chisel_acc-build from plugins.sbt...
[info] loading project definition from /esat/studscratch/r1015498/Thesis/original_snax/snax_cluster/hw/chisel_acc/project
[info] loading settings for project root from build.sbt...
[info] loading settings for project chisel-float-build from plugins.sbt...
[info] loading project definition from /esat/studscratch/r1015498/Thesis/original_snax/snax_cluster/hw/chisel_acc/subprojects/chisel-float/project
[info] loading settings for project chiselFloat from build.sbt...
[info] set current project to snax-accelerators (in build file:/esat/studscratch/r1015498/Thesis/original_snax/snax_cluster/hw/chisel_acc/)
[info] running snax_acc.versacore.DualVersaCoreSwigluGen --versacoreCfg {"snax_acc_name":"snax_dual_versacore_swiglu","bender_target":["snax_dual_versacore_swiglu"],"snax_tcdm_ports":34,"sparse_interconnect_config":[[16,2],[8,2],[8,2],[1,1],[1,1]],"snax_num_rw_csr":23,"snax_num_ro_csr":2,"snax_versacore_mac_num":[256],"snax_versacore_input_a_element_width":[16],"snax_versacore_input_a_data_type":["SInt"],"snax_versacore_input_b_element_width":[4],"snax_versacore_input_b_data_type":["SInt"],"snax_versacore_input_c_element_width":[32],"snax_versacore_input_c_data_type":["SInt"],"snax_versacore_output_d_element_width":[32],"snax_versacore_output_d_data_type":["SInt"],"snax_versacore_array_input_a_width":1024,"snax_versacore_array_input_b_width":512,"snax_versacore_array_input_c_width":1024,"snax_versacore_array_output_d_width":1024,"snax_versacore_serial_a_width":1024,"snax_versacore_serial_b_width":512,"snax_versacore_serial_c_d_width":1024,"snax_versacore_adder_tree_delay":0,"snax_versacore_spatial_unrolling":[[[8,8,4],[4,8,8],[2,8,16]]],"snax_versacore_temporal_unrolling":["output_stationary"],"snax_dual_versacore_postproc_lanes":4,"snax_streamer_cfg":{"data_reader_params":{"spatial_bounds":[[2,8],[2,4],[2,4]],"temporal_dim":[6,4,4],"num_channel":[16,8,8],"fifo_depth":[8,8,8],"configurable_channel":[1,1,1],"tcdm_logic_word_size":[[256,128,64],[256,128,64],[256,128,64]]},"data_writer_params":{"spatial_bounds":[[1],[1]],"temporal_dim":[4,4],"num_channel":[1,1],"fifo_depth":[1,1],"configurable_channel":[1,1],"tcdm_logic_word_size":[[256,128,64],[256,128,64]]},"snax_library_name":"dual-versacore-swiglu"},"granularity_a":4,"granularity_b":2,"granularity_c_d":2,"tcdm_data_width":64,"tcdm_dma_data_width":512,"tcdm_depth":16384,"tcdm_num_banks":64,"tcdm_addr_width":23,"tag_name":"snax_dual_versacore_swiglu","streamer_csr_num":77} --hw-target-dir /esat/studscratch/r1015498/Thesis/original_snax/snax_cluster/target/snitch_cluster/generated/snax_dual_versacore_swiglu/
[[33mwarn[0m] src/main/scala/snax_acc/versacore/VersaCore.scala 233:21: [W004] Dynamic index with width 32 is too wide for Vec of size 1 (expected index width 0).
[[33mwarn[0m]     val dim = dimRom(dataTypeIdx)(dimIdx)
[[33mwarn[0m]                     ^
[[33mwarn[0m] src/main/scala/snax_acc/versacore/VersaCore.scala 233:34: [W004] Dynamic index with width 32 is too wide for Vec of size 3 (expected index width 2).
[[33mwarn[0m]     val dim = dimRom(dataTypeIdx)(dimIdx)
[[33mwarn[0m]                                  ^
[[33mwarn[0m] src/main/scala/snax_acc/versacore/VersaCore.scala 234:35: [W004] Dynamic index with width 32 is too wide for Vec of size 1 (expected index width 0).
[[33mwarn[0m]     dim(0) * dim(1) * elemWidthSeq(dataTypeIdx)
[[33mwarn[0m]                                   ^
[[33mwarn[0m] src/main/scala/snax_acc/versacore/VersaCore.scala 262:21: [W004] Dynamic index with width 32 is too wide for Vec of size 1 (expected index width 0).
[[33mwarn[0m]     val dim = dimRom(dataTypeIdx)(dimIdx)
[[33mwarn[0m]                     ^
[[33mwarn[0m] src/main/scala/snax_acc/versacore/VersaCore.scala 262:34: [W004] Dynamic index with width 32 is too wide for Vec of size 3 (expected index width 2).
[[33mwarn[0m]     val dim = dimRom(dataTypeIdx)(dimIdx)
[[33mwarn[0m]                                  ^
[[33mwarn[0m] src/main/scala/snax_acc/versacore/VersaCore.scala 263:35: [W004] Dynamic index with width 32 is too wide for Vec of size 1 (expected index width 0).
[[33mwarn[0m]     dim(1) * dim(2) * elemWidthSeq(dataTypeIdx)
[[33mwarn[0m]                                   ^
[[33mwarn[0m] src/main/scala/snax_acc/versacore/VersaCore.scala 516:21: [W004] Dynamic index with width 32 is too wide for Vec of size 1 (expected index width 0).
[[33mwarn[0m]     val dim = dimRom(dataTypeIdx)(dimIdx)
[[33mwarn[0m]                     ^
[[33mwarn[0m] src/main/scala/snax_acc/versacore/VersaCore.scala 516:34: [W004] Dynamic index with width 32 is too wide for Vec of size 3 (expected index width 2).
[[33mwarn[0m]     val dim = dimRom(dataTypeIdx)(dimIdx)
[[33mwarn[0m]                                  ^
[[33mwarn[0m] src/main/scala/snax_acc/versacore/VersaCore.scala 517:35: [W004] Dynamic index with width 32 is too wide for Vec of size 1 (expected index width 0).
[[33mwarn[0m]     dim(0) * dim(2) * elemWidthSeq(dataTypeIdx)
[[33mwarn[0m]                                   ^
[[33mwarn[0m] src/main/scala/snax_acc/versacore/Array.scala 150:21: [W004] Dynamic index with width 32 is too wide for Vec of size 1 (expected index width 0).
[[33mwarn[0m]     val dim = dimRom(dataTypeIdx)(dimIdx)
[[33mwarn[0m]                     ^
[[33mwarn[0m] src/main/scala/snax_acc/versacore/Array.scala 150:34: [W004] Dynamic index with width 32 is too wide for Vec of size 3 (expected index width 2).
[[33mwarn[0m]     val dim = dimRom(dataTypeIdx)(dimIdx)
[[33mwarn[0m]                                  ^
[[33mwarn[0m] src/main/scala/snax_acc/versacore/AdderTree.scala 102:24: [W004] Dynamic index with width 4 is too wide for Vec of size 4 (expected index width 2).
[[33mwarn[0m]   io.out.bits := layers(runTimeStageNum)
[[33mwarn[0m]                        ^
[[33mwarn[0m] There were [33m12 warning(s)[0m during hardware elaboration.
Copied resource: silu_out16_balanced_pkg.sv -> /esat/studscratch/r1015498/Thesis/original_snax/snax_cluster/target/snitch_cluster/generated/snax_dual_versacore_swiglu//silu_out16_balanced_pkg.sv
Copied resource: silu_multilane.sv -> /esat/studscratch/r1015498/Thesis/original_snax/snax_cluster/target/snitch_cluster/generated/snax_dual_versacore_swiglu//silu_multilane.sv
Copied resource: silu_top.sv -> /esat/studscratch/r1015498/Thesis/original_snax/snax_cluster/target/snitch_cluster/generated/snax_dual_versacore_swiglu//silu_top.sv
Copied resource: partition_detector.sv -> /esat/studscratch/r1015498/Thesis/original_snax/snax_cluster/target/snitch_cluster/generated/snax_dual_versacore_swiglu//partition_detector.sv
Copied resource: param_selector.sv -> /esat/studscratch/r1015498/Thesis/original_snax/snax_cluster/target/snitch_cluster/generated/snax_dual_versacore_swiglu//param_selector.sv
Copied resource: horner_stage.sv -> /esat/studscratch/r1015498/Thesis/original_snax/snax_cluster/target/snitch_cluster/generated/snax_dual_versacore_swiglu//horner_stage.sv
Copied resource: rescale_down_32to16.sv -> /esat/studscratch/r1015498/Thesis/original_snax/snax_cluster/target/snitch_cluster/generated/snax_dual_versacore_swiglu//rescale_down_32to16.sv
Copied resource: elem_mul_16b.sv -> /esat/studscratch/r1015498/Thesis/original_snax/snax_cluster/target/snitch_cluster/generated/snax_dual_versacore_swiglu//elem_mul_16b.sv
Generated wrapper file: /esat/studscratch/r1015498/Thesis/original_snax/snax_cluster/target/snitch_cluster/generated/snax_dual_versacore_swiglu/snax_dual_versacore_swiglu_shell_wrapper.sv
Generated header file: /esat/studscratch/r1015498/Thesis/original_snax/snax_cluster/target/snitch_cluster/generated/snax_dual_versacore_swiglu//../../sw/snax/dual-versacore-swiglu/include/snax_dual_versacore_stationarity.h
[success] Total time: 8 s, completed May 15, 2026, 1:16:49 AM
[info] welcome to sbt 1.11.3 (N/A Java 23.0.2-internal)
[info] loading settings for project chisel-build from plugins.sbt...
[info] loading project definition from /esat/studscratch/r1015498/Thesis/original_snax/snax_cluster/hw/chisel/project
[info] loading settings for project root from build.sbt...
[info] set current project to snax-streamer (in build file:/esat/studscratch/r1015498/Thesis/original_snax/snax_cluster/hw/chisel/)
[info] running snax.xdma.xdmaTop.XDMATopGen --clusterName snax_dual_versacore_int16x4_4lane_postproc_v2_cluster --tcdmDataWidth 64 --axiDataWidth 512 --axiAddrWidth 48 --tcdmSize 8192 --xdmaCfg {"bender_target":["snax_dual_versacore_int16x4_4lane_postproc_v2_cluster_xdma"],"cfg_io_width":32,"max_multicast":16,"max_dimension":5,"max_mem_size":4096,"reader_buffer":12,"writer_buffer":12,"reader_agu_temporal_dimension":5,"writer_agu_temporal_dimension":5,"writer_extensions":{"HasVerilogMemset":{}},"reader_extensions":{}} --hw-target-dir /esat/studscratch/r1015498/Thesis/original_snax/snax_cluster/target/snitch_cluster/generated/snax_dual_versacore_int16x4_4lane_postproc_v2_cluster_xdma/ --sw-target-dir /esat/studscratch/r1015498/Thesis/original_snax/snax_cluster/target/snitch_cluster/generated/../sw/snax/xdma/include/snax-xdma-addr.h
[[33mwarn[0m] src/main/scala/snax/reqRspManager/ReqRspManager.scala 130:13: [W004] Dynamic index with width 33 is too wide for Vec of size 62 (expected index width 6).
[[33mwarn[0m]         regs(BaseAddr + i.U) := (regs(BaseAddr + i.U) & ~mask) | (datas(i) & mask)
[[33mwarn[0m]             ^
[[33mwarn[0m] src/main/scala/snax/reqRspManager/ReqRspManager.scala 130:38: [W004] Dynamic index with width 33 is too wide for Vec of size 62 (expected index width 6).
[[33mwarn[0m]         regs(BaseAddr + i.U) := (regs(BaseAddr + i.U) & ~mask) | (datas(i) & mask)
[[33mwarn[0m]                                      ^
[[33mwarn[0m] src/main/scala/snax/reqRspManager/ReqRspManager.scala 170:48: [W004] Dynamic index with width 32 is too wide for Vec of size 69 (expected index width 7).
[[33mwarn[0m]     io.reqRspIO.rsp.bits.data   := allRegisters(io.reqRspIO.req.bits.addr)
[[33mwarn[0m]                                                ^
[[33mwarn[0m] src/main/scala/snax/xdma/xdmaIO/XDMACfgIO.scala 372:20: [W004] Dynamic index with width 4 is too wide for Vec of size 1 (expected index width 0).
[[33mwarn[0m]           frameBody(frameCounter.io.value) := io.cfgIn.bits(readerwriterParam.axiParam.dataWidth - 1, 5)
[[33mwarn[0m]                    ^
[[33mwarn[0m] There were [33m4 warning(s)[0m during hardware elaboration.
[success] Total time: 7 s, completed May 15, 2026, 1:17:02 AM
[info] welcome to sbt 1.11.3 (N/A Java 23.0.2-internal)
[info] loading settings for project chisel-build from plugins.sbt...
[info] loading project definition from /esat/studscratch/r1015498/Thesis/original_snax/snax_cluster/hw/chisel/project
[info] loading settings for project root from build.sbt...
[info] set current project to snax-streamer (in build file:/esat/studscratch/r1015498/Thesis/original_snax/snax_cluster/hw/chisel/)
[info] running snax.sparse_interconnect.SparseInterconnectGen --NumInp 53 --NumOut 64 --memAddrWidth 14 --tcdmAddrWidth 23 --dataWidth 64 --strbWidth 8 --priorityWidth 1 --sparseConfig "[[16, 2], [8, 2], [8, 2], [1, 1], [1, 1], [16, 1], [1, 1], [1, 1], [1, 1]]" --hw-target-dir /esat/studscratch/r1015498/Thesis/original_snax/snax_cluster/target/snitch_cluster/generated/
SparseConfig String: [[16, 2], [8, 2], [8, 2], [1, 1], [1, 1], [16, 1], [1, 1], [1, 1], [1, 1]]
Parsed SparseConfig: snax.sparse_interconnect.SparseConfig@476a42d6
Routing outputs for input 0: port 0, index 0, sparse_port_access_granularity 2
Routing outputs for input 0: port 0, index 0, sparse_out 0, out 0
Routing outputs for input 0: port 0, index 0, sparse_out 1, out 2
Routing outputs for input 0: port 0, index 0, sparse_out 2, out 4
Routing outputs for input 0: port 0, index 0, sparse_out 3, out 6
Routing outputs for input 0: port 0, index 0, sparse_out 4, out 8
Routing outputs for input 0: port 0, index 0, sparse_out 5, out 10
Routing outputs for input 0: port 0, index 0, sparse_out 6, out 12
Routing outputs for input 0: port 0, index 0, sparse_out 7, out 14
Routing outputs for input 0: port 0, index 0, sparse_out 8, out 16
Routing outputs for input 0: port 0, index 0, sparse_out 9, out 18
Routing outputs for input 0: port 0, index 0, sparse_out 10, out 20
Routing outputs for input 0: port 0, index 0, sparse_out 11, out 22
Routing outputs for input 0: port 0, index 0, sparse_out 12, out 24
Routing outputs for input 0: port 0, index 0, sparse_out 13, out 26
Routing outputs for input 0: port 0, index 0, sparse_out 14, out 28
Routing outputs for input 0: port 0, index 0, sparse_out 15, out 30
Routing outputs for input 0: port 0, index 0, sparse_out 16, out 32
Routing outputs for input 0: port 0, index 0, sparse_out 17, out 34
Routing outputs for input 0: port 0, index 0, sparse_out 18, out 36
Routing outputs for input 0: port 0, index 0, sparse_out 19, out 38
Routing outputs for input 0: port 0, index 0, sparse_out 20, out 40
Routing outputs for input 0: port 0, index 0, sparse_out 21, out 42
Routing outputs for input 0: port 0, index 0, sparse_out 22, out 44
Routing outputs for input 0: port 0, index 0, sparse_out 23, out 46
Routing outputs for input 0: port 0, index 0, sparse_out 24, out 48
Routing outputs for input 0: port 0, index 0, sparse_out 25, out 50
Routing outputs for input 0: port 0, index 0, sparse_out 26, out 52
Routing outputs for input 0: port 0, index 0, sparse_out 27, out 54
Routing outputs for input 0: port 0, index 0, sparse_out 28, out 56
Routing outputs for input 0: port 0, index 0, sparse_out 29, out 58
Routing outputs for input 0: port 0, index 0, sparse_out 30, out 60
Routing outputs for input 0: port 0, index 0, sparse_out 31, out 62
Routing outputs for input 1: port 0, index 1, sparse_port_access_granularity 2
Routing outputs for input 1: port 0, index 1, sparse_out 0, out 1
Routing outputs for input 1: port 0, index 1, sparse_out 1, out 3
Routing outputs for input 1: port 0, index 1, sparse_out 2, out 5
Routing outputs for input 1: port 0, index 1, sparse_out 3, out 7
Routing outputs for input 1: port 0, index 1, sparse_out 4, out 9
Routing outputs for input 1: port 0, index 1, sparse_out 5, out 11
Routing outputs for input 1: port 0, index 1, sparse_out 6, out 13
Routing outputs for input 1: port 0, index 1, sparse_out 7, out 15
Routing outputs for input 1: port 0, index 1, sparse_out 8, out 17
Routing outputs for input 1: port 0, index 1, sparse_out 9, out 19
Routing outputs for input 1: port 0, index 1, sparse_out 10, out 21
Routing outputs for input 1: port 0, index 1, sparse_out 11, out 23
Routing outputs for input 1: port 0, index 1, sparse_out 12, out 25
Routing outputs for input 1: port 0, index 1, sparse_out 13, out 27
Routing outputs for input 1: port 0, index 1, sparse_out 14, out 29
Routing outputs for input 1: port 0, index 1, sparse_out 15, out 31
Routing outputs for input 1: port 0, index 1, sparse_out 16, out 33
Routing outputs for input 1: port 0, index 1, sparse_out 17, out 35
Routing outputs for input 1: port 0, index 1, sparse_out 18, out 37
Routing outputs for input 1: port 0, index 1, sparse_out 19, out 39
Routing outputs for input 1: port 0, index 1, sparse_out 20, out 41
Routing outputs for input 1: port 0, index 1, sparse_out 21, out 43
Routing outputs for input 1: port 0, index 1, sparse_out 22, out 45
Routing outputs for input 1: port 0, index 1, sparse_out 23, out 47
Routing outputs for input 1: port 0, index 1, sparse_out 24, out 49
Routing outputs for input 1: port 0, index 1, sparse_out 25, out 51
Routing outputs for input 1: port 0, index 1, sparse_out 26, out 53
Routing outputs for input 1: port 0, index 1, sparse_out 27, out 55
Routing outputs for input 1: port 0, index 1, sparse_out 28, out 57
Routing outputs for input 1: port 0, index 1, sparse_out 29, out 59
Routing outputs for input 1: port 0, index 1, sparse_out 30, out 61
Routing outputs for input 1: port 0, index 1, sparse_out 31, out 63
Routing outputs for input 2: port 0, index 2, sparse_port_access_granularity 2
Routing outputs for input 2: port 0, index 2, sparse_out 0, out 0
Routing outputs for input 2: port 0, index 2, sparse_out 1, out 2
Routing outputs for input 2: port 0, index 2, sparse_out 2, out 4
Routing outputs for input 2: port 0, index 2, sparse_out 3, out 6
Routing outputs for input 2: port 0, index 2, sparse_out 4, out 8
Routing outputs for input 2: port 0, index 2, sparse_out 5, out 10
Routing outputs for input 2: port 0, index 2, sparse_out 6, out 12
Routing outputs for input 2: port 0, index 2, sparse_out 7, out 14
Routing outputs for input 2: port 0, index 2, sparse_out 8, out 16
Routing outputs for input 2: port 0, index 2, sparse_out 9, out 18
Routing outputs for input 2: port 0, index 2, sparse_out 10, out 20
Routing outputs for input 2: port 0, index 2, sparse_out 11, out 22
Routing outputs for input 2: port 0, index 2, sparse_out 12, out 24
Routing outputs for input 2: port 0, index 2, sparse_out 13, out 26
Routing outputs for input 2: port 0, index 2, sparse_out 14, out 28
Routing outputs for input 2: port 0, index 2, sparse_out 15, out 30
Routing outputs for input 2: port 0, index 2, sparse_out 16, out 32
Routing outputs for input 2: port 0, index 2, sparse_out 17, out 34
Routing outputs for input 2: port 0, index 2, sparse_out 18, out 36
Routing outputs for input 2: port 0, index 2, sparse_out 19, out 38
Routing outputs for input 2: port 0, index 2, sparse_out 20, out 40
Routing outputs for input 2: port 0, index 2, sparse_out 21, out 42
Routing outputs for input 2: port 0, index 2, sparse_out 22, out 44
Routing outputs for input 2: port 0, index 2, sparse_out 23, out 46
Routing outputs for input 2: port 0, index 2, sparse_out 24, out 48
Routing outputs for input 2: port 0, index 2, sparse_out 25, out 50
Routing outputs for input 2: port 0, index 2, sparse_out 26, out 52
Routing outputs for input 2: port 0, index 2, sparse_out 27, out 54
Routing outputs for input 2: port 0, index 2, sparse_out 28, out 56
Routing outputs for input 2: port 0, index 2, sparse_out 29, out 58
Routing outputs for input 2: port 0, index 2, sparse_out 30, out 60
Routing outputs for input 2: port 0, index 2, sparse_out 31, out 62
Routing outputs for input 3: port 0, index 3, sparse_port_access_granularity 2
Routing outputs for input 3: port 0, index 3, sparse_out 0, out 1
Routing outputs for input 3: port 0, index 3, sparse_out 1, out 3
Routing outputs for input 3: port 0, index 3, sparse_out 2, out 5
Routing outputs for input 3: port 0, index 3, sparse_out 3, out 7
Routing outputs for input 3: port 0, index 3, sparse_out 4, out 9
Routing outputs for input 3: port 0, index 3, sparse_out 5, out 11
Routing outputs for input 3: port 0, index 3, sparse_out 6, out 13
Routing outputs for input 3: port 0, index 3, sparse_out 7, out 15
Routing outputs for input 3: port 0, index 3, sparse_out 8, out 17
Routing outputs for input 3: port 0, index 3, sparse_out 9, out 19
Routing outputs for input 3: port 0, index 3, sparse_out 10, out 21
Routing outputs for input 3: port 0, index 3, sparse_out 11, out 23
Routing outputs for input 3: port 0, index 3, sparse_out 12, out 25
Routing outputs for input 3: port 0, index 3, sparse_out 13, out 27
Routing outputs for input 3: port 0, index 3, sparse_out 14, out 29
Routing outputs for input 3: port 0, index 3, sparse_out 15, out 31
Routing outputs for input 3: port 0, index 3, sparse_out 16, out 33
Routing outputs for input 3: port 0, index 3, sparse_out 17, out 35
Routing outputs for input 3: port 0, index 3, sparse_out 18, out 37
Routing outputs for input 3: port 0, index 3, sparse_out 19, out 39
Routing outputs for input 3: port 0, index 3, sparse_out 20, out 41
Routing outputs for input 3: port 0, index 3, sparse_out 21, out 43
Routing outputs for input 3: port 0, index 3, sparse_out 22, out 45
Routing outputs for input 3: port 0, index 3, sparse_out 23, out 47
Routing outputs for input 3: port 0, index 3, sparse_out 24, out 49
Routing outputs for input 3: port 0, index 3, sparse_out 25, out 51
Routing outputs for input 3: port 0, index 3, sparse_out 26, out 53
Routing outputs for input 3: port 0, index 3, sparse_out 27, out 55
Routing outputs for input 3: port 0, index 3, sparse_out 28, out 57
Routing outputs for input 3: port 0, index 3, sparse_out 29, out 59
Routing outputs for input 3: port 0, index 3, sparse_out 30, out 61
Routing outputs for input 3: port 0, index 3, sparse_out 31, out 63
Routing outputs for input 4: port 0, index 4, sparse_port_access_granularity 2
Routing outputs for input 4: port 0, index 4, sparse_out 0, out 0
Routing outputs for input 4: port 0, index 4, sparse_out 1, out 2
Routing outputs for input 4: port 0, index 4, sparse_out 2, out 4
Routing outputs for input 4: port 0, index 4, sparse_out 3, out 6
Routing outputs for input 4: port 0, index 4, sparse_out 4, out 8
Routing outputs for input 4: port 0, index 4, sparse_out 5, out 10
Routing outputs for input 4: port 0, index 4, sparse_out 6, out 12
Routing outputs for input 4: port 0, index 4, sparse_out 7, out 14
Routing outputs for input 4: port 0, index 4, sparse_out 8, out 16
Routing outputs for input 4: port 0, index 4, sparse_out 9, out 18
Routing outputs for input 4: port 0, index 4, sparse_out 10, out 20
Routing outputs for input 4: port 0, index 4, sparse_out 11, out 22
Routing outputs for input 4: port 0, index 4, sparse_out 12, out 24
Routing outputs for input 4: port 0, index 4, sparse_out 13, out 26
Routing outputs for input 4: port 0, index 4, sparse_out 14, out 28
Routing outputs for input 4: port 0, index 4, sparse_out 15, out 30
Routing outputs for input 4: port 0, index 4, sparse_out 16, out 32
Routing outputs for input 4: port 0, index 4, sparse_out 17, out 34
Routing outputs for input 4: port 0, index 4, sparse_out 18, out 36
Routing outputs for input 4: port 0, index 4, sparse_out 19, out 38
Routing outputs for input 4: port 0, index 4, sparse_out 20, out 40
Routing outputs for input 4: port 0, index 4, sparse_out 21, out 42
Routing outputs for input 4: port 0, index 4, sparse_out 22, out 44
Routing outputs for input 4: port 0, index 4, sparse_out 23, out 46
Routing outputs for input 4: port 0, index 4, sparse_out 24, out 48
Routing outputs for input 4: port 0, index 4, sparse_out 25, out 50
Routing outputs for input 4: port 0, index 4, sparse_out 26, out 52
Routing outputs for input 4: port 0, index 4, sparse_out 27, out 54
Routing outputs for input 4: port 0, index 4, sparse_out 28, out 56
Routing outputs for input 4: port 0, index 4, sparse_out 29, out 58
Routing outputs for input 4: port 0, index 4, sparse_out 30, out 60
Routing outputs for input 4: port 0, index 4, sparse_out 31, out 62
Routing outputs for input 5: port 0, index 5, sparse_port_access_granularity 2
Routing outputs for input 5: port 0, index 5, sparse_out 0, out 1
Routing outputs for input 5: port 0, index 5, sparse_out 1, out 3
Routing outputs for input 5: port 0, index 5, sparse_out 2, out 5
Routing outputs for input 5: port 0, index 5, sparse_out 3, out 7
Routing outputs for input 5: port 0, index 5, sparse_out 4, out 9
Routing outputs for input 5: port 0, index 5, sparse_out 5, out 11
Routing outputs for input 5: port 0, index 5, sparse_out 6, out 13
Routing outputs for input 5: port 0, index 5, sparse_out 7, out 15
Routing outputs for input 5: port 0, index 5, sparse_out 8, out 17
Routing outputs for input 5: port 0, index 5, sparse_out 9, out 19
Routing outputs for input 5: port 0, index 5, sparse_out 10, out 21
Routing outputs for input 5: port 0, index 5, sparse_out 11, out 23
Routing outputs for input 5: port 0, index 5, sparse_out 12, out 25
Routing outputs for input 5: port 0, index 5, sparse_out 13, out 27
Routing outputs for input 5: port 0, index 5, sparse_out 14, out 29
Routing outputs for input 5: port 0, index 5, sparse_out 15, out 31
Routing outputs for input 5: port 0, index 5, sparse_out 16, out 33
Routing outputs for input 5: port 0, index 5, sparse_out 17, out 35
Routing outputs for input 5: port 0, index 5, sparse_out 18, out 37
Routing outputs for input 5: port 0, index 5, sparse_out 19, out 39
Routing outputs for input 5: port 0, index 5, sparse_out 20, out 41
Routing outputs for input 5: port 0, index 5, sparse_out 21, out 43
Routing outputs for input 5: port 0, index 5, sparse_out 22, out 45
Routing outputs for input 5: port 0, index 5, sparse_out 23, out 47
Routing outputs for input 5: port 0, index 5, sparse_out 24, out 49
Routing outputs for input 5: port 0, index 5, sparse_out 25, out 51
Routing outputs for input 5: port 0, index 5, sparse_out 26, out 53
Routing outputs for input 5: port 0, index 5, sparse_out 27, out 55
Routing outputs for input 5: port 0, index 5, sparse_out 28, out 57
Routing outputs for input 5: port 0, index 5, sparse_out 29, out 59
Routing outputs for input 5: port 0, index 5, sparse_out 30, out 61
Routing outputs for input 5: port 0, index 5, sparse_out 31, out 63
Routing outputs for input 6: port 0, index 6, sparse_port_access_granularity 2
Routing outputs for input 6: port 0, index 6, sparse_out 0, out 0
Routing outputs for input 6: port 0, index 6, sparse_out 1, out 2
Routing outputs for input 6: port 0, index 6, sparse_out 2, out 4
Routing outputs for input 6: port 0, index 6, sparse_out 3, out 6
Routing outputs for input 6: port 0, index 6, sparse_out 4, out 8
Routing outputs for input 6: port 0, index 6, sparse_out 5, out 10
Routing outputs for input 6: port 0, index 6, sparse_out 6, out 12
Routing outputs for input 6: port 0, index 6, sparse_out 7, out 14
Routing outputs for input 6: port 0, index 6, sparse_out 8, out 16
Routing outputs for input 6: port 0, index 6, sparse_out 9, out 18
Routing outputs for input 6: port 0, index 6, sparse_out 10, out 20
Routing outputs for input 6: port 0, index 6, sparse_out 11, out 22
Routing outputs for input 6: port 0, index 6, sparse_out 12, out 24
Routing outputs for input 6: port 0, index 6, sparse_out 13, out 26
Routing outputs for input 6: port 0, index 6, sparse_out 14, out 28
Routing outputs for input 6: port 0, index 6, sparse_out 15, out 30
Routing outputs for input 6: port 0, index 6, sparse_out 16, out 32
Routing outputs for input 6: port 0, index 6, sparse_out 17, out 34
Routing outputs for input 6: port 0, index 6, sparse_out 18, out 36
Routing outputs for input 6: port 0, index 6, sparse_out 19, out 38
Routing outputs for input 6: port 0, index 6, sparse_out 20, out 40
Routing outputs for input 6: port 0, index 6, sparse_out 21, out 42
Routing outputs for input 6: port 0, index 6, sparse_out 22, out 44
Routing outputs for input 6: port 0, index 6, sparse_out 23, out 46
Routing outputs for input 6: port 0, index 6, sparse_out 24, out 48
Routing outputs for input 6: port 0, index 6, sparse_out 25, out 50
Routing outputs for input 6: port 0, index 6, sparse_out 26, out 52
Routing outputs for input 6: port 0, index 6, sparse_out 27, out 54
Routing outputs for input 6: port 0, index 6, sparse_out 28, out 56
Routing outputs for input 6: port 0, index 6, sparse_out 29, out 58
Routing outputs for input 6: port 0, index 6, sparse_out 30, out 60
Routing outputs for input 6: port 0, index 6, sparse_out 31, out 62
Routing outputs for input 7: port 0, index 7, sparse_port_access_granularity 2
Routing outputs for input 7: port 0, index 7, sparse_out 0, out 1
Routing outputs for input 7: port 0, index 7, sparse_out 1, out 3
Routing outputs for input 7: port 0, index 7, sparse_out 2, out 5
Routing outputs for input 7: port 0, index 7, sparse_out 3, out 7
Routing outputs for input 7: port 0, index 7, sparse_out 4, out 9
Routing outputs for input 7: port 0, index 7, sparse_out 5, out 11
Routing outputs for input 7: port 0, index 7, sparse_out 6, out 13
Routing outputs for input 7: port 0, index 7, sparse_out 7, out 15
Routing outputs for input 7: port 0, index 7, sparse_out 8, out 17
Routing outputs for input 7: port 0, index 7, sparse_out 9, out 19
Routing outputs for input 7: port 0, index 7, sparse_out 10, out 21
Routing outputs for input 7: port 0, index 7, sparse_out 11, out 23
Routing outputs for input 7: port 0, index 7, sparse_out 12, out 25
Routing outputs for input 7: port 0, index 7, sparse_out 13, out 27
Routing outputs for input 7: port 0, index 7, sparse_out 14, out 29
Routing outputs for input 7: port 0, index 7, sparse_out 15, out 31
Routing outputs for input 7: port 0, index 7, sparse_out 16, out 33
Routing outputs for input 7: port 0, index 7, sparse_out 17, out 35
Routing outputs for input 7: port 0, index 7, sparse_out 18, out 37
Routing outputs for input 7: port 0, index 7, sparse_out 19, out 39
Routing outputs for input 7: port 0, index 7, sparse_out 20, out 41
Routing outputs for input 7: port 0, index 7, sparse_out 21, out 43
Routing outputs for input 7: port 0, index 7, sparse_out 22, out 45
Routing outputs for input 7: port 0, index 7, sparse_out 23, out 47
Routing outputs for input 7: port 0, index 7, sparse_out 24, out 49
Routing outputs for input 7: port 0, index 7, sparse_out 25, out 51
Routing outputs for input 7: port 0, index 7, sparse_out 26, out 53
Routing outputs for input 7: port 0, index 7, sparse_out 27, out 55
Routing outputs for input 7: port 0, index 7, sparse_out 28, out 57
Routing outputs for input 7: port 0, index 7, sparse_out 29, out 59
Routing outputs for input 7: port 0, index 7, sparse_out 30, out 61
Routing outputs for input 7: port 0, index 7, sparse_out 31, out 63
Routing outputs for input 8: port 0, index 8, sparse_port_access_granularity 2
Routing outputs for input 8: port 0, index 8, sparse_out 0, out 0
Routing outputs for input 8: port 0, index 8, sparse_out 1, out 2
Routing outputs for input 8: port 0, index 8, sparse_out 2, out 4
Routing outputs for input 8: port 0, index 8, sparse_out 3, out 6
Routing outputs for input 8: port 0, index 8, sparse_out 4, out 8
Routing outputs for input 8: port 0, index 8, sparse_out 5, out 10
Routing outputs for input 8: port 0, index 8, sparse_out 6, out 12
Routing outputs for input 8: port 0, index 8, sparse_out 7, out 14
Routing outputs for input 8: port 0, index 8, sparse_out 8, out 16
Routing outputs for input 8: port 0, index 8, sparse_out 9, out 18
Routing outputs for input 8: port 0, index 8, sparse_out 10, out 20
Routing outputs for input 8: port 0, index 8, sparse_out 11, out 22
Routing outputs for input 8: port 0, index 8, sparse_out 12, out 24
Routing outputs for input 8: port 0, index 8, sparse_out 13, out 26
Routing outputs for input 8: port 0, index 8, sparse_out 14, out 28
Routing outputs for input 8: port 0, index 8, sparse_out 15, out 30
Routing outputs for input 8: port 0, index 8, sparse_out 16, out 32
Routing outputs for input 8: port 0, index 8, sparse_out 17, out 34
Routing outputs for input 8: port 0, index 8, sparse_out 18, out 36
Routing outputs for input 8: port 0, index 8, sparse_out 19, out 38
Routing outputs for input 8: port 0, index 8, sparse_out 20, out 40
Routing outputs for input 8: port 0, index 8, sparse_out 21, out 42
Routing outputs for input 8: port 0, index 8, sparse_out 22, out 44
Routing outputs for input 8: port 0, index 8, sparse_out 23, out 46
Routing outputs for input 8: port 0, index 8, sparse_out 24, out 48
Routing outputs for input 8: port 0, index 8, sparse_out 25, out 50
Routing outputs for input 8: port 0, index 8, sparse_out 26, out 52
Routing outputs for input 8: port 0, index 8, sparse_out 27, out 54
Routing outputs for input 8: port 0, index 8, sparse_out 28, out 56
Routing outputs for input 8: port 0, index 8, sparse_out 29, out 58
Routing outputs for input 8: port 0, index 8, sparse_out 30, out 60
Routing outputs for input 8: port 0, index 8, sparse_out 31, out 62
Routing outputs for input 9: port 0, index 9, sparse_port_access_granularity 2
Routing outputs for input 9: port 0, index 9, sparse_out 0, out 1
Routing outputs for input 9: port 0, index 9, sparse_out 1, out 3
Routing outputs for input 9: port 0, index 9, sparse_out 2, out 5
Routing outputs for input 9: port 0, index 9, sparse_out 3, out 7
Routing outputs for input 9: port 0, index 9, sparse_out 4, out 9
Routing outputs for input 9: port 0, index 9, sparse_out 5, out 11
Routing outputs for input 9: port 0, index 9, sparse_out 6, out 13
Routing outputs for input 9: port 0, index 9, sparse_out 7, out 15
Routing outputs for input 9: port 0, index 9, sparse_out 8, out 17
Routing outputs for input 9: port 0, index 9, sparse_out 9, out 19
Routing outputs for input 9: port 0, index 9, sparse_out 10, out 21
Routing outputs for input 9: port 0, index 9, sparse_out 11, out 23
Routing outputs for input 9: port 0, index 9, sparse_out 12, out 25
Routing outputs for input 9: port 0, index 9, sparse_out 13, out 27
Routing outputs for input 9: port 0, index 9, sparse_out 14, out 29
Routing outputs for input 9: port 0, index 9, sparse_out 15, out 31
Routing outputs for input 9: port 0, index 9, sparse_out 16, out 33
Routing outputs for input 9: port 0, index 9, sparse_out 17, out 35
Routing outputs for input 9: port 0, index 9, sparse_out 18, out 37
Routing outputs for input 9: port 0, index 9, sparse_out 19, out 39
Routing outputs for input 9: port 0, index 9, sparse_out 20, out 41
Routing outputs for input 9: port 0, index 9, sparse_out 21, out 43
Routing outputs for input 9: port 0, index 9, sparse_out 22, out 45
Routing outputs for input 9: port 0, index 9, sparse_out 23, out 47
Routing outputs for input 9: port 0, index 9, sparse_out 24, out 49
Routing outputs for input 9: port 0, index 9, sparse_out 25, out 51
Routing outputs for input 9: port 0, index 9, sparse_out 26, out 53
Routing outputs for input 9: port 0, index 9, sparse_out 27, out 55
Routing outputs for input 9: port 0, index 9, sparse_out 28, out 57
Routing outputs for input 9: port 0, index 9, sparse_out 29, out 59
Routing outputs for input 9: port 0, index 9, sparse_out 30, out 61
Routing outputs for input 9: port 0, index 9, sparse_out 31, out 63
Routing outputs for input 10: port 0, index 10, sparse_port_access_granularity 2
Routing outputs for input 10: port 0, index 10, sparse_out 0, out 0
Routing outputs for input 10: port 0, index 10, sparse_out 1, out 2
Routing outputs for input 10: port 0, index 10, sparse_out 2, out 4
Routing outputs for input 10: port 0, index 10, sparse_out 3, out 6
Routing outputs for input 10: port 0, index 10, sparse_out 4, out 8
Routing outputs for input 10: port 0, index 10, sparse_out 5, out 10
Routing outputs for input 10: port 0, index 10, sparse_out 6, out 12
Routing outputs for input 10: port 0, index 10, sparse_out 7, out 14
Routing outputs for input 10: port 0, index 10, sparse_out 8, out 16
Routing outputs for input 10: port 0, index 10, sparse_out 9, out 18
Routing outputs for input 10: port 0, index 10, sparse_out 10, out 20
Routing outputs for input 10: port 0, index 10, sparse_out 11, out 22
Routing outputs for input 10: port 0, index 10, sparse_out 12, out 24
Routing outputs for input 10: port 0, index 10, sparse_out 13, out 26
Routing outputs for input 10: port 0, index 10, sparse_out 14, out 28
Routing outputs for input 10: port 0, index 10, sparse_out 15, out 30
Routing outputs for input 10: port 0, index 10, sparse_out 16, out 32
Routing outputs for input 10: port 0, index 10, sparse_out 17, out 34
Routing outputs for input 10: port 0, index 10, sparse_out 18, out 36
Routing outputs for input 10: port 0, index 10, sparse_out 19, out 38
Routing outputs for input 10: port 0, index 10, sparse_out 20, out 40
Routing outputs for input 10: port 0, index 10, sparse_out 21, out 42
Routing outputs for input 10: port 0, index 10, sparse_out 22, out 44
Routing outputs for input 10: port 0, index 10, sparse_out 23, out 46
Routing outputs for input 10: port 0, index 10, sparse_out 24, out 48
Routing outputs for input 10: port 0, index 10, sparse_out 25, out 50
Routing outputs for input 10: port 0, index 10, sparse_out 26, out 52
Routing outputs for input 10: port 0, index 10, sparse_out 27, out 54
Routing outputs for input 10: port 0, index 10, sparse_out 28, out 56
Routing outputs for input 10: port 0, index 10, sparse_out 29, out 58
Routing outputs for input 10: port 0, index 10, sparse_out 30, out 60
Routing outputs for input 10: port 0, index 10, sparse_out 31, out 62
Routing outputs for input 11: port 0, index 11, sparse_port_access_granularity 2
Routing outputs for input 11: port 0, index 11, sparse_out 0, out 1
Routing outputs for input 11: port 0, index 11, sparse_out 1, out 3
Routing outputs for input 11: port 0, index 11, sparse_out 2, out 5
Routing outputs for input 11: port 0, index 11, sparse_out 3, out 7
Routing outputs for input 11: port 0, index 11, sparse_out 4, out 9
Routing outputs for input 11: port 0, index 11, sparse_out 5, out 11
Routing outputs for input 11: port 0, index 11, sparse_out 6, out 13
Routing outputs for input 11: port 0, index 11, sparse_out 7, out 15
Routing outputs for input 11: port 0, index 11, sparse_out 8, out 17
Routing outputs for input 11: port 0, index 11, sparse_out 9, out 19
Routing outputs for input 11: port 0, index 11, sparse_out 10, out 21
Routing outputs for input 11: port 0, index 11, sparse_out 11, out 23
Routing outputs for input 11: port 0, index 11, sparse_out 12, out 25
Routing outputs for input 11: port 0, index 11, sparse_out 13, out 27
Routing outputs for input 11: port 0, index 11, sparse_out 14, out 29
Routing outputs for input 11: port 0, index 11, sparse_out 15, out 31
Routing outputs for input 11: port 0, index 11, sparse_out 16, out 33
Routing outputs for input 11: port 0, index 11, sparse_out 17, out 35
Routing outputs for input 11: port 0, index 11, sparse_out 18, out 37
Routing outputs for input 11: port 0, index 11, sparse_out 19, out 39
Routing outputs for input 11: port 0, index 11, sparse_out 20, out 41
Routing outputs for input 11: port 0, index 11, sparse_out 21, out 43
Routing outputs for input 11: port 0, index 11, sparse_out 22, out 45
Routing outputs for input 11: port 0, index 11, sparse_out 23, out 47
Routing outputs for input 11: port 0, index 11, sparse_out 24, out 49
Routing outputs for input 11: port 0, index 11, sparse_out 25, out 51
Routing outputs for input 11: port 0, index 11, sparse_out 26, out 53
Routing outputs for input 11: port 0, index 11, sparse_out 27, out 55
Routing outputs for input 11: port 0, index 11, sparse_out 28, out 57
Routing outputs for input 11: port 0, index 11, sparse_out 29, out 59
Routing outputs for input 11: port 0, index 11, sparse_out 30, out 61
Routing outputs for input 11: port 0, index 11, sparse_out 31, out 63
Routing outputs for input 12: port 0, index 12, sparse_port_access_granularity 2
Routing outputs for input 12: port 0, index 12, sparse_out 0, out 0
Routing outputs for input 12: port 0, index 12, sparse_out 1, out 2
Routing outputs for input 12: port 0, index 12, sparse_out 2, out 4
Routing outputs for input 12: port 0, index 12, sparse_out 3, out 6
Routing outputs for input 12: port 0, index 12, sparse_out 4, out 8
Routing outputs for input 12: port 0, index 12, sparse_out 5, out 10
Routing outputs for input 12: port 0, index 12, sparse_out 6, out 12
Routing outputs for input 12: port 0, index 12, sparse_out 7, out 14
Routing outputs for input 12: port 0, index 12, sparse_out 8, out 16
Routing outputs for input 12: port 0, index 12, sparse_out 9, out 18
Routing outputs for input 12: port 0, index 12, sparse_out 10, out 20
Routing outputs for input 12: port 0, index 12, sparse_out 11, out 22
Routing outputs for input 12: port 0, index 12, sparse_out 12, out 24
Routing outputs for input 12: port 0, index 12, sparse_out 13, out 26
Routing outputs for input 12: port 0, index 12, sparse_out 14, out 28
Routing outputs for input 12: port 0, index 12, sparse_out 15, out 30
Routing outputs for input 12: port 0, index 12, sparse_out 16, out 32
Routing outputs for input 12: port 0, index 12, sparse_out 17, out 34
Routing outputs for input 12: port 0, index 12, sparse_out 18, out 36
Routing outputs for input 12: port 0, index 12, sparse_out 19, out 38
Routing outputs for input 12: port 0, index 12, sparse_out 20, out 40
Routing outputs for input 12: port 0, index 12, sparse_out 21, out 42
Routing outputs for input 12: port 0, index 12, sparse_out 22, out 44
Routing outputs for input 12: port 0, index 12, sparse_out 23, out 46
Routing outputs for input 12: port 0, index 12, sparse_out 24, out 48
Routing outputs for input 12: port 0, index 12, sparse_out 25, out 50
Routing outputs for input 12: port 0, index 12, sparse_out 26, out 52
Routing outputs for input 12: port 0, index 12, sparse_out 27, out 54
Routing outputs for input 12: port 0, index 12, sparse_out 28, out 56
Routing outputs for input 12: port 0, index 12, sparse_out 29, out 58
Routing outputs for input 12: port 0, index 12, sparse_out 30, out 60
Routing outputs for input 12: port 0, index 12, sparse_out 31, out 62
Routing outputs for input 13: port 0, index 13, sparse_port_access_granularity 2
Routing outputs for input 13: port 0, index 13, sparse_out 0, out 1
Routing outputs for input 13: port 0, index 13, sparse_out 1, out 3
Routing outputs for input 13: port 0, index 13, sparse_out 2, out 5
Routing outputs for input 13: port 0, index 13, sparse_out 3, out 7
Routing outputs for input 13: port 0, index 13, sparse_out 4, out 9
Routing outputs for input 13: port 0, index 13, sparse_out 5, out 11
Routing outputs for input 13: port 0, index 13, sparse_out 6, out 13
Routing outputs for input 13: port 0, index 13, sparse_out 7, out 15
Routing outputs for input 13: port 0, index 13, sparse_out 8, out 17
Routing outputs for input 13: port 0, index 13, sparse_out 9, out 19
Routing outputs for input 13: port 0, index 13, sparse_out 10, out 21
Routing outputs for input 13: port 0, index 13, sparse_out 11, out 23
Routing outputs for input 13: port 0, index 13, sparse_out 12, out 25
Routing outputs for input 13: port 0, index 13, sparse_out 13, out 27
Routing outputs for input 13: port 0, index 13, sparse_out 14, out 29
Routing outputs for input 13: port 0, index 13, sparse_out 15, out 31
Routing outputs for input 13: port 0, index 13, sparse_out 16, out 33
Routing outputs for input 13: port 0, index 13, sparse_out 17, out 35
Routing outputs for input 13: port 0, index 13, sparse_out 18, out 37
Routing outputs for input 13: port 0, index 13, sparse_out 19, out 39
Routing outputs for input 13: port 0, index 13, sparse_out 20, out 41
Routing outputs for input 13: port 0, index 13, sparse_out 21, out 43
Routing outputs for input 13: port 0, index 13, sparse_out 22, out 45
Routing outputs for input 13: port 0, index 13, sparse_out 23, out 47
Routing outputs for input 13: port 0, index 13, sparse_out 24, out 49
Routing outputs for input 13: port 0, index 13, sparse_out 25, out 51
Routing outputs for input 13: port 0, index 13, sparse_out 26, out 53
Routing outputs for input 13: port 0, index 13, sparse_out 27, out 55
Routing outputs for input 13: port 0, index 13, sparse_out 28, out 57
Routing outputs for input 13: port 0, index 13, sparse_out 29, out 59
Routing outputs for input 13: port 0, index 13, sparse_out 30, out 61
Routing outputs for input 13: port 0, index 13, sparse_out 31, out 63
Routing outputs for input 14: port 0, index 14, sparse_port_access_granularity 2
Routing outputs for input 14: port 0, index 14, sparse_out 0, out 0
Routing outputs for input 14: port 0, index 14, sparse_out 1, out 2
Routing outputs for input 14: port 0, index 14, sparse_out 2, out 4
Routing outputs for input 14: port 0, index 14, sparse_out 3, out 6
Routing outputs for input 14: port 0, index 14, sparse_out 4, out 8
Routing outputs for input 14: port 0, index 14, sparse_out 5, out 10
Routing outputs for input 14: port 0, index 14, sparse_out 6, out 12
Routing outputs for input 14: port 0, index 14, sparse_out 7, out 14
Routing outputs for input 14: port 0, index 14, sparse_out 8, out 16
Routing outputs for input 14: port 0, index 14, sparse_out 9, out 18
Routing outputs for input 14: port 0, index 14, sparse_out 10, out 20
Routing outputs for input 14: port 0, index 14, sparse_out 11, out 22
Routing outputs for input 14: port 0, index 14, sparse_out 12, out 24
Routing outputs for input 14: port 0, index 14, sparse_out 13, out 26
Routing outputs for input 14: port 0, index 14, sparse_out 14, out 28
Routing outputs for input 14: port 0, index 14, sparse_out 15, out 30
Routing outputs for input 14: port 0, index 14, sparse_out 16, out 32
Routing outputs for input 14: port 0, index 14, sparse_out 17, out 34
Routing outputs for input 14: port 0, index 14, sparse_out 18, out 36
Routing outputs for input 14: port 0, index 14, sparse_out 19, out 38
Routing outputs for input 14: port 0, index 14, sparse_out 20, out 40
Routing outputs for input 14: port 0, index 14, sparse_out 21, out 42
Routing outputs for input 14: port 0, index 14, sparse_out 22, out 44
Routing outputs for input 14: port 0, index 14, sparse_out 23, out 46
Routing outputs for input 14: port 0, index 14, sparse_out 24, out 48
Routing outputs for input 14: port 0, index 14, sparse_out 25, out 50
Routing outputs for input 14: port 0, index 14, sparse_out 26, out 52
Routing outputs for input 14: port 0, index 14, sparse_out 27, out 54
Routing outputs for input 14: port 0, index 14, sparse_out 28, out 56
Routing outputs for input 14: port 0, index 14, sparse_out 29, out 58
Routing outputs for input 14: port 0, index 14, sparse_out 30, out 60
Routing outputs for input 14: port 0, index 14, sparse_out 31, out 62
Routing outputs for input 15: port 0, index 15, sparse_port_access_granularity 2
Routing outputs for input 15: port 0, index 15, sparse_out 0, out 1
Routing outputs for input 15: port 0, index 15, sparse_out 1, out 3
Routing outputs for input 15: port 0, index 15, sparse_out 2, out 5
Routing outputs for input 15: port 0, index 15, sparse_out 3, out 7
Routing outputs for input 15: port 0, index 15, sparse_out 4, out 9
Routing outputs for input 15: port 0, index 15, sparse_out 5, out 11
Routing outputs for input 15: port 0, index 15, sparse_out 6, out 13
Routing outputs for input 15: port 0, index 15, sparse_out 7, out 15
Routing outputs for input 15: port 0, index 15, sparse_out 8, out 17
Routing outputs for input 15: port 0, index 15, sparse_out 9, out 19
Routing outputs for input 15: port 0, index 15, sparse_out 10, out 21
Routing outputs for input 15: port 0, index 15, sparse_out 11, out 23
Routing outputs for input 15: port 0, index 15, sparse_out 12, out 25
Routing outputs for input 15: port 0, index 15, sparse_out 13, out 27
Routing outputs for input 15: port 0, index 15, sparse_out 14, out 29
Routing outputs for input 15: port 0, index 15, sparse_out 15, out 31
Routing outputs for input 15: port 0, index 15, sparse_out 16, out 33
Routing outputs for input 15: port 0, index 15, sparse_out 17, out 35
Routing outputs for input 15: port 0, index 15, sparse_out 18, out 37
Routing outputs for input 15: port 0, index 15, sparse_out 19, out 39
Routing outputs for input 15: port 0, index 15, sparse_out 20, out 41
Routing outputs for input 15: port 0, index 15, sparse_out 21, out 43
Routing outputs for input 15: port 0, index 15, sparse_out 22, out 45
Routing outputs for input 15: port 0, index 15, sparse_out 23, out 47
Routing outputs for input 15: port 0, index 15, sparse_out 24, out 49
Routing outputs for input 15: port 0, index 15, sparse_out 25, out 51
Routing outputs for input 15: port 0, index 15, sparse_out 26, out 53
Routing outputs for input 15: port 0, index 15, sparse_out 27, out 55
Routing outputs for input 15: port 0, index 15, sparse_out 28, out 57
Routing outputs for input 15: port 0, index 15, sparse_out 29, out 59
Routing outputs for input 15: port 0, index 15, sparse_out 30, out 61
Routing outputs for input 15: port 0, index 15, sparse_out 31, out 63
Routing outputs for input 16: port 1, index 0, sparse_port_access_granularity 2
Routing outputs for input 16: port 1, index 0, sparse_out 0, out 0
Routing outputs for input 16: port 1, index 0, sparse_out 1, out 2
Routing outputs for input 16: port 1, index 0, sparse_out 2, out 4
Routing outputs for input 16: port 1, index 0, sparse_out 3, out 6
Routing outputs for input 16: port 1, index 0, sparse_out 4, out 8
Routing outputs for input 16: port 1, index 0, sparse_out 5, out 10
Routing outputs for input 16: port 1, index 0, sparse_out 6, out 12
Routing outputs for input 16: port 1, index 0, sparse_out 7, out 14
Routing outputs for input 16: port 1, index 0, sparse_out 8, out 16
Routing outputs for input 16: port 1, index 0, sparse_out 9, out 18
Routing outputs for input 16: port 1, index 0, sparse_out 10, out 20
Routing outputs for input 16: port 1, index 0, sparse_out 11, out 22
Routing outputs for input 16: port 1, index 0, sparse_out 12, out 24
Routing outputs for input 16: port 1, index 0, sparse_out 13, out 26
Routing outputs for input 16: port 1, index 0, sparse_out 14, out 28
Routing outputs for input 16: port 1, index 0, sparse_out 15, out 30
Routing outputs for input 16: port 1, index 0, sparse_out 16, out 32
Routing outputs for input 16: port 1, index 0, sparse_out 17, out 34
Routing outputs for input 16: port 1, index 0, sparse_out 18, out 36
Routing outputs for input 16: port 1, index 0, sparse_out 19, out 38
Routing outputs for input 16: port 1, index 0, sparse_out 20, out 40
Routing outputs for input 16: port 1, index 0, sparse_out 21, out 42
Routing outputs for input 16: port 1, index 0, sparse_out 22, out 44
Routing outputs for input 16: port 1, index 0, sparse_out 23, out 46
Routing outputs for input 16: port 1, index 0, sparse_out 24, out 48
Routing outputs for input 16: port 1, index 0, sparse_out 25, out 50
Routing outputs for input 16: port 1, index 0, sparse_out 26, out 52
Routing outputs for input 16: port 1, index 0, sparse_out 27, out 54
Routing outputs for input 16: port 1, index 0, sparse_out 28, out 56
Routing outputs for input 16: port 1, index 0, sparse_out 29, out 58
Routing outputs for input 16: port 1, index 0, sparse_out 30, out 60
Routing outputs for input 16: port 1, index 0, sparse_out 31, out 62
Routing outputs for input 17: port 1, index 1, sparse_port_access_granularity 2
Routing outputs for input 17: port 1, index 1, sparse_out 0, out 1
Routing outputs for input 17: port 1, index 1, sparse_out 1, out 3
Routing outputs for input 17: port 1, index 1, sparse_out 2, out 5
Routing outputs for input 17: port 1, index 1, sparse_out 3, out 7
Routing outputs for input 17: port 1, index 1, sparse_out 4, out 9
Routing outputs for input 17: port 1, index 1, sparse_out 5, out 11
Routing outputs for input 17: port 1, index 1, sparse_out 6, out 13
Routing outputs for input 17: port 1, index 1, sparse_out 7, out 15
Routing outputs for input 17: port 1, index 1, sparse_out 8, out 17
Routing outputs for input 17: port 1, index 1, sparse_out 9, out 19
Routing outputs for input 17: port 1, index 1, sparse_out 10, out 21
Routing outputs for input 17: port 1, index 1, sparse_out 11, out 23
Routing outputs for input 17: port 1, index 1, sparse_out 12, out 25
Routing outputs for input 17: port 1, index 1, sparse_out 13, out 27
Routing outputs for input 17: port 1, index 1, sparse_out 14, out 29
Routing outputs for input 17: port 1, index 1, sparse_out 15, out 31
Routing outputs for input 17: port 1, index 1, sparse_out 16, out 33
Routing outputs for input 17: port 1, index 1, sparse_out 17, out 35
Routing outputs for input 17: port 1, index 1, sparse_out 18, out 37
Routing outputs for input 17: port 1, index 1, sparse_out 19, out 39
Routing outputs for input 17: port 1, index 1, sparse_out 20, out 41
Routing outputs for input 17: port 1, index 1, sparse_out 21, out 43
Routing outputs for input 17: port 1, index 1, sparse_out 22, out 45
Routing outputs for input 17: port 1, index 1, sparse_out 23, out 47
Routing outputs for input 17: port 1, index 1, sparse_out 24, out 49
Routing outputs for input 17: port 1, index 1, sparse_out 25, out 51
Routing outputs for input 17: port 1, index 1, sparse_out 26, out 53
Routing outputs for input 17: port 1, index 1, sparse_out 27, out 55
Routing outputs for input 17: port 1, index 1, sparse_out 28, out 57
Routing outputs for input 17: port 1, index 1, sparse_out 29, out 59
Routing outputs for input 17: port 1, index 1, sparse_out 30, out 61
Routing outputs for input 17: port 1, index 1, sparse_out 31, out 63
Routing outputs for input 18: port 1, index 2, sparse_port_access_granularity 2
Routing outputs for input 18: port 1, index 2, sparse_out 0, out 0
Routing outputs for input 18: port 1, index 2, sparse_out 1, out 2
Routing outputs for input 18: port 1, index 2, sparse_out 2, out 4
Routing outputs for input 18: port 1, index 2, sparse_out 3, out 6
Routing outputs for input 18: port 1, index 2, sparse_out 4, out 8
Routing outputs for input 18: port 1, index 2, sparse_out 5, out 10
Routing outputs for input 18: port 1, index 2, sparse_out 6, out 12
Routing outputs for input 18: port 1, index 2, sparse_out 7, out 14
Routing outputs for input 18: port 1, index 2, sparse_out 8, out 16
Routing outputs for input 18: port 1, index 2, sparse_out 9, out 18
Routing outputs for input 18: port 1, index 2, sparse_out 10, out 20
Routing outputs for input 18: port 1, index 2, sparse_out 11, out 22
Routing outputs for input 18: port 1, index 2, sparse_out 12, out 24
Routing outputs for input 18: port 1, index 2, sparse_out 13, out 26
Routing outputs for input 18: port 1, index 2, sparse_out 14, out 28
Routing outputs for input 18: port 1, index 2, sparse_out 15, out 30
Routing outputs for input 18: port 1, index 2, sparse_out 16, out 32
Routing outputs for input 18: port 1, index 2, sparse_out 17, out 34
Routing outputs for input 18: port 1, index 2, sparse_out 18, out 36
Routing outputs for input 18: port 1, index 2, sparse_out 19, out 38
Routing outputs for input 18: port 1, index 2, sparse_out 20, out 40
Routing outputs for input 18: port 1, index 2, sparse_out 21, out 42
Routing outputs for input 18: port 1, index 2, sparse_out 22, out 44
Routing outputs for input 18: port 1, index 2, sparse_out 23, out 46
Routing outputs for input 18: port 1, index 2, sparse_out 24, out 48
Routing outputs for input 18: port 1, index 2, sparse_out 25, out 50
Routing outputs for input 18: port 1, index 2, sparse_out 26, out 52
Routing outputs for input 18: port 1, index 2, sparse_out 27, out 54
Routing outputs for input 18: port 1, index 2, sparse_out 28, out 56
Routing outputs for input 18: port 1, index 2, sparse_out 29, out 58
Routing outputs for input 18: port 1, index 2, sparse_out 30, out 60
Routing outputs for input 18: port 1, index 2, sparse_out 31, out 62
Routing outputs for input 19: port 1, index 3, sparse_port_access_granularity 2
Routing outputs for input 19: port 1, index 3, sparse_out 0, out 1
Routing outputs for input 19: port 1, index 3, sparse_out 1, out 3
Routing outputs for input 19: port 1, index 3, sparse_out 2, out 5
Routing outputs for input 19: port 1, index 3, sparse_out 3, out 7
Routing outputs for input 19: port 1, index 3, sparse_out 4, out 9
Routing outputs for input 19: port 1, index 3, sparse_out 5, out 11
Routing outputs for input 19: port 1, index 3, sparse_out 6, out 13
Routing outputs for input 19: port 1, index 3, sparse_out 7, out 15
Routing outputs for input 19: port 1, index 3, sparse_out 8, out 17
Routing outputs for input 19: port 1, index 3, sparse_out 9, out 19
Routing outputs for input 19: port 1, index 3, sparse_out 10, out 21
Routing outputs for input 19: port 1, index 3, sparse_out 11, out 23
Routing outputs for input 19: port 1, index 3, sparse_out 12, out 25
Routing outputs for input 19: port 1, index 3, sparse_out 13, out 27
Routing outputs for input 19: port 1, index 3, sparse_out 14, out 29
Routing outputs for input 19: port 1, index 3, sparse_out 15, out 31
Routing outputs for input 19: port 1, index 3, sparse_out 16, out 33
Routing outputs for input 19: port 1, index 3, sparse_out 17, out 35
Routing outputs for input 19: port 1, index 3, sparse_out 18, out 37
Routing outputs for input 19: port 1, index 3, sparse_out 19, out 39
Routing outputs for input 19: port 1, index 3, sparse_out 20, out 41
Routing outputs for input 19: port 1, index 3, sparse_out 21, out 43
Routing outputs for input 19: port 1, index 3, sparse_out 22, out 45
Routing outputs for input 19: port 1, index 3, sparse_out 23, out 47
Routing outputs for input 19: port 1, index 3, sparse_out 24, out 49
Routing outputs for input 19: port 1, index 3, sparse_out 25, out 51
Routing outputs for input 19: port 1, index 3, sparse_out 26, out 53
Routing outputs for input 19: port 1, index 3, sparse_out 27, out 55
Routing outputs for input 19: port 1, index 3, sparse_out 28, out 57
Routing outputs for input 19: port 1, index 3, sparse_out 29, out 59
Routing outputs for input 19: port 1, index 3, sparse_out 30, out 61
Routing outputs for input 19: port 1, index 3, sparse_out 31, out 63
Routing outputs for input 20: port 1, index 4, sparse_port_access_granularity 2
Routing outputs for input 20: port 1, index 4, sparse_out 0, out 0
Routing outputs for input 20: port 1, index 4, sparse_out 1, out 2
Routing outputs for input 20: port 1, index 4, sparse_out 2, out 4
Routing outputs for input 20: port 1, index 4, sparse_out 3, out 6
Routing outputs for input 20: port 1, index 4, sparse_out 4, out 8
Routing outputs for input 20: port 1, index 4, sparse_out 5, out 10
Routing outputs for input 20: port 1, index 4, sparse_out 6, out 12
Routing outputs for input 20: port 1, index 4, sparse_out 7, out 14
Routing outputs for input 20: port 1, index 4, sparse_out 8, out 16
Routing outputs for input 20: port 1, index 4, sparse_out 9, out 18
Routing outputs for input 20: port 1, index 4, sparse_out 10, out 20
Routing outputs for input 20: port 1, index 4, sparse_out 11, out 22
Routing outputs for input 20: port 1, index 4, sparse_out 12, out 24
Routing outputs for input 20: port 1, index 4, sparse_out 13, out 26
Routing outputs for input 20: port 1, index 4, sparse_out 14, out 28
Routing outputs for input 20: port 1, index 4, sparse_out 15, out 30
Routing outputs for input 20: port 1, index 4, sparse_out 16, out 32
Routing outputs for input 20: port 1, index 4, sparse_out 17, out 34
Routing outputs for input 20: port 1, index 4, sparse_out 18, out 36
Routing outputs for input 20: port 1, index 4, sparse_out 19, out 38
Routing outputs for input 20: port 1, index 4, sparse_out 20, out 40
Routing outputs for input 20: port 1, index 4, sparse_out 21, out 42
Routing outputs for input 20: port 1, index 4, sparse_out 22, out 44
Routing outputs for input 20: port 1, index 4, sparse_out 23, out 46
Routing outputs for input 20: port 1, index 4, sparse_out 24, out 48
Routing outputs for input 20: port 1, index 4, sparse_out 25, out 50
Routing outputs for input 20: port 1, index 4, sparse_out 26, out 52
Routing outputs for input 20: port 1, index 4, sparse_out 27, out 54
Routing outputs for input 20: port 1, index 4, sparse_out 28, out 56
Routing outputs for input 20: port 1, index 4, sparse_out 29, out 58
Routing outputs for input 20: port 1, index 4, sparse_out 30, out 60
Routing outputs for input 20: port 1, index 4, sparse_out 31, out 62
Routing outputs for input 21: port 1, index 5, sparse_port_access_granularity 2
Routing outputs for input 21: port 1, index 5, sparse_out 0, out 1
Routing outputs for input 21: port 1, index 5, sparse_out 1, out 3
Routing outputs for input 21: port 1, index 5, sparse_out 2, out 5
Routing outputs for input 21: port 1, index 5, sparse_out 3, out 7
Routing outputs for input 21: port 1, index 5, sparse_out 4, out 9
Routing outputs for input 21: port 1, index 5, sparse_out 5, out 11
Routing outputs for input 21: port 1, index 5, sparse_out 6, out 13
Routing outputs for input 21: port 1, index 5, sparse_out 7, out 15
Routing outputs for input 21: port 1, index 5, sparse_out 8, out 17
Routing outputs for input 21: port 1, index 5, sparse_out 9, out 19
Routing outputs for input 21: port 1, index 5, sparse_out 10, out 21
Routing outputs for input 21: port 1, index 5, sparse_out 11, out 23
Routing outputs for input 21: port 1, index 5, sparse_out 12, out 25
Routing outputs for input 21: port 1, index 5, sparse_out 13, out 27
Routing outputs for input 21: port 1, index 5, sparse_out 14, out 29
Routing outputs for input 21: port 1, index 5, sparse_out 15, out 31
Routing outputs for input 21: port 1, index 5, sparse_out 16, out 33
Routing outputs for input 21: port 1, index 5, sparse_out 17, out 35
Routing outputs for input 21: port 1, index 5, sparse_out 18, out 37
Routing outputs for input 21: port 1, index 5, sparse_out 19, out 39
Routing outputs for input 21: port 1, index 5, sparse_out 20, out 41
Routing outputs for input 21: port 1, index 5, sparse_out 21, out 43
Routing outputs for input 21: port 1, index 5, sparse_out 22, out 45
Routing outputs for input 21: port 1, index 5, sparse_out 23, out 47
Routing outputs for input 21: port 1, index 5, sparse_out 24, out 49
Routing outputs for input 21: port 1, index 5, sparse_out 25, out 51
Routing outputs for input 21: port 1, index 5, sparse_out 26, out 53
Routing outputs for input 21: port 1, index 5, sparse_out 27, out 55
Routing outputs for input 21: port 1, index 5, sparse_out 28, out 57
Routing outputs for input 21: port 1, index 5, sparse_out 29, out 59
Routing outputs for input 21: port 1, index 5, sparse_out 30, out 61
Routing outputs for input 21: port 1, index 5, sparse_out 31, out 63
Routing outputs for input 22: port 1, index 6, sparse_port_access_granularity 2
Routing outputs for input 22: port 1, index 6, sparse_out 0, out 0
Routing outputs for input 22: port 1, index 6, sparse_out 1, out 2
Routing outputs for input 22: port 1, index 6, sparse_out 2, out 4
Routing outputs for input 22: port 1, index 6, sparse_out 3, out 6
Routing outputs for input 22: port 1, index 6, sparse_out 4, out 8
Routing outputs for input 22: port 1, index 6, sparse_out 5, out 10
Routing outputs for input 22: port 1, index 6, sparse_out 6, out 12
Routing outputs for input 22: port 1, index 6, sparse_out 7, out 14
Routing outputs for input 22: port 1, index 6, sparse_out 8, out 16
Routing outputs for input 22: port 1, index 6, sparse_out 9, out 18
Routing outputs for input 22: port 1, index 6, sparse_out 10, out 20
Routing outputs for input 22: port 1, index 6, sparse_out 11, out 22
Routing outputs for input 22: port 1, index 6, sparse_out 12, out 24
Routing outputs for input 22: port 1, index 6, sparse_out 13, out 26
Routing outputs for input 22: port 1, index 6, sparse_out 14, out 28
Routing outputs for input 22: port 1, index 6, sparse_out 15, out 30
Routing outputs for input 22: port 1, index 6, sparse_out 16, out 32
Routing outputs for input 22: port 1, index 6, sparse_out 17, out 34
Routing outputs for input 22: port 1, index 6, sparse_out 18, out 36
Routing outputs for input 22: port 1, index 6, sparse_out 19, out 38
Routing outputs for input 22: port 1, index 6, sparse_out 20, out 40
Routing outputs for input 22: port 1, index 6, sparse_out 21, out 42
Routing outputs for input 22: port 1, index 6, sparse_out 22, out 44
Routing outputs for input 22: port 1, index 6, sparse_out 23, out 46
Routing outputs for input 22: port 1, index 6, sparse_out 24, out 48
Routing outputs for input 22: port 1, index 6, sparse_out 25, out 50
Routing outputs for input 22: port 1, index 6, sparse_out 26, out 52
Routing outputs for input 22: port 1, index 6, sparse_out 27, out 54
Routing outputs for input 22: port 1, index 6, sparse_out 28, out 56
Routing outputs for input 22: port 1, index 6, sparse_out 29, out 58
Routing outputs for input 22: port 1, index 6, sparse_out 30, out 60
Routing outputs for input 22: port 1, index 6, sparse_out 31, out 62
Routing outputs for input 23: port 1, index 7, sparse_port_access_granularity 2
Routing outputs for input 23: port 1, index 7, sparse_out 0, out 1
Routing outputs for input 23: port 1, index 7, sparse_out 1, out 3
Routing outputs for input 23: port 1, index 7, sparse_out 2, out 5
Routing outputs for input 23: port 1, index 7, sparse_out 3, out 7
Routing outputs for input 23: port 1, index 7, sparse_out 4, out 9
Routing outputs for input 23: port 1, index 7, sparse_out 5, out 11
Routing outputs for input 23: port 1, index 7, sparse_out 6, out 13
Routing outputs for input 23: port 1, index 7, sparse_out 7, out 15
Routing outputs for input 23: port 1, index 7, sparse_out 8, out 17
Routing outputs for input 23: port 1, index 7, sparse_out 9, out 19
Routing outputs for input 23: port 1, index 7, sparse_out 10, out 21
Routing outputs for input 23: port 1, index 7, sparse_out 11, out 23
Routing outputs for input 23: port 1, index 7, sparse_out 12, out 25
Routing outputs for input 23: port 1, index 7, sparse_out 13, out 27
Routing outputs for input 23: port 1, index 7, sparse_out 14, out 29
Routing outputs for input 23: port 1, index 7, sparse_out 15, out 31
Routing outputs for input 23: port 1, index 7, sparse_out 16, out 33
Routing outputs for input 23: port 1, index 7, sparse_out 17, out 35
Routing outputs for input 23: port 1, index 7, sparse_out 18, out 37
Routing outputs for input 23: port 1, index 7, sparse_out 19, out 39
Routing outputs for input 23: port 1, index 7, sparse_out 20, out 41
Routing outputs for input 23: port 1, index 7, sparse_out 21, out 43
Routing outputs for input 23: port 1, index 7, sparse_out 22, out 45
Routing outputs for input 23: port 1, index 7, sparse_out 23, out 47
Routing outputs for input 23: port 1, index 7, sparse_out 24, out 49
Routing outputs for input 23: port 1, index 7, sparse_out 25, out 51
Routing outputs for input 23: port 1, index 7, sparse_out 26, out 53
Routing outputs for input 23: port 1, index 7, sparse_out 27, out 55
Routing outputs for input 23: port 1, index 7, sparse_out 28, out 57
Routing outputs for input 23: port 1, index 7, sparse_out 29, out 59
Routing outputs for input 23: port 1, index 7, sparse_out 30, out 61
Routing outputs for input 23: port 1, index 7, sparse_out 31, out 63
Routing outputs for input 24: port 2, index 0, sparse_port_access_granularity 2
Routing outputs for input 24: port 2, index 0, sparse_out 0, out 0
Routing outputs for input 24: port 2, index 0, sparse_out 1, out 2
Routing outputs for input 24: port 2, index 0, sparse_out 2, out 4
Routing outputs for input 24: port 2, index 0, sparse_out 3, out 6
Routing outputs for input 24: port 2, index 0, sparse_out 4, out 8
Routing outputs for input 24: port 2, index 0, sparse_out 5, out 10
Routing outputs for input 24: port 2, index 0, sparse_out 6, out 12
Routing outputs for input 24: port 2, index 0, sparse_out 7, out 14
Routing outputs for input 24: port 2, index 0, sparse_out 8, out 16
Routing outputs for input 24: port 2, index 0, sparse_out 9, out 18
Routing outputs for input 24: port 2, index 0, sparse_out 10, out 20
Routing outputs for input 24: port 2, index 0, sparse_out 11, out 22
Routing outputs for input 24: port 2, index 0, sparse_out 12, out 24
Routing outputs for input 24: port 2, index 0, sparse_out 13, out 26
Routing outputs for input 24: port 2, index 0, sparse_out 14, out 28
Routing outputs for input 24: port 2, index 0, sparse_out 15, out 30
Routing outputs for input 24: port 2, index 0, sparse_out 16, out 32
Routing outputs for input 24: port 2, index 0, sparse_out 17, out 34
Routing outputs for input 24: port 2, index 0, sparse_out 18, out 36
Routing outputs for input 24: port 2, index 0, sparse_out 19, out 38
Routing outputs for input 24: port 2, index 0, sparse_out 20, out 40
Routing outputs for input 24: port 2, index 0, sparse_out 21, out 42
Routing outputs for input 24: port 2, index 0, sparse_out 22, out 44
Routing outputs for input 24: port 2, index 0, sparse_out 23, out 46
Routing outputs for input 24: port 2, index 0, sparse_out 24, out 48
Routing outputs for input 24: port 2, index 0, sparse_out 25, out 50
Routing outputs for input 24: port 2, index 0, sparse_out 26, out 52
Routing outputs for input 24: port 2, index 0, sparse_out 27, out 54
Routing outputs for input 24: port 2, index 0, sparse_out 28, out 56
Routing outputs for input 24: port 2, index 0, sparse_out 29, out 58
Routing outputs for input 24: port 2, index 0, sparse_out 30, out 60
Routing outputs for input 24: port 2, index 0, sparse_out 31, out 62
Routing outputs for input 25: port 2, index 1, sparse_port_access_granularity 2
Routing outputs for input 25: port 2, index 1, sparse_out 0, out 1
Routing outputs for input 25: port 2, index 1, sparse_out 1, out 3
Routing outputs for input 25: port 2, index 1, sparse_out 2, out 5
Routing outputs for input 25: port 2, index 1, sparse_out 3, out 7
Routing outputs for input 25: port 2, index 1, sparse_out 4, out 9
Routing outputs for input 25: port 2, index 1, sparse_out 5, out 11
Routing outputs for input 25: port 2, index 1, sparse_out 6, out 13
Routing outputs for input 25: port 2, index 1, sparse_out 7, out 15
Routing outputs for input 25: port 2, index 1, sparse_out 8, out 17
Routing outputs for input 25: port 2, index 1, sparse_out 9, out 19
Routing outputs for input 25: port 2, index 1, sparse_out 10, out 21
Routing outputs for input 25: port 2, index 1, sparse_out 11, out 23
Routing outputs for input 25: port 2, index 1, sparse_out 12, out 25
Routing outputs for input 25: port 2, index 1, sparse_out 13, out 27
Routing outputs for input 25: port 2, index 1, sparse_out 14, out 29
Routing outputs for input 25: port 2, index 1, sparse_out 15, out 31
Routing outputs for input 25: port 2, index 1, sparse_out 16, out 33
Routing outputs for input 25: port 2, index 1, sparse_out 17, out 35
Routing outputs for input 25: port 2, index 1, sparse_out 18, out 37
Routing outputs for input 25: port 2, index 1, sparse_out 19, out 39
Routing outputs for input 25: port 2, index 1, sparse_out 20, out 41
Routing outputs for input 25: port 2, index 1, sparse_out 21, out 43
Routing outputs for input 25: port 2, index 1, sparse_out 22, out 45
Routing outputs for input 25: port 2, index 1, sparse_out 23, out 47
Routing outputs for input 25: port 2, index 1, sparse_out 24, out 49
Routing outputs for input 25: port 2, index 1, sparse_out 25, out 51
Routing outputs for input 25: port 2, index 1, sparse_out 26, out 53
Routing outputs for input 25: port 2, index 1, sparse_out 27, out 55
Routing outputs for input 25: port 2, index 1, sparse_out 28, out 57
Routing outputs for input 25: port 2, index 1, sparse_out 29, out 59
Routing outputs for input 25: port 2, index 1, sparse_out 30, out 61
Routing outputs for input 25: port 2, index 1, sparse_out 31, out 63
Routing outputs for input 26: port 2, index 2, sparse_port_access_granularity 2
Routing outputs for input 26: port 2, index 2, sparse_out 0, out 0
Routing outputs for input 26: port 2, index 2, sparse_out 1, out 2
Routing outputs for input 26: port 2, index 2, sparse_out 2, out 4
Routing outputs for input 26: port 2, index 2, sparse_out 3, out 6
Routing outputs for input 26: port 2, index 2, sparse_out 4, out 8
Routing outputs for input 26: port 2, index 2, sparse_out 5, out 10
Routing outputs for input 26: port 2, index 2, sparse_out 6, out 12
Routing outputs for input 26: port 2, index 2, sparse_out 7, out 14
Routing outputs for input 26: port 2, index 2, sparse_out 8, out 16
Routing outputs for input 26: port 2, index 2, sparse_out 9, out 18
Routing outputs for input 26: port 2, index 2, sparse_out 10, out 20
Routing outputs for input 26: port 2, index 2, sparse_out 11, out 22
Routing outputs for input 26: port 2, index 2, sparse_out 12, out 24
Routing outputs for input 26: port 2, index 2, sparse_out 13, out 26
Routing outputs for input 26: port 2, index 2, sparse_out 14, out 28
Routing outputs for input 26: port 2, index 2, sparse_out 15, out 30
Routing outputs for input 26: port 2, index 2, sparse_out 16, out 32
Routing outputs for input 26: port 2, index 2, sparse_out 17, out 34
Routing outputs for input 26: port 2, index 2, sparse_out 18, out 36
Routing outputs for input 26: port 2, index 2, sparse_out 19, out 38
Routing outputs for input 26: port 2, index 2, sparse_out 20, out 40
Routing outputs for input 26: port 2, index 2, sparse_out 21, out 42
Routing outputs for input 26: port 2, index 2, sparse_out 22, out 44
Routing outputs for input 26: port 2, index 2, sparse_out 23, out 46
Routing outputs for input 26: port 2, index 2, sparse_out 24, out 48
Routing outputs for input 26: port 2, index 2, sparse_out 25, out 50
Routing outputs for input 26: port 2, index 2, sparse_out 26, out 52
Routing outputs for input 26: port 2, index 2, sparse_out 27, out 54
Routing outputs for input 26: port 2, index 2, sparse_out 28, out 56
Routing outputs for input 26: port 2, index 2, sparse_out 29, out 58
Routing outputs for input 26: port 2, index 2, sparse_out 30, out 60
Routing outputs for input 26: port 2, index 2, sparse_out 31, out 62
Routing outputs for input 27: port 2, index 3, sparse_port_access_granularity 2
Routing outputs for input 27: port 2, index 3, sparse_out 0, out 1
Routing outputs for input 27: port 2, index 3, sparse_out 1, out 3
Routing outputs for input 27: port 2, index 3, sparse_out 2, out 5
Routing outputs for input 27: port 2, index 3, sparse_out 3, out 7
Routing outputs for input 27: port 2, index 3, sparse_out 4, out 9
Routing outputs for input 27: port 2, index 3, sparse_out 5, out 11
Routing outputs for input 27: port 2, index 3, sparse_out 6, out 13
Routing outputs for input 27: port 2, index 3, sparse_out 7, out 15
Routing outputs for input 27: port 2, index 3, sparse_out 8, out 17
Routing outputs for input 27: port 2, index 3, sparse_out 9, out 19
Routing outputs for input 27: port 2, index 3, sparse_out 10, out 21
Routing outputs for input 27: port 2, index 3, sparse_out 11, out 23
Routing outputs for input 27: port 2, index 3, sparse_out 12, out 25
Routing outputs for input 27: port 2, index 3, sparse_out 13, out 27
Routing outputs for input 27: port 2, index 3, sparse_out 14, out 29
Routing outputs for input 27: port 2, index 3, sparse_out 15, out 31
Routing outputs for input 27: port 2, index 3, sparse_out 16, out 33
Routing outputs for input 27: port 2, index 3, sparse_out 17, out 35
Routing outputs for input 27: port 2, index 3, sparse_out 18, out 37
Routing outputs for input 27: port 2, index 3, sparse_out 19, out 39
Routing outputs for input 27: port 2, index 3, sparse_out 20, out 41
Routing outputs for input 27: port 2, index 3, sparse_out 21, out 43
Routing outputs for input 27: port 2, index 3, sparse_out 22, out 45
Routing outputs for input 27: port 2, index 3, sparse_out 23, out 47
Routing outputs for input 27: port 2, index 3, sparse_out 24, out 49
Routing outputs for input 27: port 2, index 3, sparse_out 25, out 51
Routing outputs for input 27: port 2, index 3, sparse_out 26, out 53
Routing outputs for input 27: port 2, index 3, sparse_out 27, out 55
Routing outputs for input 27: port 2, index 3, sparse_out 28, out 57
Routing outputs for input 27: port 2, index 3, sparse_out 29, out 59
Routing outputs for input 27: port 2, index 3, sparse_out 30, out 61
Routing outputs for input 27: port 2, index 3, sparse_out 31, out 63
Routing outputs for input 28: port 2, index 4, sparse_port_access_granularity 2
Routing outputs for input 28: port 2, index 4, sparse_out 0, out 0
Routing outputs for input 28: port 2, index 4, sparse_out 1, out 2
Routing outputs for input 28: port 2, index 4, sparse_out 2, out 4
Routing outputs for input 28: port 2, index 4, sparse_out 3, out 6
Routing outputs for input 28: port 2, index 4, sparse_out 4, out 8
Routing outputs for input 28: port 2, index 4, sparse_out 5, out 10
Routing outputs for input 28: port 2, index 4, sparse_out 6, out 12
Routing outputs for input 28: port 2, index 4, sparse_out 7, out 14
Routing outputs for input 28: port 2, index 4, sparse_out 8, out 16
Routing outputs for input 28: port 2, index 4, sparse_out 9, out 18
Routing outputs for input 28: port 2, index 4, sparse_out 10, out 20
Routing outputs for input 28: port 2, index 4, sparse_out 11, out 22
Routing outputs for input 28: port 2, index 4, sparse_out 12, out 24
Routing outputs for input 28: port 2, index 4, sparse_out 13, out 26
Routing outputs for input 28: port 2, index 4, sparse_out 14, out 28
Routing outputs for input 28: port 2, index 4, sparse_out 15, out 30
Routing outputs for input 28: port 2, index 4, sparse_out 16, out 32
Routing outputs for input 28: port 2, index 4, sparse_out 17, out 34
Routing outputs for input 28: port 2, index 4, sparse_out 18, out 36
Routing outputs for input 28: port 2, index 4, sparse_out 19, out 38
Routing outputs for input 28: port 2, index 4, sparse_out 20, out 40
Routing outputs for input 28: port 2, index 4, sparse_out 21, out 42
Routing outputs for input 28: port 2, index 4, sparse_out 22, out 44
Routing outputs for input 28: port 2, index 4, sparse_out 23, out 46
Routing outputs for input 28: port 2, index 4, sparse_out 24, out 48
Routing outputs for input 28: port 2, index 4, sparse_out 25, out 50
Routing outputs for input 28: port 2, index 4, sparse_out 26, out 52
Routing outputs for input 28: port 2, index 4, sparse_out 27, out 54
Routing outputs for input 28: port 2, index 4, sparse_out 28, out 56
Routing outputs for input 28: port 2, index 4, sparse_out 29, out 58
Routing outputs for input 28: port 2, index 4, sparse_out 30, out 60
Routing outputs for input 28: port 2, index 4, sparse_out 31, out 62
Routing outputs for input 29: port 2, index 5, sparse_port_access_granularity 2
Routing outputs for input 29: port 2, index 5, sparse_out 0, out 1
Routing outputs for input 29: port 2, index 5, sparse_out 1, out 3
Routing outputs for input 29: port 2, index 5, sparse_out 2, out 5
Routing outputs for input 29: port 2, index 5, sparse_out 3, out 7
Routing outputs for input 29: port 2, index 5, sparse_out 4, out 9
Routing outputs for input 29: port 2, index 5, sparse_out 5, out 11
Routing outputs for input 29: port 2, index 5, sparse_out 6, out 13
Routing outputs for input 29: port 2, index 5, sparse_out 7, out 15
Routing outputs for input 29: port 2, index 5, sparse_out 8, out 17
Routing outputs for input 29: port 2, index 5, sparse_out 9, out 19
Routing outputs for input 29: port 2, index 5, sparse_out 10, out 21
Routing outputs for input 29: port 2, index 5, sparse_out 11, out 23
Routing outputs for input 29: port 2, index 5, sparse_out 12, out 25
Routing outputs for input 29: port 2, index 5, sparse_out 13, out 27
Routing outputs for input 29: port 2, index 5, sparse_out 14, out 29
Routing outputs for input 29: port 2, index 5, sparse_out 15, out 31
Routing outputs for input 29: port 2, index 5, sparse_out 16, out 33
Routing outputs for input 29: port 2, index 5, sparse_out 17, out 35
Routing outputs for input 29: port 2, index 5, sparse_out 18, out 37
Routing outputs for input 29: port 2, index 5, sparse_out 19, out 39
Routing outputs for input 29: port 2, index 5, sparse_out 20, out 41
Routing outputs for input 29: port 2, index 5, sparse_out 21, out 43
Routing outputs for input 29: port 2, index 5, sparse_out 22, out 45
Routing outputs for input 29: port 2, index 5, sparse_out 23, out 47
Routing outputs for input 29: port 2, index 5, sparse_out 24, out 49
Routing outputs for input 29: port 2, index 5, sparse_out 25, out 51
Routing outputs for input 29: port 2, index 5, sparse_out 26, out 53
Routing outputs for input 29: port 2, index 5, sparse_out 27, out 55
Routing outputs for input 29: port 2, index 5, sparse_out 28, out 57
Routing outputs for input 29: port 2, index 5, sparse_out 29, out 59
Routing outputs for input 29: port 2, index 5, sparse_out 30, out 61
Routing outputs for input 29: port 2, index 5, sparse_out 31, out 63
Routing outputs for input 30: port 2, index 6, sparse_port_access_granularity 2
Routing outputs for input 30: port 2, index 6, sparse_out 0, out 0
Routing outputs for input 30: port 2, index 6, sparse_out 1, out 2
Routing outputs for input 30: port 2, index 6, sparse_out 2, out 4
Routing outputs for input 30: port 2, index 6, sparse_out 3, out 6
Routing outputs for input 30: port 2, index 6, sparse_out 4, out 8
Routing outputs for input 30: port 2, index 6, sparse_out 5, out 10
Routing outputs for input 30: port 2, index 6, sparse_out 6, out 12
Routing outputs for input 30: port 2, index 6, sparse_out 7, out 14
Routing outputs for input 30: port 2, index 6, sparse_out 8, out 16
Routing outputs for input 30: port 2, index 6, sparse_out 9, out 18
Routing outputs for input 30: port 2, index 6, sparse_out 10, out 20
Routing outputs for input 30: port 2, index 6, sparse_out 11, out 22
Routing outputs for input 30: port 2, index 6, sparse_out 12, out 24
Routing outputs for input 30: port 2, index 6, sparse_out 13, out 26
Routing outputs for input 30: port 2, index 6, sparse_out 14, out 28
Routing outputs for input 30: port 2, index 6, sparse_out 15, out 30
Routing outputs for input 30: port 2, index 6, sparse_out 16, out 32
Routing outputs for input 30: port 2, index 6, sparse_out 17, out 34
Routing outputs for input 30: port 2, index 6, sparse_out 18, out 36
Routing outputs for input 30: port 2, index 6, sparse_out 19, out 38
Routing outputs for input 30: port 2, index 6, sparse_out 20, out 40
Routing outputs for input 30: port 2, index 6, sparse_out 21, out 42
Routing outputs for input 30: port 2, index 6, sparse_out 22, out 44
Routing outputs for input 30: port 2, index 6, sparse_out 23, out 46
Routing outputs for input 30: port 2, index 6, sparse_out 24, out 48
Routing outputs for input 30: port 2, index 6, sparse_out 25, out 50
Routing outputs for input 30: port 2, index 6, sparse_out 26, out 52
Routing outputs for input 30: port 2, index 6, sparse_out 27, out 54
Routing outputs for input 30: port 2, index 6, sparse_out 28, out 56
Routing outputs for input 30: port 2, index 6, sparse_out 29, out 58
Routing outputs for input 30: port 2, index 6, sparse_out 30, out 60
Routing outputs for input 30: port 2, index 6, sparse_out 31, out 62
Routing outputs for input 31: port 2, index 7, sparse_port_access_granularity 2
Routing outputs for input 31: port 2, index 7, sparse_out 0, out 1
Routing outputs for input 31: port 2, index 7, sparse_out 1, out 3
Routing outputs for input 31: port 2, index 7, sparse_out 2, out 5
Routing outputs for input 31: port 2, index 7, sparse_out 3, out 7
Routing outputs for input 31: port 2, index 7, sparse_out 4, out 9
Routing outputs for input 31: port 2, index 7, sparse_out 5, out 11
Routing outputs for input 31: port 2, index 7, sparse_out 6, out 13
Routing outputs for input 31: port 2, index 7, sparse_out 7, out 15
Routing outputs for input 31: port 2, index 7, sparse_out 8, out 17
Routing outputs for input 31: port 2, index 7, sparse_out 9, out 19
Routing outputs for input 31: port 2, index 7, sparse_out 10, out 21
Routing outputs for input 31: port 2, index 7, sparse_out 11, out 23
Routing outputs for input 31: port 2, index 7, sparse_out 12, out 25
Routing outputs for input 31: port 2, index 7, sparse_out 13, out 27
Routing outputs for input 31: port 2, index 7, sparse_out 14, out 29
Routing outputs for input 31: port 2, index 7, sparse_out 15, out 31
Routing outputs for input 31: port 2, index 7, sparse_out 16, out 33
Routing outputs for input 31: port 2, index 7, sparse_out 17, out 35
Routing outputs for input 31: port 2, index 7, sparse_out 18, out 37
Routing outputs for input 31: port 2, index 7, sparse_out 19, out 39
Routing outputs for input 31: port 2, index 7, sparse_out 20, out 41
Routing outputs for input 31: port 2, index 7, sparse_out 21, out 43
Routing outputs for input 31: port 2, index 7, sparse_out 22, out 45
Routing outputs for input 31: port 2, index 7, sparse_out 23, out 47
Routing outputs for input 31: port 2, index 7, sparse_out 24, out 49
Routing outputs for input 31: port 2, index 7, sparse_out 25, out 51
Routing outputs for input 31: port 2, index 7, sparse_out 26, out 53
Routing outputs for input 31: port 2, index 7, sparse_out 27, out 55
Routing outputs for input 31: port 2, index 7, sparse_out 28, out 57
Routing outputs for input 31: port 2, index 7, sparse_out 29, out 59
Routing outputs for input 31: port 2, index 7, sparse_out 30, out 61
Routing outputs for input 31: port 2, index 7, sparse_out 31, out 63
Routing outputs for input 32: port 3, index 0, sparse_port_access_granularity 1
Routing outputs for input 32: port 3, index 0, sparse_out 0, out 0
Routing outputs for input 32: port 3, index 0, sparse_out 1, out 1
Routing outputs for input 32: port 3, index 0, sparse_out 2, out 2
Routing outputs for input 32: port 3, index 0, sparse_out 3, out 3
Routing outputs for input 32: port 3, index 0, sparse_out 4, out 4
Routing outputs for input 32: port 3, index 0, sparse_out 5, out 5
Routing outputs for input 32: port 3, index 0, sparse_out 6, out 6
Routing outputs for input 32: port 3, index 0, sparse_out 7, out 7
Routing outputs for input 32: port 3, index 0, sparse_out 8, out 8
Routing outputs for input 32: port 3, index 0, sparse_out 9, out 9
Routing outputs for input 32: port 3, index 0, sparse_out 10, out 10
Routing outputs for input 32: port 3, index 0, sparse_out 11, out 11
Routing outputs for input 32: port 3, index 0, sparse_out 12, out 12
Routing outputs for input 32: port 3, index 0, sparse_out 13, out 13
Routing outputs for input 32: port 3, index 0, sparse_out 14, out 14
Routing outputs for input 32: port 3, index 0, sparse_out 15, out 15
Routing outputs for input 32: port 3, index 0, sparse_out 16, out 16
Routing outputs for input 32: port 3, index 0, sparse_out 17, out 17
Routing outputs for input 32: port 3, index 0, sparse_out 18, out 18
Routing outputs for input 32: port 3, index 0, sparse_out 19, out 19
Routing outputs for input 32: port 3, index 0, sparse_out 20, out 20
Routing outputs for input 32: port 3, index 0, sparse_out 21, out 21
Routing outputs for input 32: port 3, index 0, sparse_out 22, out 22
Routing outputs for input 32: port 3, index 0, sparse_out 23, out 23
Routing outputs for input 32: port 3, index 0, sparse_out 24, out 24
Routing outputs for input 32: port 3, index 0, sparse_out 25, out 25
Routing outputs for input 32: port 3, index 0, sparse_out 26, out 26
Routing outputs for input 32: port 3, index 0, sparse_out 27, out 27
Routing outputs for input 32: port 3, index 0, sparse_out 28, out 28
Routing outputs for input 32: port 3, index 0, sparse_out 29, out 29
Routing outputs for input 32: port 3, index 0, sparse_out 30, out 30
Routing outputs for input 32: port 3, index 0, sparse_out 31, out 31
Routing outputs for input 32: port 3, index 0, sparse_out 32, out 32
Routing outputs for input 32: port 3, index 0, sparse_out 33, out 33
Routing outputs for input 32: port 3, index 0, sparse_out 34, out 34
Routing outputs for input 32: port 3, index 0, sparse_out 35, out 35
Routing outputs for input 32: port 3, index 0, sparse_out 36, out 36
Routing outputs for input 32: port 3, index 0, sparse_out 37, out 37
Routing outputs for input 32: port 3, index 0, sparse_out 38, out 38
Routing outputs for input 32: port 3, index 0, sparse_out 39, out 39
Routing outputs for input 32: port 3, index 0, sparse_out 40, out 40
Routing outputs for input 32: port 3, index 0, sparse_out 41, out 41
Routing outputs for input 32: port 3, index 0, sparse_out 42, out 42
Routing outputs for input 32: port 3, index 0, sparse_out 43, out 43
Routing outputs for input 32: port 3, index 0, sparse_out 44, out 44
Routing outputs for input 32: port 3, index 0, sparse_out 45, out 45
Routing outputs for input 32: port 3, index 0, sparse_out 46, out 46
Routing outputs for input 32: port 3, index 0, sparse_out 47, out 47
Routing outputs for input 32: port 3, index 0, sparse_out 48, out 48
Routing outputs for input 32: port 3, index 0, sparse_out 49, out 49
Routing outputs for input 32: port 3, index 0, sparse_out 50, out 50
Routing outputs for input 32: port 3, index 0, sparse_out 51, out 51
Routing outputs for input 32: port 3, index 0, sparse_out 52, out 52
Routing outputs for input 32: port 3, index 0, sparse_out 53, out 53
Routing outputs for input 32: port 3, index 0, sparse_out 54, out 54
Routing outputs for input 32: port 3, index 0, sparse_out 55, out 55
Routing outputs for input 32: port 3, index 0, sparse_out 56, out 56
Routing outputs for input 32: port 3, index 0, sparse_out 57, out 57
Routing outputs for input 32: port 3, index 0, sparse_out 58, out 58
Routing outputs for input 32: port 3, index 0, sparse_out 59, out 59
Routing outputs for input 32: port 3, index 0, sparse_out 60, out 60
Routing outputs for input 32: port 3, index 0, sparse_out 61, out 61
Routing outputs for input 32: port 3, index 0, sparse_out 62, out 62
Routing outputs for input 32: port 3, index 0, sparse_out 63, out 63
Routing outputs for input 33: port 4, index 0, sparse_port_access_granularity 1
Routing outputs for input 33: port 4, index 0, sparse_out 0, out 0
Routing outputs for input 33: port 4, index 0, sparse_out 1, out 1
Routing outputs for input 33: port 4, index 0, sparse_out 2, out 2
Routing outputs for input 33: port 4, index 0, sparse_out 3, out 3
Routing outputs for input 33: port 4, index 0, sparse_out 4, out 4
Routing outputs for input 33: port 4, index 0, sparse_out 5, out 5
Routing outputs for input 33: port 4, index 0, sparse_out 6, out 6
Routing outputs for input 33: port 4, index 0, sparse_out 7, out 7
Routing outputs for input 33: port 4, index 0, sparse_out 8, out 8
Routing outputs for input 33: port 4, index 0, sparse_out 9, out 9
Routing outputs for input 33: port 4, index 0, sparse_out 10, out 10
Routing outputs for input 33: port 4, index 0, sparse_out 11, out 11
Routing outputs for input 33: port 4, index 0, sparse_out 12, out 12
Routing outputs for input 33: port 4, index 0, sparse_out 13, out 13
Routing outputs for input 33: port 4, index 0, sparse_out 14, out 14
Routing outputs for input 33: port 4, index 0, sparse_out 15, out 15
Routing outputs for input 33: port 4, index 0, sparse_out 16, out 16
Routing outputs for input 33: port 4, index 0, sparse_out 17, out 17
Routing outputs for input 33: port 4, index 0, sparse_out 18, out 18
Routing outputs for input 33: port 4, index 0, sparse_out 19, out 19
Routing outputs for input 33: port 4, index 0, sparse_out 20, out 20
Routing outputs for input 33: port 4, index 0, sparse_out 21, out 21
Routing outputs for input 33: port 4, index 0, sparse_out 22, out 22
Routing outputs for input 33: port 4, index 0, sparse_out 23, out 23
Routing outputs for input 33: port 4, index 0, sparse_out 24, out 24
Routing outputs for input 33: port 4, index 0, sparse_out 25, out 25
Routing outputs for input 33: port 4, index 0, sparse_out 26, out 26
Routing outputs for input 33: port 4, index 0, sparse_out 27, out 27
Routing outputs for input 33: port 4, index 0, sparse_out 28, out 28
Routing outputs for input 33: port 4, index 0, sparse_out 29, out 29
Routing outputs for input 33: port 4, index 0, sparse_out 30, out 30
Routing outputs for input 33: port 4, index 0, sparse_out 31, out 31
Routing outputs for input 33: port 4, index 0, sparse_out 32, out 32
Routing outputs for input 33: port 4, index 0, sparse_out 33, out 33
Routing outputs for input 33: port 4, index 0, sparse_out 34, out 34
Routing outputs for input 33: port 4, index 0, sparse_out 35, out 35
Routing outputs for input 33: port 4, index 0, sparse_out 36, out 36
Routing outputs for input 33: port 4, index 0, sparse_out 37, out 37
Routing outputs for input 33: port 4, index 0, sparse_out 38, out 38
Routing outputs for input 33: port 4, index 0, sparse_out 39, out 39
Routing outputs for input 33: port 4, index 0, sparse_out 40, out 40
Routing outputs for input 33: port 4, index 0, sparse_out 41, out 41
Routing outputs for input 33: port 4, index 0, sparse_out 42, out 42
Routing outputs for input 33: port 4, index 0, sparse_out 43, out 43
Routing outputs for input 33: port 4, index 0, sparse_out 44, out 44
Routing outputs for input 33: port 4, index 0, sparse_out 45, out 45
Routing outputs for input 33: port 4, index 0, sparse_out 46, out 46
Routing outputs for input 33: port 4, index 0, sparse_out 47, out 47
Routing outputs for input 33: port 4, index 0, sparse_out 48, out 48
Routing outputs for input 33: port 4, index 0, sparse_out 49, out 49
Routing outputs for input 33: port 4, index 0, sparse_out 50, out 50
Routing outputs for input 33: port 4, index 0, sparse_out 51, out 51
Routing outputs for input 33: port 4, index 0, sparse_out 52, out 52
Routing outputs for input 33: port 4, index 0, sparse_out 53, out 53
Routing outputs for input 33: port 4, index 0, sparse_out 54, out 54
Routing outputs for input 33: port 4, index 0, sparse_out 55, out 55
Routing outputs for input 33: port 4, index 0, sparse_out 56, out 56
Routing outputs for input 33: port 4, index 0, sparse_out 57, out 57
Routing outputs for input 33: port 4, index 0, sparse_out 58, out 58
Routing outputs for input 33: port 4, index 0, sparse_out 59, out 59
Routing outputs for input 33: port 4, index 0, sparse_out 60, out 60
Routing outputs for input 33: port 4, index 0, sparse_out 61, out 61
Routing outputs for input 33: port 4, index 0, sparse_out 62, out 62
Routing outputs for input 33: port 4, index 0, sparse_out 63, out 63
Routing outputs for input 34: port 5, index 0, sparse_port_access_granularity 1
Routing outputs for input 34: port 5, index 0, sparse_out 0, out 0
Routing outputs for input 34: port 5, index 0, sparse_out 1, out 1
Routing outputs for input 34: port 5, index 0, sparse_out 2, out 2
Routing outputs for input 34: port 5, index 0, sparse_out 3, out 3
Routing outputs for input 34: port 5, index 0, sparse_out 4, out 4
Routing outputs for input 34: port 5, index 0, sparse_out 5, out 5
Routing outputs for input 34: port 5, index 0, sparse_out 6, out 6
Routing outputs for input 34: port 5, index 0, sparse_out 7, out 7
Routing outputs for input 34: port 5, index 0, sparse_out 8, out 8
Routing outputs for input 34: port 5, index 0, sparse_out 9, out 9
Routing outputs for input 34: port 5, index 0, sparse_out 10, out 10
Routing outputs for input 34: port 5, index 0, sparse_out 11, out 11
Routing outputs for input 34: port 5, index 0, sparse_out 12, out 12
Routing outputs for input 34: port 5, index 0, sparse_out 13, out 13
Routing outputs for input 34: port 5, index 0, sparse_out 14, out 14
Routing outputs for input 34: port 5, index 0, sparse_out 15, out 15
Routing outputs for input 34: port 5, index 0, sparse_out 16, out 16
Routing outputs for input 34: port 5, index 0, sparse_out 17, out 17
Routing outputs for input 34: port 5, index 0, sparse_out 18, out 18
Routing outputs for input 34: port 5, index 0, sparse_out 19, out 19
Routing outputs for input 34: port 5, index 0, sparse_out 20, out 20
Routing outputs for input 34: port 5, index 0, sparse_out 21, out 21
Routing outputs for input 34: port 5, index 0, sparse_out 22, out 22
Routing outputs for input 34: port 5, index 0, sparse_out 23, out 23
Routing outputs for input 34: port 5, index 0, sparse_out 24, out 24
Routing outputs for input 34: port 5, index 0, sparse_out 25, out 25
Routing outputs for input 34: port 5, index 0, sparse_out 26, out 26
Routing outputs for input 34: port 5, index 0, sparse_out 27, out 27
Routing outputs for input 34: port 5, index 0, sparse_out 28, out 28
Routing outputs for input 34: port 5, index 0, sparse_out 29, out 29
Routing outputs for input 34: port 5, index 0, sparse_out 30, out 30
Routing outputs for input 34: port 5, index 0, sparse_out 31, out 31
Routing outputs for input 34: port 5, index 0, sparse_out 32, out 32
Routing outputs for input 34: port 5, index 0, sparse_out 33, out 33
Routing outputs for input 34: port 5, index 0, sparse_out 34, out 34
Routing outputs for input 34: port 5, index 0, sparse_out 35, out 35
Routing outputs for input 34: port 5, index 0, sparse_out 36, out 36
Routing outputs for input 34: port 5, index 0, sparse_out 37, out 37
Routing outputs for input 34: port 5, index 0, sparse_out 38, out 38
Routing outputs for input 34: port 5, index 0, sparse_out 39, out 39
Routing outputs for input 34: port 5, index 0, sparse_out 40, out 40
Routing outputs for input 34: port 5, index 0, sparse_out 41, out 41
Routing outputs for input 34: port 5, index 0, sparse_out 42, out 42
Routing outputs for input 34: port 5, index 0, sparse_out 43, out 43
Routing outputs for input 34: port 5, index 0, sparse_out 44, out 44
Routing outputs for input 34: port 5, index 0, sparse_out 45, out 45
Routing outputs for input 34: port 5, index 0, sparse_out 46, out 46
Routing outputs for input 34: port 5, index 0, sparse_out 47, out 47
Routing outputs for input 34: port 5, index 0, sparse_out 48, out 48
Routing outputs for input 34: port 5, index 0, sparse_out 49, out 49
Routing outputs for input 34: port 5, index 0, sparse_out 50, out 50
Routing outputs for input 34: port 5, index 0, sparse_out 51, out 51
Routing outputs for input 34: port 5, index 0, sparse_out 52, out 52
Routing outputs for input 34: port 5, index 0, sparse_out 53, out 53
Routing outputs for input 34: port 5, index 0, sparse_out 54, out 54
Routing outputs for input 34: port 5, index 0, sparse_out 55, out 55
Routing outputs for input 34: port 5, index 0, sparse_out 56, out 56
Routing outputs for input 34: port 5, index 0, sparse_out 57, out 57
Routing outputs for input 34: port 5, index 0, sparse_out 58, out 58
Routing outputs for input 34: port 5, index 0, sparse_out 59, out 59
Routing outputs for input 34: port 5, index 0, sparse_out 60, out 60
Routing outputs for input 34: port 5, index 0, sparse_out 61, out 61
Routing outputs for input 34: port 5, index 0, sparse_out 62, out 62
Routing outputs for input 34: port 5, index 0, sparse_out 63, out 63
Routing outputs for input 35: port 5, index 1, sparse_port_access_granularity 1
Routing outputs for input 35: port 5, index 1, sparse_out 0, out 0
Routing outputs for input 35: port 5, index 1, sparse_out 1, out 1
Routing outputs for input 35: port 5, index 1, sparse_out 2, out 2
Routing outputs for input 35: port 5, index 1, sparse_out 3, out 3
Routing outputs for input 35: port 5, index 1, sparse_out 4, out 4
Routing outputs for input 35: port 5, index 1, sparse_out 5, out 5
Routing outputs for input 35: port 5, index 1, sparse_out 6, out 6
Routing outputs for input 35: port 5, index 1, sparse_out 7, out 7
Routing outputs for input 35: port 5, index 1, sparse_out 8, out 8
Routing outputs for input 35: port 5, index 1, sparse_out 9, out 9
Routing outputs for input 35: port 5, index 1, sparse_out 10, out 10
Routing outputs for input 35: port 5, index 1, sparse_out 11, out 11
Routing outputs for input 35: port 5, index 1, sparse_out 12, out 12
Routing outputs for input 35: port 5, index 1, sparse_out 13, out 13
Routing outputs for input 35: port 5, index 1, sparse_out 14, out 14
Routing outputs for input 35: port 5, index 1, sparse_out 15, out 15
Routing outputs for input 35: port 5, index 1, sparse_out 16, out 16
Routing outputs for input 35: port 5, index 1, sparse_out 17, out 17
Routing outputs for input 35: port 5, index 1, sparse_out 18, out 18
Routing outputs for input 35: port 5, index 1, sparse_out 19, out 19
Routing outputs for input 35: port 5, index 1, sparse_out 20, out 20
Routing outputs for input 35: port 5, index 1, sparse_out 21, out 21
Routing outputs for input 35: port 5, index 1, sparse_out 22, out 22
Routing outputs for input 35: port 5, index 1, sparse_out 23, out 23
Routing outputs for input 35: port 5, index 1, sparse_out 24, out 24
Routing outputs for input 35: port 5, index 1, sparse_out 25, out 25
Routing outputs for input 35: port 5, index 1, sparse_out 26, out 26
Routing outputs for input 35: port 5, index 1, sparse_out 27, out 27
Routing outputs for input 35: port 5, index 1, sparse_out 28, out 28
Routing outputs for input 35: port 5, index 1, sparse_out 29, out 29
Routing outputs for input 35: port 5, index 1, sparse_out 30, out 30
Routing outputs for input 35: port 5, index 1, sparse_out 31, out 31
Routing outputs for input 35: port 5, index 1, sparse_out 32, out 32
Routing outputs for input 35: port 5, index 1, sparse_out 33, out 33
Routing outputs for input 35: port 5, index 1, sparse_out 34, out 34
Routing outputs for input 35: port 5, index 1, sparse_out 35, out 35
Routing outputs for input 35: port 5, index 1, sparse_out 36, out 36
Routing outputs for input 35: port 5, index 1, sparse_out 37, out 37
Routing outputs for input 35: port 5, index 1, sparse_out 38, out 38
Routing outputs for input 35: port 5, index 1, sparse_out 39, out 39
Routing outputs for input 35: port 5, index 1, sparse_out 40, out 40
Routing outputs for input 35: port 5, index 1, sparse_out 41, out 41
Routing outputs for input 35: port 5, index 1, sparse_out 42, out 42
Routing outputs for input 35: port 5, index 1, sparse_out 43, out 43
Routing outputs for input 35: port 5, index 1, sparse_out 44, out 44
Routing outputs for input 35: port 5, index 1, sparse_out 45, out 45
Routing outputs for input 35: port 5, index 1, sparse_out 46, out 46
Routing outputs for input 35: port 5, index 1, sparse_out 47, out 47
Routing outputs for input 35: port 5, index 1, sparse_out 48, out 48
Routing outputs for input 35: port 5, index 1, sparse_out 49, out 49
Routing outputs for input 35: port 5, index 1, sparse_out 50, out 50
Routing outputs for input 35: port 5, index 1, sparse_out 51, out 51
Routing outputs for input 35: port 5, index 1, sparse_out 52, out 52
Routing outputs for input 35: port 5, index 1, sparse_out 53, out 53
Routing outputs for input 35: port 5, index 1, sparse_out 54, out 54
Routing outputs for input 35: port 5, index 1, sparse_out 55, out 55
Routing outputs for input 35: port 5, index 1, sparse_out 56, out 56
Routing outputs for input 35: port 5, index 1, sparse_out 57, out 57
Routing outputs for input 35: port 5, index 1, sparse_out 58, out 58
Routing outputs for input 35: port 5, index 1, sparse_out 59, out 59
Routing outputs for input 35: port 5, index 1, sparse_out 60, out 60
Routing outputs for input 35: port 5, index 1, sparse_out 61, out 61
Routing outputs for input 35: port 5, index 1, sparse_out 62, out 62
Routing outputs for input 35: port 5, index 1, sparse_out 63, out 63
Routing outputs for input 36: port 5, index 2, sparse_port_access_granularity 1
Routing outputs for input 36: port 5, index 2, sparse_out 0, out 0
Routing outputs for input 36: port 5, index 2, sparse_out 1, out 1
Routing outputs for input 36: port 5, index 2, sparse_out 2, out 2
Routing outputs for input 36: port 5, index 2, sparse_out 3, out 3
Routing outputs for input 36: port 5, index 2, sparse_out 4, out 4
Routing outputs for input 36: port 5, index 2, sparse_out 5, out 5
Routing outputs for input 36: port 5, index 2, sparse_out 6, out 6
Routing outputs for input 36: port 5, index 2, sparse_out 7, out 7
Routing outputs for input 36: port 5, index 2, sparse_out 8, out 8
Routing outputs for input 36: port 5, index 2, sparse_out 9, out 9
Routing outputs for input 36: port 5, index 2, sparse_out 10, out 10
Routing outputs for input 36: port 5, index 2, sparse_out 11, out 11
Routing outputs for input 36: port 5, index 2, sparse_out 12, out 12
Routing outputs for input 36: port 5, index 2, sparse_out 13, out 13
Routing outputs for input 36: port 5, index 2, sparse_out 14, out 14
Routing outputs for input 36: port 5, index 2, sparse_out 15, out 15
Routing outputs for input 36: port 5, index 2, sparse_out 16, out 16
Routing outputs for input 36: port 5, index 2, sparse_out 17, out 17
Routing outputs for input 36: port 5, index 2, sparse_out 18, out 18
Routing outputs for input 36: port 5, index 2, sparse_out 19, out 19
Routing outputs for input 36: port 5, index 2, sparse_out 20, out 20
Routing outputs for input 36: port 5, index 2, sparse_out 21, out 21
Routing outputs for input 36: port 5, index 2, sparse_out 22, out 22
Routing outputs for input 36: port 5, index 2, sparse_out 23, out 23
Routing outputs for input 36: port 5, index 2, sparse_out 24, out 24
Routing outputs for input 36: port 5, index 2, sparse_out 25, out 25
Routing outputs for input 36: port 5, index 2, sparse_out 26, out 26
Routing outputs for input 36: port 5, index 2, sparse_out 27, out 27
Routing outputs for input 36: port 5, index 2, sparse_out 28, out 28
Routing outputs for input 36: port 5, index 2, sparse_out 29, out 29
Routing outputs for input 36: port 5, index 2, sparse_out 30, out 30
Routing outputs for input 36: port 5, index 2, sparse_out 31, out 31
Routing outputs for input 36: port 5, index 2, sparse_out 32, out 32
Routing outputs for input 36: port 5, index 2, sparse_out 33, out 33
Routing outputs for input 36: port 5, index 2, sparse_out 34, out 34
Routing outputs for input 36: port 5, index 2, sparse_out 35, out 35
Routing outputs for input 36: port 5, index 2, sparse_out 36, out 36
Routing outputs for input 36: port 5, index 2, sparse_out 37, out 37
Routing outputs for input 36: port 5, index 2, sparse_out 38, out 38
Routing outputs for input 36: port 5, index 2, sparse_out 39, out 39
Routing outputs for input 36: port 5, index 2, sparse_out 40, out 40
Routing outputs for input 36: port 5, index 2, sparse_out 41, out 41
Routing outputs for input 36: port 5, index 2, sparse_out 42, out 42
Routing outputs for input 36: port 5, index 2, sparse_out 43, out 43
Routing outputs for input 36: port 5, index 2, sparse_out 44, out 44
Routing outputs for input 36: port 5, index 2, sparse_out 45, out 45
Routing outputs for input 36: port 5, index 2, sparse_out 46, out 46
Routing outputs for input 36: port 5, index 2, sparse_out 47, out 47
Routing outputs for input 36: port 5, index 2, sparse_out 48, out 48
Routing outputs for input 36: port 5, index 2, sparse_out 49, out 49
Routing outputs for input 36: port 5, index 2, sparse_out 50, out 50
Routing outputs for input 36: port 5, index 2, sparse_out 51, out 51
Routing outputs for input 36: port 5, index 2, sparse_out 52, out 52
Routing outputs for input 36: port 5, index 2, sparse_out 53, out 53
Routing outputs for input 36: port 5, index 2, sparse_out 54, out 54
Routing outputs for input 36: port 5, index 2, sparse_out 55, out 55
Routing outputs for input 36: port 5, index 2, sparse_out 56, out 56
Routing outputs for input 36: port 5, index 2, sparse_out 57, out 57
Routing outputs for input 36: port 5, index 2, sparse_out 58, out 58
Routing outputs for input 36: port 5, index 2, sparse_out 59, out 59
Routing outputs for input 36: port 5, index 2, sparse_out 60, out 60
Routing outputs for input 36: port 5, index 2, sparse_out 61, out 61
Routing outputs for input 36: port 5, index 2, sparse_out 62, out 62
Routing outputs for input 36: port 5, index 2, sparse_out 63, out 63
Routing outputs for input 37: port 5, index 3, sparse_port_access_granularity 1
Routing outputs for input 37: port 5, index 3, sparse_out 0, out 0
Routing outputs for input 37: port 5, index 3, sparse_out 1, out 1
Routing outputs for input 37: port 5, index 3, sparse_out 2, out 2
Routing outputs for input 37: port 5, index 3, sparse_out 3, out 3
Routing outputs for input 37: port 5, index 3, sparse_out 4, out 4
Routing outputs for input 37: port 5, index 3, sparse_out 5, out 5
Routing outputs for input 37: port 5, index 3, sparse_out 6, out 6
Routing outputs for input 37: port 5, index 3, sparse_out 7, out 7
Routing outputs for input 37: port 5, index 3, sparse_out 8, out 8
Routing outputs for input 37: port 5, index 3, sparse_out 9, out 9
Routing outputs for input 37: port 5, index 3, sparse_out 10, out 10
Routing outputs for input 37: port 5, index 3, sparse_out 11, out 11
Routing outputs for input 37: port 5, index 3, sparse_out 12, out 12
Routing outputs for input 37: port 5, index 3, sparse_out 13, out 13
Routing outputs for input 37: port 5, index 3, sparse_out 14, out 14
Routing outputs for input 37: port 5, index 3, sparse_out 15, out 15
Routing outputs for input 37: port 5, index 3, sparse_out 16, out 16
Routing outputs for input 37: port 5, index 3, sparse_out 17, out 17
Routing outputs for input 37: port 5, index 3, sparse_out 18, out 18
Routing outputs for input 37: port 5, index 3, sparse_out 19, out 19
Routing outputs for input 37: port 5, index 3, sparse_out 20, out 20
Routing outputs for input 37: port 5, index 3, sparse_out 21, out 21
Routing outputs for input 37: port 5, index 3, sparse_out 22, out 22
Routing outputs for input 37: port 5, index 3, sparse_out 23, out 23
Routing outputs for input 37: port 5, index 3, sparse_out 24, out 24
Routing outputs for input 37: port 5, index 3, sparse_out 25, out 25
Routing outputs for input 37: port 5, index 3, sparse_out 26, out 26
Routing outputs for input 37: port 5, index 3, sparse_out 27, out 27
Routing outputs for input 37: port 5, index 3, sparse_out 28, out 28
Routing outputs for input 37: port 5, index 3, sparse_out 29, out 29
Routing outputs for input 37: port 5, index 3, sparse_out 30, out 30
Routing outputs for input 37: port 5, index 3, sparse_out 31, out 31
Routing outputs for input 37: port 5, index 3, sparse_out 32, out 32
Routing outputs for input 37: port 5, index 3, sparse_out 33, out 33
Routing outputs for input 37: port 5, index 3, sparse_out 34, out 34
Routing outputs for input 37: port 5, index 3, sparse_out 35, out 35
Routing outputs for input 37: port 5, index 3, sparse_out 36, out 36
Routing outputs for input 37: port 5, index 3, sparse_out 37, out 37
Routing outputs for input 37: port 5, index 3, sparse_out 38, out 38
Routing outputs for input 37: port 5, index 3, sparse_out 39, out 39
Routing outputs for input 37: port 5, index 3, sparse_out 40, out 40
Routing outputs for input 37: port 5, index 3, sparse_out 41, out 41
Routing outputs for input 37: port 5, index 3, sparse_out 42, out 42
Routing outputs for input 37: port 5, index 3, sparse_out 43, out 43
Routing outputs for input 37: port 5, index 3, sparse_out 44, out 44
Routing outputs for input 37: port 5, index 3, sparse_out 45, out 45
Routing outputs for input 37: port 5, index 3, sparse_out 46, out 46
Routing outputs for input 37: port 5, index 3, sparse_out 47, out 47
Routing outputs for input 37: port 5, index 3, sparse_out 48, out 48
Routing outputs for input 37: port 5, index 3, sparse_out 49, out 49
Routing outputs for input 37: port 5, index 3, sparse_out 50, out 50
Routing outputs for input 37: port 5, index 3, sparse_out 51, out 51
Routing outputs for input 37: port 5, index 3, sparse_out 52, out 52
Routing outputs for input 37: port 5, index 3, sparse_out 53, out 53
Routing outputs for input 37: port 5, index 3, sparse_out 54, out 54
Routing outputs for input 37: port 5, index 3, sparse_out 55, out 55
Routing outputs for input 37: port 5, index 3, sparse_out 56, out 56
Routing outputs for input 37: port 5, index 3, sparse_out 57, out 57
Routing outputs for input 37: port 5, index 3, sparse_out 58, out 58
Routing outputs for input 37: port 5, index 3, sparse_out 59, out 59
Routing outputs for input 37: port 5, index 3, sparse_out 60, out 60
Routing outputs for input 37: port 5, index 3, sparse_out 61, out 61
Routing outputs for input 37: port 5, index 3, sparse_out 62, out 62
Routing outputs for input 37: port 5, index 3, sparse_out 63, out 63
Routing outputs for input 38: port 5, index 4, sparse_port_access_granularity 1
Routing outputs for input 38: port 5, index 4, sparse_out 0, out 0
Routing outputs for input 38: port 5, index 4, sparse_out 1, out 1
Routing outputs for input 38: port 5, index 4, sparse_out 2, out 2
Routing outputs for input 38: port 5, index 4, sparse_out 3, out 3
Routing outputs for input 38: port 5, index 4, sparse_out 4, out 4
Routing outputs for input 38: port 5, index 4, sparse_out 5, out 5
Routing outputs for input 38: port 5, index 4, sparse_out 6, out 6
Routing outputs for input 38: port 5, index 4, sparse_out 7, out 7
Routing outputs for input 38: port 5, index 4, sparse_out 8, out 8
Routing outputs for input 38: port 5, index 4, sparse_out 9, out 9
Routing outputs for input 38: port 5, index 4, sparse_out 10, out 10
Routing outputs for input 38: port 5, index 4, sparse_out 11, out 11
Routing outputs for input 38: port 5, index 4, sparse_out 12, out 12
Routing outputs for input 38: port 5, index 4, sparse_out 13, out 13
Routing outputs for input 38: port 5, index 4, sparse_out 14, out 14
Routing outputs for input 38: port 5, index 4, sparse_out 15, out 15
Routing outputs for input 38: port 5, index 4, sparse_out 16, out 16
Routing outputs for input 38: port 5, index 4, sparse_out 17, out 17
Routing outputs for input 38: port 5, index 4, sparse_out 18, out 18
Routing outputs for input 38: port 5, index 4, sparse_out 19, out 19
Routing outputs for input 38: port 5, index 4, sparse_out 20, out 20
Routing outputs for input 38: port 5, index 4, sparse_out 21, out 21
Routing outputs for input 38: port 5, index 4, sparse_out 22, out 22
Routing outputs for input 38: port 5, index 4, sparse_out 23, out 23
Routing outputs for input 38: port 5, index 4, sparse_out 24, out 24
Routing outputs for input 38: port 5, index 4, sparse_out 25, out 25
Routing outputs for input 38: port 5, index 4, sparse_out 26, out 26
Routing outputs for input 38: port 5, index 4, sparse_out 27, out 27
Routing outputs for input 38: port 5, index 4, sparse_out 28, out 28
Routing outputs for input 38: port 5, index 4, sparse_out 29, out 29
Routing outputs for input 38: port 5, index 4, sparse_out 30, out 30
Routing outputs for input 38: port 5, index 4, sparse_out 31, out 31
Routing outputs for input 38: port 5, index 4, sparse_out 32, out 32
Routing outputs for input 38: port 5, index 4, sparse_out 33, out 33
Routing outputs for input 38: port 5, index 4, sparse_out 34, out 34
Routing outputs for input 38: port 5, index 4, sparse_out 35, out 35
Routing outputs for input 38: port 5, index 4, sparse_out 36, out 36
Routing outputs for input 38: port 5, index 4, sparse_out 37, out 37
Routing outputs for input 38: port 5, index 4, sparse_out 38, out 38
Routing outputs for input 38: port 5, index 4, sparse_out 39, out 39
Routing outputs for input 38: port 5, index 4, sparse_out 40, out 40
Routing outputs for input 38: port 5, index 4, sparse_out 41, out 41
Routing outputs for input 38: port 5, index 4, sparse_out 42, out 42
Routing outputs for input 38: port 5, index 4, sparse_out 43, out 43
Routing outputs for input 38: port 5, index 4, sparse_out 44, out 44
Routing outputs for input 38: port 5, index 4, sparse_out 45, out 45
Routing outputs for input 38: port 5, index 4, sparse_out 46, out 46
Routing outputs for input 38: port 5, index 4, sparse_out 47, out 47
Routing outputs for input 38: port 5, index 4, sparse_out 48, out 48
Routing outputs for input 38: port 5, index 4, sparse_out 49, out 49
Routing outputs for input 38: port 5, index 4, sparse_out 50, out 50
Routing outputs for input 38: port 5, index 4, sparse_out 51, out 51
Routing outputs for input 38: port 5, index 4, sparse_out 52, out 52
Routing outputs for input 38: port 5, index 4, sparse_out 53, out 53
Routing outputs for input 38: port 5, index 4, sparse_out 54, out 54
Routing outputs for input 38: port 5, index 4, sparse_out 55, out 55
Routing outputs for input 38: port 5, index 4, sparse_out 56, out 56
Routing outputs for input 38: port 5, index 4, sparse_out 57, out 57
Routing outputs for input 38: port 5, index 4, sparse_out 58, out 58
Routing outputs for input 38: port 5, index 4, sparse_out 59, out 59
Routing outputs for input 38: port 5, index 4, sparse_out 60, out 60
Routing outputs for input 38: port 5, index 4, sparse_out 61, out 61
Routing outputs for input 38: port 5, index 4, sparse_out 62, out 62
Routing outputs for input 38: port 5, index 4, sparse_out 63, out 63
Routing outputs for input 39: port 5, index 5, sparse_port_access_granularity 1
Routing outputs for input 39: port 5, index 5, sparse_out 0, out 0
Routing outputs for input 39: port 5, index 5, sparse_out 1, out 1
Routing outputs for input 39: port 5, index 5, sparse_out 2, out 2
Routing outputs for input 39: port 5, index 5, sparse_out 3, out 3
Routing outputs for input 39: port 5, index 5, sparse_out 4, out 4
Routing outputs for input 39: port 5, index 5, sparse_out 5, out 5
Routing outputs for input 39: port 5, index 5, sparse_out 6, out 6
Routing outputs for input 39: port 5, index 5, sparse_out 7, out 7
Routing outputs for input 39: port 5, index 5, sparse_out 8, out 8
Routing outputs for input 39: port 5, index 5, sparse_out 9, out 9
Routing outputs for input 39: port 5, index 5, sparse_out 10, out 10
Routing outputs for input 39: port 5, index 5, sparse_out 11, out 11
Routing outputs for input 39: port 5, index 5, sparse_out 12, out 12
Routing outputs for input 39: port 5, index 5, sparse_out 13, out 13
Routing outputs for input 39: port 5, index 5, sparse_out 14, out 14
Routing outputs for input 39: port 5, index 5, sparse_out 15, out 15
Routing outputs for input 39: port 5, index 5, sparse_out 16, out 16
Routing outputs for input 39: port 5, index 5, sparse_out 17, out 17
Routing outputs for input 39: port 5, index 5, sparse_out 18, out 18
Routing outputs for input 39: port 5, index 5, sparse_out 19, out 19
Routing outputs for input 39: port 5, index 5, sparse_out 20, out 20
Routing outputs for input 39: port 5, index 5, sparse_out 21, out 21
Routing outputs for input 39: port 5, index 5, sparse_out 22, out 22
Routing outputs for input 39: port 5, index 5, sparse_out 23, out 23
Routing outputs for input 39: port 5, index 5, sparse_out 24, out 24
Routing outputs for input 39: port 5, index 5, sparse_out 25, out 25
Routing outputs for input 39: port 5, index 5, sparse_out 26, out 26
Routing outputs for input 39: port 5, index 5, sparse_out 27, out 27
Routing outputs for input 39: port 5, index 5, sparse_out 28, out 28
Routing outputs for input 39: port 5, index 5, sparse_out 29, out 29
Routing outputs for input 39: port 5, index 5, sparse_out 30, out 30
Routing outputs for input 39: port 5, index 5, sparse_out 31, out 31
Routing outputs for input 39: port 5, index 5, sparse_out 32, out 32
Routing outputs for input 39: port 5, index 5, sparse_out 33, out 33
Routing outputs for input 39: port 5, index 5, sparse_out 34, out 34
Routing outputs for input 39: port 5, index 5, sparse_out 35, out 35
Routing outputs for input 39: port 5, index 5, sparse_out 36, out 36
Routing outputs for input 39: port 5, index 5, sparse_out 37, out 37
Routing outputs for input 39: port 5, index 5, sparse_out 38, out 38
Routing outputs for input 39: port 5, index 5, sparse_out 39, out 39
Routing outputs for input 39: port 5, index 5, sparse_out 40, out 40
Routing outputs for input 39: port 5, index 5, sparse_out 41, out 41
Routing outputs for input 39: port 5, index 5, sparse_out 42, out 42
Routing outputs for input 39: port 5, index 5, sparse_out 43, out 43
Routing outputs for input 39: port 5, index 5, sparse_out 44, out 44
Routing outputs for input 39: port 5, index 5, sparse_out 45, out 45
Routing outputs for input 39: port 5, index 5, sparse_out 46, out 46
Routing outputs for input 39: port 5, index 5, sparse_out 47, out 47
Routing outputs for input 39: port 5, index 5, sparse_out 48, out 48
Routing outputs for input 39: port 5, index 5, sparse_out 49, out 49
Routing outputs for input 39: port 5, index 5, sparse_out 50, out 50
Routing outputs for input 39: port 5, index 5, sparse_out 51, out 51
Routing outputs for input 39: port 5, index 5, sparse_out 52, out 52
Routing outputs for input 39: port 5, index 5, sparse_out 53, out 53
Routing outputs for input 39: port 5, index 5, sparse_out 54, out 54
Routing outputs for input 39: port 5, index 5, sparse_out 55, out 55
Routing outputs for input 39: port 5, index 5, sparse_out 56, out 56
Routing outputs for input 39: port 5, index 5, sparse_out 57, out 57
Routing outputs for input 39: port 5, index 5, sparse_out 58, out 58
Routing outputs for input 39: port 5, index 5, sparse_out 59, out 59
Routing outputs for input 39: port 5, index 5, sparse_out 60, out 60
Routing outputs for input 39: port 5, index 5, sparse_out 61, out 61
Routing outputs for input 39: port 5, index 5, sparse_out 62, out 62
Routing outputs for input 39: port 5, index 5, sparse_out 63, out 63
Routing outputs for input 40: port 5, index 6, sparse_port_access_granularity 1
Routing outputs for input 40: port 5, index 6, sparse_out 0, out 0
Routing outputs for input 40: port 5, index 6, sparse_out 1, out 1
Routing outputs for input 40: port 5, index 6, sparse_out 2, out 2
Routing outputs for input 40: port 5, index 6, sparse_out 3, out 3
Routing outputs for input 40: port 5, index 6, sparse_out 4, out 4
Routing outputs for input 40: port 5, index 6, sparse_out 5, out 5
Routing outputs for input 40: port 5, index 6, sparse_out 6, out 6
Routing outputs for input 40: port 5, index 6, sparse_out 7, out 7
Routing outputs for input 40: port 5, index 6, sparse_out 8, out 8
Routing outputs for input 40: port 5, index 6, sparse_out 9, out 9
Routing outputs for input 40: port 5, index 6, sparse_out 10, out 10
Routing outputs for input 40: port 5, index 6, sparse_out 11, out 11
Routing outputs for input 40: port 5, index 6, sparse_out 12, out 12
Routing outputs for input 40: port 5, index 6, sparse_out 13, out 13
Routing outputs for input 40: port 5, index 6, sparse_out 14, out 14
Routing outputs for input 40: port 5, index 6, sparse_out 15, out 15
Routing outputs for input 40: port 5, index 6, sparse_out 16, out 16
Routing outputs for input 40: port 5, index 6, sparse_out 17, out 17
Routing outputs for input 40: port 5, index 6, sparse_out 18, out 18
Routing outputs for input 40: port 5, index 6, sparse_out 19, out 19
Routing outputs for input 40: port 5, index 6, sparse_out 20, out 20
Routing outputs for input 40: port 5, index 6, sparse_out 21, out 21
Routing outputs for input 40: port 5, index 6, sparse_out 22, out 22
Routing outputs for input 40: port 5, index 6, sparse_out 23, out 23
Routing outputs for input 40: port 5, index 6, sparse_out 24, out 24
Routing outputs for input 40: port 5, index 6, sparse_out 25, out 25
Routing outputs for input 40: port 5, index 6, sparse_out 26, out 26
Routing outputs for input 40: port 5, index 6, sparse_out 27, out 27
Routing outputs for input 40: port 5, index 6, sparse_out 28, out 28
Routing outputs for input 40: port 5, index 6, sparse_out 29, out 29
Routing outputs for input 40: port 5, index 6, sparse_out 30, out 30
Routing outputs for input 40: port 5, index 6, sparse_out 31, out 31
Routing outputs for input 40: port 5, index 6, sparse_out 32, out 32
Routing outputs for input 40: port 5, index 6, sparse_out 33, out 33
Routing outputs for input 40: port 5, index 6, sparse_out 34, out 34
Routing outputs for input 40: port 5, index 6, sparse_out 35, out 35
Routing outputs for input 40: port 5, index 6, sparse_out 36, out 36
Routing outputs for input 40: port 5, index 6, sparse_out 37, out 37
Routing outputs for input 40: port 5, index 6, sparse_out 38, out 38
Routing outputs for input 40: port 5, index 6, sparse_out 39, out 39
Routing outputs for input 40: port 5, index 6, sparse_out 40, out 40
Routing outputs for input 40: port 5, index 6, sparse_out 41, out 41
Routing outputs for input 40: port 5, index 6, sparse_out 42, out 42
Routing outputs for input 40: port 5, index 6, sparse_out 43, out 43
Routing outputs for input 40: port 5, index 6, sparse_out 44, out 44
Routing outputs for input 40: port 5, index 6, sparse_out 45, out 45
Routing outputs for input 40: port 5, index 6, sparse_out 46, out 46
Routing outputs for input 40: port 5, index 6, sparse_out 47, out 47
Routing outputs for input 40: port 5, index 6, sparse_out 48, out 48
Routing outputs for input 40: port 5, index 6, sparse_out 49, out 49
Routing outputs for input 40: port 5, index 6, sparse_out 50, out 50
Routing outputs for input 40: port 5, index 6, sparse_out 51, out 51
Routing outputs for input 40: port 5, index 6, sparse_out 52, out 52
Routing outputs for input 40: port 5, index 6, sparse_out 53, out 53
Routing outputs for input 40: port 5, index 6, sparse_out 54, out 54
Routing outputs for input 40: port 5, index 6, sparse_out 55, out 55
Routing outputs for input 40: port 5, index 6, sparse_out 56, out 56
Routing outputs for input 40: port 5, index 6, sparse_out 57, out 57
Routing outputs for input 40: port 5, index 6, sparse_out 58, out 58
Routing outputs for input 40: port 5, index 6, sparse_out 59, out 59
Routing outputs for input 40: port 5, index 6, sparse_out 60, out 60
Routing outputs for input 40: port 5, index 6, sparse_out 61, out 61
Routing outputs for input 40: port 5, index 6, sparse_out 62, out 62
Routing outputs for input 40: port 5, index 6, sparse_out 63, out 63
Routing outputs for input 41: port 5, index 7, sparse_port_access_granularity 1
Routing outputs for input 41: port 5, index 7, sparse_out 0, out 0
Routing outputs for input 41: port 5, index 7, sparse_out 1, out 1
Routing outputs for input 41: port 5, index 7, sparse_out 2, out 2
Routing outputs for input 41: port 5, index 7, sparse_out 3, out 3
Routing outputs for input 41: port 5, index 7, sparse_out 4, out 4
Routing outputs for input 41: port 5, index 7, sparse_out 5, out 5
Routing outputs for input 41: port 5, index 7, sparse_out 6, out 6
Routing outputs for input 41: port 5, index 7, sparse_out 7, out 7
Routing outputs for input 41: port 5, index 7, sparse_out 8, out 8
Routing outputs for input 41: port 5, index 7, sparse_out 9, out 9
Routing outputs for input 41: port 5, index 7, sparse_out 10, out 10
Routing outputs for input 41: port 5, index 7, sparse_out 11, out 11
Routing outputs for input 41: port 5, index 7, sparse_out 12, out 12
Routing outputs for input 41: port 5, index 7, sparse_out 13, out 13
Routing outputs for input 41: port 5, index 7, sparse_out 14, out 14
Routing outputs for input 41: port 5, index 7, sparse_out 15, out 15
Routing outputs for input 41: port 5, index 7, sparse_out 16, out 16
Routing outputs for input 41: port 5, index 7, sparse_out 17, out 17
Routing outputs for input 41: port 5, index 7, sparse_out 18, out 18
Routing outputs for input 41: port 5, index 7, sparse_out 19, out 19
Routing outputs for input 41: port 5, index 7, sparse_out 20, out 20
Routing outputs for input 41: port 5, index 7, sparse_out 21, out 21
Routing outputs for input 41: port 5, index 7, sparse_out 22, out 22
Routing outputs for input 41: port 5, index 7, sparse_out 23, out 23
Routing outputs for input 41: port 5, index 7, sparse_out 24, out 24
Routing outputs for input 41: port 5, index 7, sparse_out 25, out 25
Routing outputs for input 41: port 5, index 7, sparse_out 26, out 26
Routing outputs for input 41: port 5, index 7, sparse_out 27, out 27
Routing outputs for input 41: port 5, index 7, sparse_out 28, out 28
Routing outputs for input 41: port 5, index 7, sparse_out 29, out 29
Routing outputs for input 41: port 5, index 7, sparse_out 30, out 30
Routing outputs for input 41: port 5, index 7, sparse_out 31, out 31
Routing outputs for input 41: port 5, index 7, sparse_out 32, out 32
Routing outputs for input 41: port 5, index 7, sparse_out 33, out 33
Routing outputs for input 41: port 5, index 7, sparse_out 34, out 34
Routing outputs for input 41: port 5, index 7, sparse_out 35, out 35
Routing outputs for input 41: port 5, index 7, sparse_out 36, out 36
Routing outputs for input 41: port 5, index 7, sparse_out 37, out 37
Routing outputs for input 41: port 5, index 7, sparse_out 38, out 38
Routing outputs for input 41: port 5, index 7, sparse_out 39, out 39
Routing outputs for input 41: port 5, index 7, sparse_out 40, out 40
Routing outputs for input 41: port 5, index 7, sparse_out 41, out 41
Routing outputs for input 41: port 5, index 7, sparse_out 42, out 42
Routing outputs for input 41: port 5, index 7, sparse_out 43, out 43
Routing outputs for input 41: port 5, index 7, sparse_out 44, out 44
Routing outputs for input 41: port 5, index 7, sparse_out 45, out 45
Routing outputs for input 41: port 5, index 7, sparse_out 46, out 46
Routing outputs for input 41: port 5, index 7, sparse_out 47, out 47
Routing outputs for input 41: port 5, index 7, sparse_out 48, out 48
Routing outputs for input 41: port 5, index 7, sparse_out 49, out 49
Routing outputs for input 41: port 5, index 7, sparse_out 50, out 50
Routing outputs for input 41: port 5, index 7, sparse_out 51, out 51
Routing outputs for input 41: port 5, index 7, sparse_out 52, out 52
Routing outputs for input 41: port 5, index 7, sparse_out 53, out 53
Routing outputs for input 41: port 5, index 7, sparse_out 54, out 54
Routing outputs for input 41: port 5, index 7, sparse_out 55, out 55
Routing outputs for input 41: port 5, index 7, sparse_out 56, out 56
Routing outputs for input 41: port 5, index 7, sparse_out 57, out 57
Routing outputs for input 41: port 5, index 7, sparse_out 58, out 58
Routing outputs for input 41: port 5, index 7, sparse_out 59, out 59
Routing outputs for input 41: port 5, index 7, sparse_out 60, out 60
Routing outputs for input 41: port 5, index 7, sparse_out 61, out 61
Routing outputs for input 41: port 5, index 7, sparse_out 62, out 62
Routing outputs for input 41: port 5, index 7, sparse_out 63, out 63
Routing outputs for input 42: port 5, index 8, sparse_port_access_granularity 1
Routing outputs for input 42: port 5, index 8, sparse_out 0, out 0
Routing outputs for input 42: port 5, index 8, sparse_out 1, out 1
Routing outputs for input 42: port 5, index 8, sparse_out 2, out 2
Routing outputs for input 42: port 5, index 8, sparse_out 3, out 3
Routing outputs for input 42: port 5, index 8, sparse_out 4, out 4
Routing outputs for input 42: port 5, index 8, sparse_out 5, out 5
Routing outputs for input 42: port 5, index 8, sparse_out 6, out 6
Routing outputs for input 42: port 5, index 8, sparse_out 7, out 7
Routing outputs for input 42: port 5, index 8, sparse_out 8, out 8
Routing outputs for input 42: port 5, index 8, sparse_out 9, out 9
Routing outputs for input 42: port 5, index 8, sparse_out 10, out 10
Routing outputs for input 42: port 5, index 8, sparse_out 11, out 11
Routing outputs for input 42: port 5, index 8, sparse_out 12, out 12
Routing outputs for input 42: port 5, index 8, sparse_out 13, out 13
Routing outputs for input 42: port 5, index 8, sparse_out 14, out 14
Routing outputs for input 42: port 5, index 8, sparse_out 15, out 15
Routing outputs for input 42: port 5, index 8, sparse_out 16, out 16
Routing outputs for input 42: port 5, index 8, sparse_out 17, out 17
Routing outputs for input 42: port 5, index 8, sparse_out 18, out 18
Routing outputs for input 42: port 5, index 8, sparse_out 19, out 19
Routing outputs for input 42: port 5, index 8, sparse_out 20, out 20
Routing outputs for input 42: port 5, index 8, sparse_out 21, out 21
Routing outputs for input 42: port 5, index 8, sparse_out 22, out 22
Routing outputs for input 42: port 5, index 8, sparse_out 23, out 23
Routing outputs for input 42: port 5, index 8, sparse_out 24, out 24
Routing outputs for input 42: port 5, index 8, sparse_out 25, out 25
Routing outputs for input 42: port 5, index 8, sparse_out 26, out 26
Routing outputs for input 42: port 5, index 8, sparse_out 27, out 27
Routing outputs for input 42: port 5, index 8, sparse_out 28, out 28
Routing outputs for input 42: port 5, index 8, sparse_out 29, out 29
Routing outputs for input 42: port 5, index 8, sparse_out 30, out 30
Routing outputs for input 42: port 5, index 8, sparse_out 31, out 31
Routing outputs for input 42: port 5, index 8, sparse_out 32, out 32
Routing outputs for input 42: port 5, index 8, sparse_out 33, out 33
Routing outputs for input 42: port 5, index 8, sparse_out 34, out 34
Routing outputs for input 42: port 5, index 8, sparse_out 35, out 35
Routing outputs for input 42: port 5, index 8, sparse_out 36, out 36
Routing outputs for input 42: port 5, index 8, sparse_out 37, out 37
Routing outputs for input 42: port 5, index 8, sparse_out 38, out 38
Routing outputs for input 42: port 5, index 8, sparse_out 39, out 39
Routing outputs for input 42: port 5, index 8, sparse_out 40, out 40
Routing outputs for input 42: port 5, index 8, sparse_out 41, out 41
Routing outputs for input 42: port 5, index 8, sparse_out 42, out 42
Routing outputs for input 42: port 5, index 8, sparse_out 43, out 43
Routing outputs for input 42: port 5, index 8, sparse_out 44, out 44
Routing outputs for input 42: port 5, index 8, sparse_out 45, out 45
Routing outputs for input 42: port 5, index 8, sparse_out 46, out 46
Routing outputs for input 42: port 5, index 8, sparse_out 47, out 47
Routing outputs for input 42: port 5, index 8, sparse_out 48, out 48
Routing outputs for input 42: port 5, index 8, sparse_out 49, out 49
Routing outputs for input 42: port 5, index 8, sparse_out 50, out 50
Routing outputs for input 42: port 5, index 8, sparse_out 51, out 51
Routing outputs for input 42: port 5, index 8, sparse_out 52, out 52
Routing outputs for input 42: port 5, index 8, sparse_out 53, out 53
Routing outputs for input 42: port 5, index 8, sparse_out 54, out 54
Routing outputs for input 42: port 5, index 8, sparse_out 55, out 55
Routing outputs for input 42: port 5, index 8, sparse_out 56, out 56
Routing outputs for input 42: port 5, index 8, sparse_out 57, out 57
Routing outputs for input 42: port 5, index 8, sparse_out 58, out 58
Routing outputs for input 42: port 5, index 8, sparse_out 59, out 59
Routing outputs for input 42: port 5, index 8, sparse_out 60, out 60
Routing outputs for input 42: port 5, index 8, sparse_out 61, out 61
Routing outputs for input 42: port 5, index 8, sparse_out 62, out 62
Routing outputs for input 42: port 5, index 8, sparse_out 63, out 63
Routing outputs for input 43: port 5, index 9, sparse_port_access_granularity 1
Routing outputs for input 43: port 5, index 9, sparse_out 0, out 0
Routing outputs for input 43: port 5, index 9, sparse_out 1, out 1
Routing outputs for input 43: port 5, index 9, sparse_out 2, out 2
Routing outputs for input 43: port 5, index 9, sparse_out 3, out 3
Routing outputs for input 43: port 5, index 9, sparse_out 4, out 4
Routing outputs for input 43: port 5, index 9, sparse_out 5, out 5
Routing outputs for input 43: port 5, index 9, sparse_out 6, out 6
Routing outputs for input 43: port 5, index 9, sparse_out 7, out 7
Routing outputs for input 43: port 5, index 9, sparse_out 8, out 8
Routing outputs for input 43: port 5, index 9, sparse_out 9, out 9
Routing outputs for input 43: port 5, index 9, sparse_out 10, out 10
Routing outputs for input 43: port 5, index 9, sparse_out 11, out 11
Routing outputs for input 43: port 5, index 9, sparse_out 12, out 12
Routing outputs for input 43: port 5, index 9, sparse_out 13, out 13
Routing outputs for input 43: port 5, index 9, sparse_out 14, out 14
Routing outputs for input 43: port 5, index 9, sparse_out 15, out 15
Routing outputs for input 43: port 5, index 9, sparse_out 16, out 16
Routing outputs for input 43: port 5, index 9, sparse_out 17, out 17
Routing outputs for input 43: port 5, index 9, sparse_out 18, out 18
Routing outputs for input 43: port 5, index 9, sparse_out 19, out 19
Routing outputs for input 43: port 5, index 9, sparse_out 20, out 20
Routing outputs for input 43: port 5, index 9, sparse_out 21, out 21
Routing outputs for input 43: port 5, index 9, sparse_out 22, out 22
Routing outputs for input 43: port 5, index 9, sparse_out 23, out 23
Routing outputs for input 43: port 5, index 9, sparse_out 24, out 24
Routing outputs for input 43: port 5, index 9, sparse_out 25, out 25
Routing outputs for input 43: port 5, index 9, sparse_out 26, out 26
Routing outputs for input 43: port 5, index 9, sparse_out 27, out 27
Routing outputs for input 43: port 5, index 9, sparse_out 28, out 28
Routing outputs for input 43: port 5, index 9, sparse_out 29, out 29
Routing outputs for input 43: port 5, index 9, sparse_out 30, out 30
Routing outputs for input 43: port 5, index 9, sparse_out 31, out 31
Routing outputs for input 43: port 5, index 9, sparse_out 32, out 32
Routing outputs for input 43: port 5, index 9, sparse_out 33, out 33
Routing outputs for input 43: port 5, index 9, sparse_out 34, out 34
Routing outputs for input 43: port 5, index 9, sparse_out 35, out 35
Routing outputs for input 43: port 5, index 9, sparse_out 36, out 36
Routing outputs for input 43: port 5, index 9, sparse_out 37, out 37
Routing outputs for input 43: port 5, index 9, sparse_out 38, out 38
Routing outputs for input 43: port 5, index 9, sparse_out 39, out 39
Routing outputs for input 43: port 5, index 9, sparse_out 40, out 40
Routing outputs for input 43: port 5, index 9, sparse_out 41, out 41
Routing outputs for input 43: port 5, index 9, sparse_out 42, out 42
Routing outputs for input 43: port 5, index 9, sparse_out 43, out 43
Routing outputs for input 43: port 5, index 9, sparse_out 44, out 44
Routing outputs for input 43: port 5, index 9, sparse_out 45, out 45
Routing outputs for input 43: port 5, index 9, sparse_out 46, out 46
Routing outputs for input 43: port 5, index 9, sparse_out 47, out 47
Routing outputs for input 43: port 5, index 9, sparse_out 48, out 48
Routing outputs for input 43: port 5, index 9, sparse_out 49, out 49
Routing outputs for input 43: port 5, index 9, sparse_out 50, out 50
Routing outputs for input 43: port 5, index 9, sparse_out 51, out 51
Routing outputs for input 43: port 5, index 9, sparse_out 52, out 52
Routing outputs for input 43: port 5, index 9, sparse_out 53, out 53
Routing outputs for input 43: port 5, index 9, sparse_out 54, out 54
Routing outputs for input 43: port 5, index 9, sparse_out 55, out 55
Routing outputs for input 43: port 5, index 9, sparse_out 56, out 56
Routing outputs for input 43: port 5, index 9, sparse_out 57, out 57
Routing outputs for input 43: port 5, index 9, sparse_out 58, out 58
Routing outputs for input 43: port 5, index 9, sparse_out 59, out 59
Routing outputs for input 43: port 5, index 9, sparse_out 60, out 60
Routing outputs for input 43: port 5, index 9, sparse_out 61, out 61
Routing outputs for input 43: port 5, index 9, sparse_out 62, out 62
Routing outputs for input 43: port 5, index 9, sparse_out 63, out 63
Routing outputs for input 44: port 5, index 10, sparse_port_access_granularity 1
Routing outputs for input 44: port 5, index 10, sparse_out 0, out 0
Routing outputs for input 44: port 5, index 10, sparse_out 1, out 1
Routing outputs for input 44: port 5, index 10, sparse_out 2, out 2
Routing outputs for input 44: port 5, index 10, sparse_out 3, out 3
Routing outputs for input 44: port 5, index 10, sparse_out 4, out 4
Routing outputs for input 44: port 5, index 10, sparse_out 5, out 5
Routing outputs for input 44: port 5, index 10, sparse_out 6, out 6
Routing outputs for input 44: port 5, index 10, sparse_out 7, out 7
Routing outputs for input 44: port 5, index 10, sparse_out 8, out 8
Routing outputs for input 44: port 5, index 10, sparse_out 9, out 9
Routing outputs for input 44: port 5, index 10, sparse_out 10, out 10
Routing outputs for input 44: port 5, index 10, sparse_out 11, out 11
Routing outputs for input 44: port 5, index 10, sparse_out 12, out 12
Routing outputs for input 44: port 5, index 10, sparse_out 13, out 13
Routing outputs for input 44: port 5, index 10, sparse_out 14, out 14
Routing outputs for input 44: port 5, index 10, sparse_out 15, out 15
Routing outputs for input 44: port 5, index 10, sparse_out 16, out 16
Routing outputs for input 44: port 5, index 10, sparse_out 17, out 17
Routing outputs for input 44: port 5, index 10, sparse_out 18, out 18
Routing outputs for input 44: port 5, index 10, sparse_out 19, out 19
Routing outputs for input 44: port 5, index 10, sparse_out 20, out 20
Routing outputs for input 44: port 5, index 10, sparse_out 21, out 21
Routing outputs for input 44: port 5, index 10, sparse_out 22, out 22
Routing outputs for input 44: port 5, index 10, sparse_out 23, out 23
Routing outputs for input 44: port 5, index 10, sparse_out 24, out 24
Routing outputs for input 44: port 5, index 10, sparse_out 25, out 25
Routing outputs for input 44: port 5, index 10, sparse_out 26, out 26
Routing outputs for input 44: port 5, index 10, sparse_out 27, out 27
Routing outputs for input 44: port 5, index 10, sparse_out 28, out 28
Routing outputs for input 44: port 5, index 10, sparse_out 29, out 29
Routing outputs for input 44: port 5, index 10, sparse_out 30, out 30
Routing outputs for input 44: port 5, index 10, sparse_out 31, out 31
Routing outputs for input 44: port 5, index 10, sparse_out 32, out 32
Routing outputs for input 44: port 5, index 10, sparse_out 33, out 33
Routing outputs for input 44: port 5, index 10, sparse_out 34, out 34
Routing outputs for input 44: port 5, index 10, sparse_out 35, out 35
Routing outputs for input 44: port 5, index 10, sparse_out 36, out 36
Routing outputs for input 44: port 5, index 10, sparse_out 37, out 37
Routing outputs for input 44: port 5, index 10, sparse_out 38, out 38
Routing outputs for input 44: port 5, index 10, sparse_out 39, out 39
Routing outputs for input 44: port 5, index 10, sparse_out 40, out 40
Routing outputs for input 44: port 5, index 10, sparse_out 41, out 41
Routing outputs for input 44: port 5, index 10, sparse_out 42, out 42
Routing outputs for input 44: port 5, index 10, sparse_out 43, out 43
Routing outputs for input 44: port 5, index 10, sparse_out 44, out 44
Routing outputs for input 44: port 5, index 10, sparse_out 45, out 45
Routing outputs for input 44: port 5, index 10, sparse_out 46, out 46
Routing outputs for input 44: port 5, index 10, sparse_out 47, out 47
Routing outputs for input 44: port 5, index 10, sparse_out 48, out 48
Routing outputs for input 44: port 5, index 10, sparse_out 49, out 49
Routing outputs for input 44: port 5, index 10, sparse_out 50, out 50
Routing outputs for input 44: port 5, index 10, sparse_out 51, out 51
Routing outputs for input 44: port 5, index 10, sparse_out 52, out 52
Routing outputs for input 44: port 5, index 10, sparse_out 53, out 53
Routing outputs for input 44: port 5, index 10, sparse_out 54, out 54
Routing outputs for input 44: port 5, index 10, sparse_out 55, out 55
Routing outputs for input 44: port 5, index 10, sparse_out 56, out 56
Routing outputs for input 44: port 5, index 10, sparse_out 57, out 57
Routing outputs for input 44: port 5, index 10, sparse_out 58, out 58
Routing outputs for input 44: port 5, index 10, sparse_out 59, out 59
Routing outputs for input 44: port 5, index 10, sparse_out 60, out 60
Routing outputs for input 44: port 5, index 10, sparse_out 61, out 61
Routing outputs for input 44: port 5, index 10, sparse_out 62, out 62
Routing outputs for input 44: port 5, index 10, sparse_out 63, out 63
Routing outputs for input 45: port 5, index 11, sparse_port_access_granularity 1
Routing outputs for input 45: port 5, index 11, sparse_out 0, out 0
Routing outputs for input 45: port 5, index 11, sparse_out 1, out 1
Routing outputs for input 45: port 5, index 11, sparse_out 2, out 2
Routing outputs for input 45: port 5, index 11, sparse_out 3, out 3
Routing outputs for input 45: port 5, index 11, sparse_out 4, out 4
Routing outputs for input 45: port 5, index 11, sparse_out 5, out 5
Routing outputs for input 45: port 5, index 11, sparse_out 6, out 6
Routing outputs for input 45: port 5, index 11, sparse_out 7, out 7
Routing outputs for input 45: port 5, index 11, sparse_out 8, out 8
Routing outputs for input 45: port 5, index 11, sparse_out 9, out 9
Routing outputs for input 45: port 5, index 11, sparse_out 10, out 10
Routing outputs for input 45: port 5, index 11, sparse_out 11, out 11
Routing outputs for input 45: port 5, index 11, sparse_out 12, out 12
Routing outputs for input 45: port 5, index 11, sparse_out 13, out 13
Routing outputs for input 45: port 5, index 11, sparse_out 14, out 14
Routing outputs for input 45: port 5, index 11, sparse_out 15, out 15
Routing outputs for input 45: port 5, index 11, sparse_out 16, out 16
Routing outputs for input 45: port 5, index 11, sparse_out 17, out 17
Routing outputs for input 45: port 5, index 11, sparse_out 18, out 18
Routing outputs for input 45: port 5, index 11, sparse_out 19, out 19
Routing outputs for input 45: port 5, index 11, sparse_out 20, out 20
Routing outputs for input 45: port 5, index 11, sparse_out 21, out 21
Routing outputs for input 45: port 5, index 11, sparse_out 22, out 22
Routing outputs for input 45: port 5, index 11, sparse_out 23, out 23
Routing outputs for input 45: port 5, index 11, sparse_out 24, out 24
Routing outputs for input 45: port 5, index 11, sparse_out 25, out 25
Routing outputs for input 45: port 5, index 11, sparse_out 26, out 26
Routing outputs for input 45: port 5, index 11, sparse_out 27, out 27
Routing outputs for input 45: port 5, index 11, sparse_out 28, out 28
Routing outputs for input 45: port 5, index 11, sparse_out 29, out 29
Routing outputs for input 45: port 5, index 11, sparse_out 30, out 30
Routing outputs for input 45: port 5, index 11, sparse_out 31, out 31
Routing outputs for input 45: port 5, index 11, sparse_out 32, out 32
Routing outputs for input 45: port 5, index 11, sparse_out 33, out 33
Routing outputs for input 45: port 5, index 11, sparse_out 34, out 34
Routing outputs for input 45: port 5, index 11, sparse_out 35, out 35
Routing outputs for input 45: port 5, index 11, sparse_out 36, out 36
Routing outputs for input 45: port 5, index 11, sparse_out 37, out 37
Routing outputs for input 45: port 5, index 11, sparse_out 38, out 38
Routing outputs for input 45: port 5, index 11, sparse_out 39, out 39
Routing outputs for input 45: port 5, index 11, sparse_out 40, out 40
Routing outputs for input 45: port 5, index 11, sparse_out 41, out 41
Routing outputs for input 45: port 5, index 11, sparse_out 42, out 42
Routing outputs for input 45: port 5, index 11, sparse_out 43, out 43
Routing outputs for input 45: port 5, index 11, sparse_out 44, out 44
Routing outputs for input 45: port 5, index 11, sparse_out 45, out 45
Routing outputs for input 45: port 5, index 11, sparse_out 46, out 46
Routing outputs for input 45: port 5, index 11, sparse_out 47, out 47
Routing outputs for input 45: port 5, index 11, sparse_out 48, out 48
Routing outputs for input 45: port 5, index 11, sparse_out 49, out 49
Routing outputs for input 45: port 5, index 11, sparse_out 50, out 50
Routing outputs for input 45: port 5, index 11, sparse_out 51, out 51
Routing outputs for input 45: port 5, index 11, sparse_out 52, out 52
Routing outputs for input 45: port 5, index 11, sparse_out 53, out 53
Routing outputs for input 45: port 5, index 11, sparse_out 54, out 54
Routing outputs for input 45: port 5, index 11, sparse_out 55, out 55
Routing outputs for input 45: port 5, index 11, sparse_out 56, out 56
Routing outputs for input 45: port 5, index 11, sparse_out 57, out 57
Routing outputs for input 45: port 5, index 11, sparse_out 58, out 58
Routing outputs for input 45: port 5, index 11, sparse_out 59, out 59
Routing outputs for input 45: port 5, index 11, sparse_out 60, out 60
Routing outputs for input 45: port 5, index 11, sparse_out 61, out 61
Routing outputs for input 45: port 5, index 11, sparse_out 62, out 62
Routing outputs for input 45: port 5, index 11, sparse_out 63, out 63
Routing outputs for input 46: port 5, index 12, sparse_port_access_granularity 1
Routing outputs for input 46: port 5, index 12, sparse_out 0, out 0
Routing outputs for input 46: port 5, index 12, sparse_out 1, out 1
Routing outputs for input 46: port 5, index 12, sparse_out 2, out 2
Routing outputs for input 46: port 5, index 12, sparse_out 3, out 3
Routing outputs for input 46: port 5, index 12, sparse_out 4, out 4
Routing outputs for input 46: port 5, index 12, sparse_out 5, out 5
Routing outputs for input 46: port 5, index 12, sparse_out 6, out 6
Routing outputs for input 46: port 5, index 12, sparse_out 7, out 7
Routing outputs for input 46: port 5, index 12, sparse_out 8, out 8
Routing outputs for input 46: port 5, index 12, sparse_out 9, out 9
Routing outputs for input 46: port 5, index 12, sparse_out 10, out 10
Routing outputs for input 46: port 5, index 12, sparse_out 11, out 11
Routing outputs for input 46: port 5, index 12, sparse_out 12, out 12
Routing outputs for input 46: port 5, index 12, sparse_out 13, out 13
Routing outputs for input 46: port 5, index 12, sparse_out 14, out 14
Routing outputs for input 46: port 5, index 12, sparse_out 15, out 15
Routing outputs for input 46: port 5, index 12, sparse_out 16, out 16
Routing outputs for input 46: port 5, index 12, sparse_out 17, out 17
Routing outputs for input 46: port 5, index 12, sparse_out 18, out 18
Routing outputs for input 46: port 5, index 12, sparse_out 19, out 19
Routing outputs for input 46: port 5, index 12, sparse_out 20, out 20
Routing outputs for input 46: port 5, index 12, sparse_out 21, out 21
Routing outputs for input 46: port 5, index 12, sparse_out 22, out 22
Routing outputs for input 46: port 5, index 12, sparse_out 23, out 23
Routing outputs for input 46: port 5, index 12, sparse_out 24, out 24
Routing outputs for input 46: port 5, index 12, sparse_out 25, out 25
Routing outputs for input 46: port 5, index 12, sparse_out 26, out 26
Routing outputs for input 46: port 5, index 12, sparse_out 27, out 27
Routing outputs for input 46: port 5, index 12, sparse_out 28, out 28
Routing outputs for input 46: port 5, index 12, sparse_out 29, out 29
Routing outputs for input 46: port 5, index 12, sparse_out 30, out 30
Routing outputs for input 46: port 5, index 12, sparse_out 31, out 31
Routing outputs for input 46: port 5, index 12, sparse_out 32, out 32
Routing outputs for input 46: port 5, index 12, sparse_out 33, out 33
Routing outputs for input 46: port 5, index 12, sparse_out 34, out 34
Routing outputs for input 46: port 5, index 12, sparse_out 35, out 35
Routing outputs for input 46: port 5, index 12, sparse_out 36, out 36
Routing outputs for input 46: port 5, index 12, sparse_out 37, out 37
Routing outputs for input 46: port 5, index 12, sparse_out 38, out 38
Routing outputs for input 46: port 5, index 12, sparse_out 39, out 39
Routing outputs for input 46: port 5, index 12, sparse_out 40, out 40
Routing outputs for input 46: port 5, index 12, sparse_out 41, out 41
Routing outputs for input 46: port 5, index 12, sparse_out 42, out 42
Routing outputs for input 46: port 5, index 12, sparse_out 43, out 43
Routing outputs for input 46: port 5, index 12, sparse_out 44, out 44
Routing outputs for input 46: port 5, index 12, sparse_out 45, out 45
Routing outputs for input 46: port 5, index 12, sparse_out 46, out 46
Routing outputs for input 46: port 5, index 12, sparse_out 47, out 47
Routing outputs for input 46: port 5, index 12, sparse_out 48, out 48
Routing outputs for input 46: port 5, index 12, sparse_out 49, out 49
Routing outputs for input 46: port 5, index 12, sparse_out 50, out 50
Routing outputs for input 46: port 5, index 12, sparse_out 51, out 51
Routing outputs for input 46: port 5, index 12, sparse_out 52, out 52
Routing outputs for input 46: port 5, index 12, sparse_out 53, out 53
Routing outputs for input 46: port 5, index 12, sparse_out 54, out 54
Routing outputs for input 46: port 5, index 12, sparse_out 55, out 55
Routing outputs for input 46: port 5, index 12, sparse_out 56, out 56
Routing outputs for input 46: port 5, index 12, sparse_out 57, out 57
Routing outputs for input 46: port 5, index 12, sparse_out 58, out 58
Routing outputs for input 46: port 5, index 12, sparse_out 59, out 59
Routing outputs for input 46: port 5, index 12, sparse_out 60, out 60
Routing outputs for input 46: port 5, index 12, sparse_out 61, out 61
Routing outputs for input 46: port 5, index 12, sparse_out 62, out 62
Routing outputs for input 46: port 5, index 12, sparse_out 63, out 63
Routing outputs for input 47: port 5, index 13, sparse_port_access_granularity 1
Routing outputs for input 47: port 5, index 13, sparse_out 0, out 0
Routing outputs for input 47: port 5, index 13, sparse_out 1, out 1
Routing outputs for input 47: port 5, index 13, sparse_out 2, out 2
Routing outputs for input 47: port 5, index 13, sparse_out 3, out 3
Routing outputs for input 47: port 5, index 13, sparse_out 4, out 4
Routing outputs for input 47: port 5, index 13, sparse_out 5, out 5
Routing outputs for input 47: port 5, index 13, sparse_out 6, out 6
Routing outputs for input 47: port 5, index 13, sparse_out 7, out 7
Routing outputs for input 47: port 5, index 13, sparse_out 8, out 8
Routing outputs for input 47: port 5, index 13, sparse_out 9, out 9
Routing outputs for input 47: port 5, index 13, sparse_out 10, out 10
Routing outputs for input 47: port 5, index 13, sparse_out 11, out 11
Routing outputs for input 47: port 5, index 13, sparse_out 12, out 12
Routing outputs for input 47: port 5, index 13, sparse_out 13, out 13
Routing outputs for input 47: port 5, index 13, sparse_out 14, out 14
Routing outputs for input 47: port 5, index 13, sparse_out 15, out 15
Routing outputs for input 47: port 5, index 13, sparse_out 16, out 16
Routing outputs for input 47: port 5, index 13, sparse_out 17, out 17
Routing outputs for input 47: port 5, index 13, sparse_out 18, out 18
Routing outputs for input 47: port 5, index 13, sparse_out 19, out 19
Routing outputs for input 47: port 5, index 13, sparse_out 20, out 20
Routing outputs for input 47: port 5, index 13, sparse_out 21, out 21
Routing outputs for input 47: port 5, index 13, sparse_out 22, out 22
Routing outputs for input 47: port 5, index 13, sparse_out 23, out 23
Routing outputs for input 47: port 5, index 13, sparse_out 24, out 24
Routing outputs for input 47: port 5, index 13, sparse_out 25, out 25
Routing outputs for input 47: port 5, index 13, sparse_out 26, out 26
Routing outputs for input 47: port 5, index 13, sparse_out 27, out 27
Routing outputs for input 47: port 5, index 13, sparse_out 28, out 28
Routing outputs for input 47: port 5, index 13, sparse_out 29, out 29
Routing outputs for input 47: port 5, index 13, sparse_out 30, out 30
Routing outputs for input 47: port 5, index 13, sparse_out 31, out 31
Routing outputs for input 47: port 5, index 13, sparse_out 32, out 32
Routing outputs for input 47: port 5, index 13, sparse_out 33, out 33
Routing outputs for input 47: port 5, index 13, sparse_out 34, out 34
Routing outputs for input 47: port 5, index 13, sparse_out 35, out 35
Routing outputs for input 47: port 5, index 13, sparse_out 36, out 36
Routing outputs for input 47: port 5, index 13, sparse_out 37, out 37
Routing outputs for input 47: port 5, index 13, sparse_out 38, out 38
Routing outputs for input 47: port 5, index 13, sparse_out 39, out 39
Routing outputs for input 47: port 5, index 13, sparse_out 40, out 40
Routing outputs for input 47: port 5, index 13, sparse_out 41, out 41
Routing outputs for input 47: port 5, index 13, sparse_out 42, out 42
Routing outputs for input 47: port 5, index 13, sparse_out 43, out 43
Routing outputs for input 47: port 5, index 13, sparse_out 44, out 44
Routing outputs for input 47: port 5, index 13, sparse_out 45, out 45
Routing outputs for input 47: port 5, index 13, sparse_out 46, out 46
Routing outputs for input 47: port 5, index 13, sparse_out 47, out 47
Routing outputs for input 47: port 5, index 13, sparse_out 48, out 48
Routing outputs for input 47: port 5, index 13, sparse_out 49, out 49
Routing outputs for input 47: port 5, index 13, sparse_out 50, out 50
Routing outputs for input 47: port 5, index 13, sparse_out 51, out 51
Routing outputs for input 47: port 5, index 13, sparse_out 52, out 52
Routing outputs for input 47: port 5, index 13, sparse_out 53, out 53
Routing outputs for input 47: port 5, index 13, sparse_out 54, out 54
Routing outputs for input 47: port 5, index 13, sparse_out 55, out 55
Routing outputs for input 47: port 5, index 13, sparse_out 56, out 56
Routing outputs for input 47: port 5, index 13, sparse_out 57, out 57
Routing outputs for input 47: port 5, index 13, sparse_out 58, out 58
Routing outputs for input 47: port 5, index 13, sparse_out 59, out 59
Routing outputs for input 47: port 5, index 13, sparse_out 60, out 60
Routing outputs for input 47: port 5, index 13, sparse_out 61, out 61
Routing outputs for input 47: port 5, index 13, sparse_out 62, out 62
Routing outputs for input 47: port 5, index 13, sparse_out 63, out 63
Routing outputs for input 48: port 5, index 14, sparse_port_access_granularity 1
Routing outputs for input 48: port 5, index 14, sparse_out 0, out 0
Routing outputs for input 48: port 5, index 14, sparse_out 1, out 1
Routing outputs for input 48: port 5, index 14, sparse_out 2, out 2
Routing outputs for input 48: port 5, index 14, sparse_out 3, out 3
Routing outputs for input 48: port 5, index 14, sparse_out 4, out 4
Routing outputs for input 48: port 5, index 14, sparse_out 5, out 5
Routing outputs for input 48: port 5, index 14, sparse_out 6, out 6
Routing outputs for input 48: port 5, index 14, sparse_out 7, out 7
Routing outputs for input 48: port 5, index 14, sparse_out 8, out 8
Routing outputs for input 48: port 5, index 14, sparse_out 9, out 9
Routing outputs for input 48: port 5, index 14, sparse_out 10, out 10
Routing outputs for input 48: port 5, index 14, sparse_out 11, out 11
Routing outputs for input 48: port 5, index 14, sparse_out 12, out 12
Routing outputs for input 48: port 5, index 14, sparse_out 13, out 13
Routing outputs for input 48: port 5, index 14, sparse_out 14, out 14
Routing outputs for input 48: port 5, index 14, sparse_out 15, out 15
Routing outputs for input 48: port 5, index 14, sparse_out 16, out 16
Routing outputs for input 48: port 5, index 14, sparse_out 17, out 17
Routing outputs for input 48: port 5, index 14, sparse_out 18, out 18
Routing outputs for input 48: port 5, index 14, sparse_out 19, out 19
Routing outputs for input 48: port 5, index 14, sparse_out 20, out 20
Routing outputs for input 48: port 5, index 14, sparse_out 21, out 21
Routing outputs for input 48: port 5, index 14, sparse_out 22, out 22
Routing outputs for input 48: port 5, index 14, sparse_out 23, out 23
Routing outputs for input 48: port 5, index 14, sparse_out 24, out 24
Routing outputs for input 48: port 5, index 14, sparse_out 25, out 25
Routing outputs for input 48: port 5, index 14, sparse_out 26, out 26
Routing outputs for input 48: port 5, index 14, sparse_out 27, out 27
Routing outputs for input 48: port 5, index 14, sparse_out 28, out 28
Routing outputs for input 48: port 5, index 14, sparse_out 29, out 29
Routing outputs for input 48: port 5, index 14, sparse_out 30, out 30
Routing outputs for input 48: port 5, index 14, sparse_out 31, out 31
Routing outputs for input 48: port 5, index 14, sparse_out 32, out 32
Routing outputs for input 48: port 5, index 14, sparse_out 33, out 33
Routing outputs for input 48: port 5, index 14, sparse_out 34, out 34
Routing outputs for input 48: port 5, index 14, sparse_out 35, out 35
Routing outputs for input 48: port 5, index 14, sparse_out 36, out 36
Routing outputs for input 48: port 5, index 14, sparse_out 37, out 37
Routing outputs for input 48: port 5, index 14, sparse_out 38, out 38
Routing outputs for input 48: port 5, index 14, sparse_out 39, out 39
Routing outputs for input 48: port 5, index 14, sparse_out 40, out 40
Routing outputs for input 48: port 5, index 14, sparse_out 41, out 41
Routing outputs for input 48: port 5, index 14, sparse_out 42, out 42
Routing outputs for input 48: port 5, index 14, sparse_out 43, out 43
Routing outputs for input 48: port 5, index 14, sparse_out 44, out 44
Routing outputs for input 48: port 5, index 14, sparse_out 45, out 45
Routing outputs for input 48: port 5, index 14, sparse_out 46, out 46
Routing outputs for input 48: port 5, index 14, sparse_out 47, out 47
Routing outputs for input 48: port 5, index 14, sparse_out 48, out 48
Routing outputs for input 48: port 5, index 14, sparse_out 49, out 49
Routing outputs for input 48: port 5, index 14, sparse_out 50, out 50
Routing outputs for input 48: port 5, index 14, sparse_out 51, out 51
Routing outputs for input 48: port 5, index 14, sparse_out 52, out 52
Routing outputs for input 48: port 5, index 14, sparse_out 53, out 53
Routing outputs for input 48: port 5, index 14, sparse_out 54, out 54
Routing outputs for input 48: port 5, index 14, sparse_out 55, out 55
Routing outputs for input 48: port 5, index 14, sparse_out 56, out 56
Routing outputs for input 48: port 5, index 14, sparse_out 57, out 57
Routing outputs for input 48: port 5, index 14, sparse_out 58, out 58
Routing outputs for input 48: port 5, index 14, sparse_out 59, out 59
Routing outputs for input 48: port 5, index 14, sparse_out 60, out 60
Routing outputs for input 48: port 5, index 14, sparse_out 61, out 61
Routing outputs for input 48: port 5, index 14, sparse_out 62, out 62
Routing outputs for input 48: port 5, index 14, sparse_out 63, out 63
Routing outputs for input 49: port 5, index 15, sparse_port_access_granularity 1
Routing outputs for input 49: port 5, index 15, sparse_out 0, out 0
Routing outputs for input 49: port 5, index 15, sparse_out 1, out 1
Routing outputs for input 49: port 5, index 15, sparse_out 2, out 2
Routing outputs for input 49: port 5, index 15, sparse_out 3, out 3
Routing outputs for input 49: port 5, index 15, sparse_out 4, out 4
Routing outputs for input 49: port 5, index 15, sparse_out 5, out 5
Routing outputs for input 49: port 5, index 15, sparse_out 6, out 6
Routing outputs for input 49: port 5, index 15, sparse_out 7, out 7
Routing outputs for input 49: port 5, index 15, sparse_out 8, out 8
Routing outputs for input 49: port 5, index 15, sparse_out 9, out 9
Routing outputs for input 49: port 5, index 15, sparse_out 10, out 10
Routing outputs for input 49: port 5, index 15, sparse_out 11, out 11
Routing outputs for input 49: port 5, index 15, sparse_out 12, out 12
Routing outputs for input 49: port 5, index 15, sparse_out 13, out 13
Routing outputs for input 49: port 5, index 15, sparse_out 14, out 14
Routing outputs for input 49: port 5, index 15, sparse_out 15, out 15
Routing outputs for input 49: port 5, index 15, sparse_out 16, out 16
Routing outputs for input 49: port 5, index 15, sparse_out 17, out 17
Routing outputs for input 49: port 5, index 15, sparse_out 18, out 18
Routing outputs for input 49: port 5, index 15, sparse_out 19, out 19
Routing outputs for input 49: port 5, index 15, sparse_out 20, out 20
Routing outputs for input 49: port 5, index 15, sparse_out 21, out 21
Routing outputs for input 49: port 5, index 15, sparse_out 22, out 22
Routing outputs for input 49: port 5, index 15, sparse_out 23, out 23
Routing outputs for input 49: port 5, index 15, sparse_out 24, out 24
Routing outputs for input 49: port 5, index 15, sparse_out 25, out 25
Routing outputs for input 49: port 5, index 15, sparse_out 26, out 26
Routing outputs for input 49: port 5, index 15, sparse_out 27, out 27
Routing outputs for input 49: port 5, index 15, sparse_out 28, out 28
Routing outputs for input 49: port 5, index 15, sparse_out 29, out 29
Routing outputs for input 49: port 5, index 15, sparse_out 30, out 30
Routing outputs for input 49: port 5, index 15, sparse_out 31, out 31
Routing outputs for input 49: port 5, index 15, sparse_out 32, out 32
Routing outputs for input 49: port 5, index 15, sparse_out 33, out 33
Routing outputs for input 49: port 5, index 15, sparse_out 34, out 34
Routing outputs for input 49: port 5, index 15, sparse_out 35, out 35
Routing outputs for input 49: port 5, index 15, sparse_out 36, out 36
Routing outputs for input 49: port 5, index 15, sparse_out 37, out 37
Routing outputs for input 49: port 5, index 15, sparse_out 38, out 38
Routing outputs for input 49: port 5, index 15, sparse_out 39, out 39
Routing outputs for input 49: port 5, index 15, sparse_out 40, out 40
Routing outputs for input 49: port 5, index 15, sparse_out 41, out 41
Routing outputs for input 49: port 5, index 15, sparse_out 42, out 42
Routing outputs for input 49: port 5, index 15, sparse_out 43, out 43
Routing outputs for input 49: port 5, index 15, sparse_out 44, out 44
Routing outputs for input 49: port 5, index 15, sparse_out 45, out 45
Routing outputs for input 49: port 5, index 15, sparse_out 46, out 46
Routing outputs for input 49: port 5, index 15, sparse_out 47, out 47
Routing outputs for input 49: port 5, index 15, sparse_out 48, out 48
Routing outputs for input 49: port 5, index 15, sparse_out 49, out 49
Routing outputs for input 49: port 5, index 15, sparse_out 50, out 50
Routing outputs for input 49: port 5, index 15, sparse_out 51, out 51
Routing outputs for input 49: port 5, index 15, sparse_out 52, out 52
Routing outputs for input 49: port 5, index 15, sparse_out 53, out 53
Routing outputs for input 49: port 5, index 15, sparse_out 54, out 54
Routing outputs for input 49: port 5, index 15, sparse_out 55, out 55
Routing outputs for input 49: port 5, index 15, sparse_out 56, out 56
Routing outputs for input 49: port 5, index 15, sparse_out 57, out 57
Routing outputs for input 49: port 5, index 15, sparse_out 58, out 58
Routing outputs for input 49: port 5, index 15, sparse_out 59, out 59
Routing outputs for input 49: port 5, index 15, sparse_out 60, out 60
Routing outputs for input 49: port 5, index 15, sparse_out 61, out 61
Routing outputs for input 49: port 5, index 15, sparse_out 62, out 62
Routing outputs for input 49: port 5, index 15, sparse_out 63, out 63
Routing outputs for input 50: port 6, index 0, sparse_port_access_granularity 1
Routing outputs for input 50: port 6, index 0, sparse_out 0, out 0
Routing outputs for input 50: port 6, index 0, sparse_out 1, out 1
Routing outputs for input 50: port 6, index 0, sparse_out 2, out 2
Routing outputs for input 50: port 6, index 0, sparse_out 3, out 3
Routing outputs for input 50: port 6, index 0, sparse_out 4, out 4
Routing outputs for input 50: port 6, index 0, sparse_out 5, out 5
Routing outputs for input 50: port 6, index 0, sparse_out 6, out 6
Routing outputs for input 50: port 6, index 0, sparse_out 7, out 7
Routing outputs for input 50: port 6, index 0, sparse_out 8, out 8
Routing outputs for input 50: port 6, index 0, sparse_out 9, out 9
Routing outputs for input 50: port 6, index 0, sparse_out 10, out 10
Routing outputs for input 50: port 6, index 0, sparse_out 11, out 11
Routing outputs for input 50: port 6, index 0, sparse_out 12, out 12
Routing outputs for input 50: port 6, index 0, sparse_out 13, out 13
Routing outputs for input 50: port 6, index 0, sparse_out 14, out 14
Routing outputs for input 50: port 6, index 0, sparse_out 15, out 15
Routing outputs for input 50: port 6, index 0, sparse_out 16, out 16
Routing outputs for input 50: port 6, index 0, sparse_out 17, out 17
Routing outputs for input 50: port 6, index 0, sparse_out 18, out 18
Routing outputs for input 50: port 6, index 0, sparse_out 19, out 19
Routing outputs for input 50: port 6, index 0, sparse_out 20, out 20
Routing outputs for input 50: port 6, index 0, sparse_out 21, out 21
Routing outputs for input 50: port 6, index 0, sparse_out 22, out 22
Routing outputs for input 50: port 6, index 0, sparse_out 23, out 23
Routing outputs for input 50: port 6, index 0, sparse_out 24, out 24
Routing outputs for input 50: port 6, index 0, sparse_out 25, out 25
Routing outputs for input 50: port 6, index 0, sparse_out 26, out 26
Routing outputs for input 50: port 6, index 0, sparse_out 27, out 27
Routing outputs for input 50: port 6, index 0, sparse_out 28, out 28
Routing outputs for input 50: port 6, index 0, sparse_out 29, out 29
Routing outputs for input 50: port 6, index 0, sparse_out 30, out 30
Routing outputs for input 50: port 6, index 0, sparse_out 31, out 31
Routing outputs for input 50: port 6, index 0, sparse_out 32, out 32
Routing outputs for input 50: port 6, index 0, sparse_out 33, out 33
Routing outputs for input 50: port 6, index 0, sparse_out 34, out 34
Routing outputs for input 50: port 6, index 0, sparse_out 35, out 35
Routing outputs for input 50: port 6, index 0, sparse_out 36, out 36
Routing outputs for input 50: port 6, index 0, sparse_out 37, out 37
Routing outputs for input 50: port 6, index 0, sparse_out 38, out 38
Routing outputs for input 50: port 6, index 0, sparse_out 39, out 39
Routing outputs for input 50: port 6, index 0, sparse_out 40, out 40
Routing outputs for input 50: port 6, index 0, sparse_out 41, out 41
Routing outputs for input 50: port 6, index 0, sparse_out 42, out 42
Routing outputs for input 50: port 6, index 0, sparse_out 43, out 43
Routing outputs for input 50: port 6, index 0, sparse_out 44, out 44
Routing outputs for input 50: port 6, index 0, sparse_out 45, out 45
Routing outputs for input 50: port 6, index 0, sparse_out 46, out 46
Routing outputs for input 50: port 6, index 0, sparse_out 47, out 47
Routing outputs for input 50: port 6, index 0, sparse_out 48, out 48
Routing outputs for input 50: port 6, index 0, sparse_out 49, out 49
Routing outputs for input 50: port 6, index 0, sparse_out 50, out 50
Routing outputs for input 50: port 6, index 0, sparse_out 51, out 51
Routing outputs for input 50: port 6, index 0, sparse_out 52, out 52
Routing outputs for input 50: port 6, index 0, sparse_out 53, out 53
Routing outputs for input 50: port 6, index 0, sparse_out 54, out 54
Routing outputs for input 50: port 6, index 0, sparse_out 55, out 55
Routing outputs for input 50: port 6, index 0, sparse_out 56, out 56
Routing outputs for input 50: port 6, index 0, sparse_out 57, out 57
Routing outputs for input 50: port 6, index 0, sparse_out 58, out 58
Routing outputs for input 50: port 6, index 0, sparse_out 59, out 59
Routing outputs for input 50: port 6, index 0, sparse_out 60, out 60
Routing outputs for input 50: port 6, index 0, sparse_out 61, out 61
Routing outputs for input 50: port 6, index 0, sparse_out 62, out 62
Routing outputs for input 50: port 6, index 0, sparse_out 63, out 63
Routing outputs for input 51: port 7, index 0, sparse_port_access_granularity 1
Routing outputs for input 51: port 7, index 0, sparse_out 0, out 0
Routing outputs for input 51: port 7, index 0, sparse_out 1, out 1
Routing outputs for input 51: port 7, index 0, sparse_out 2, out 2
Routing outputs for input 51: port 7, index 0, sparse_out 3, out 3
Routing outputs for input 51: port 7, index 0, sparse_out 4, out 4
Routing outputs for input 51: port 7, index 0, sparse_out 5, out 5
Routing outputs for input 51: port 7, index 0, sparse_out 6, out 6
Routing outputs for input 51: port 7, index 0, sparse_out 7, out 7
Routing outputs for input 51: port 7, index 0, sparse_out 8, out 8
Routing outputs for input 51: port 7, index 0, sparse_out 9, out 9
Routing outputs for input 51: port 7, index 0, sparse_out 10, out 10
Routing outputs for input 51: port 7, index 0, sparse_out 11, out 11
Routing outputs for input 51: port 7, index 0, sparse_out 12, out 12
Routing outputs for input 51: port 7, index 0, sparse_out 13, out 13
Routing outputs for input 51: port 7, index 0, sparse_out 14, out 14
Routing outputs for input 51: port 7, index 0, sparse_out 15, out 15
Routing outputs for input 51: port 7, index 0, sparse_out 16, out 16
Routing outputs for input 51: port 7, index 0, sparse_out 17, out 17
Routing outputs for input 51: port 7, index 0, sparse_out 18, out 18
Routing outputs for input 51: port 7, index 0, sparse_out 19, out 19
Routing outputs for input 51: port 7, index 0, sparse_out 20, out 20
Routing outputs for input 51: port 7, index 0, sparse_out 21, out 21
Routing outputs for input 51: port 7, index 0, sparse_out 22, out 22
Routing outputs for input 51: port 7, index 0, sparse_out 23, out 23
Routing outputs for input 51: port 7, index 0, sparse_out 24, out 24
Routing outputs for input 51: port 7, index 0, sparse_out 25, out 25
Routing outputs for input 51: port 7, index 0, sparse_out 26, out 26
Routing outputs for input 51: port 7, index 0, sparse_out 27, out 27
Routing outputs for input 51: port 7, index 0, sparse_out 28, out 28
Routing outputs for input 51: port 7, index 0, sparse_out 29, out 29
Routing outputs for input 51: port 7, index 0, sparse_out 30, out 30
Routing outputs for input 51: port 7, index 0, sparse_out 31, out 31
Routing outputs for input 51: port 7, index 0, sparse_out 32, out 32
Routing outputs for input 51: port 7, index 0, sparse_out 33, out 33
Routing outputs for input 51: port 7, index 0, sparse_out 34, out 34
Routing outputs for input 51: port 7, index 0, sparse_out 35, out 35
Routing outputs for input 51: port 7, index 0, sparse_out 36, out 36
Routing outputs for input 51: port 7, index 0, sparse_out 37, out 37
Routing outputs for input 51: port 7, index 0, sparse_out 38, out 38
Routing outputs for input 51: port 7, index 0, sparse_out 39, out 39
Routing outputs for input 51: port 7, index 0, sparse_out 40, out 40
Routing outputs for input 51: port 7, index 0, sparse_out 41, out 41
Routing outputs for input 51: port 7, index 0, sparse_out 42, out 42
Routing outputs for input 51: port 7, index 0, sparse_out 43, out 43
Routing outputs for input 51: port 7, index 0, sparse_out 44, out 44
Routing outputs for input 51: port 7, index 0, sparse_out 45, out 45
Routing outputs for input 51: port 7, index 0, sparse_out 46, out 46
Routing outputs for input 51: port 7, index 0, sparse_out 47, out 47
Routing outputs for input 51: port 7, index 0, sparse_out 48, out 48
Routing outputs for input 51: port 7, index 0, sparse_out 49, out 49
Routing outputs for input 51: port 7, index 0, sparse_out 50, out 50
Routing outputs for input 51: port 7, index 0, sparse_out 51, out 51
Routing outputs for input 51: port 7, index 0, sparse_out 52, out 52
Routing outputs for input 51: port 7, index 0, sparse_out 53, out 53
Routing outputs for input 51: port 7, index 0, sparse_out 54, out 54
Routing outputs for input 51: port 7, index 0, sparse_out 55, out 55
Routing outputs for input 51: port 7, index 0, sparse_out 56, out 56
Routing outputs for input 51: port 7, index 0, sparse_out 57, out 57
Routing outputs for input 51: port 7, index 0, sparse_out 58, out 58
Routing outputs for input 51: port 7, index 0, sparse_out 59, out 59
Routing outputs for input 51: port 7, index 0, sparse_out 60, out 60
Routing outputs for input 51: port 7, index 0, sparse_out 61, out 61
Routing outputs for input 51: port 7, index 0, sparse_out 62, out 62
Routing outputs for input 51: port 7, index 0, sparse_out 63, out 63
Routing outputs for input 52: port 8, index 0, sparse_port_access_granularity 1
Routing outputs for input 52: port 8, index 0, sparse_out 0, out 0
Routing outputs for input 52: port 8, index 0, sparse_out 1, out 1
Routing outputs for input 52: port 8, index 0, sparse_out 2, out 2
Routing outputs for input 52: port 8, index 0, sparse_out 3, out 3
Routing outputs for input 52: port 8, index 0, sparse_out 4, out 4
Routing outputs for input 52: port 8, index 0, sparse_out 5, out 5
Routing outputs for input 52: port 8, index 0, sparse_out 6, out 6
Routing outputs for input 52: port 8, index 0, sparse_out 7, out 7
Routing outputs for input 52: port 8, index 0, sparse_out 8, out 8
Routing outputs for input 52: port 8, index 0, sparse_out 9, out 9
Routing outputs for input 52: port 8, index 0, sparse_out 10, out 10
Routing outputs for input 52: port 8, index 0, sparse_out 11, out 11
Routing outputs for input 52: port 8, index 0, sparse_out 12, out 12
Routing outputs for input 52: port 8, index 0, sparse_out 13, out 13
Routing outputs for input 52: port 8, index 0, sparse_out 14, out 14
Routing outputs for input 52: port 8, index 0, sparse_out 15, out 15
Routing outputs for input 52: port 8, index 0, sparse_out 16, out 16
Routing outputs for input 52: port 8, index 0, sparse_out 17, out 17
Routing outputs for input 52: port 8, index 0, sparse_out 18, out 18
Routing outputs for input 52: port 8, index 0, sparse_out 19, out 19
Routing outputs for input 52: port 8, index 0, sparse_out 20, out 20
Routing outputs for input 52: port 8, index 0, sparse_out 21, out 21
Routing outputs for input 52: port 8, index 0, sparse_out 22, out 22
Routing outputs for input 52: port 8, index 0, sparse_out 23, out 23
Routing outputs for input 52: port 8, index 0, sparse_out 24, out 24
Routing outputs for input 52: port 8, index 0, sparse_out 25, out 25
Routing outputs for input 52: port 8, index 0, sparse_out 26, out 26
Routing outputs for input 52: port 8, index 0, sparse_out 27, out 27
Routing outputs for input 52: port 8, index 0, sparse_out 28, out 28
Routing outputs for input 52: port 8, index 0, sparse_out 29, out 29
Routing outputs for input 52: port 8, index 0, sparse_out 30, out 30
Routing outputs for input 52: port 8, index 0, sparse_out 31, out 31
Routing outputs for input 52: port 8, index 0, sparse_out 32, out 32
Routing outputs for input 52: port 8, index 0, sparse_out 33, out 33
Routing outputs for input 52: port 8, index 0, sparse_out 34, out 34
Routing outputs for input 52: port 8, index 0, sparse_out 35, out 35
Routing outputs for input 52: port 8, index 0, sparse_out 36, out 36
Routing outputs for input 52: port 8, index 0, sparse_out 37, out 37
Routing outputs for input 52: port 8, index 0, sparse_out 38, out 38
Routing outputs for input 52: port 8, index 0, sparse_out 39, out 39
Routing outputs for input 52: port 8, index 0, sparse_out 40, out 40
Routing outputs for input 52: port 8, index 0, sparse_out 41, out 41
Routing outputs for input 52: port 8, index 0, sparse_out 42, out 42
Routing outputs for input 52: port 8, index 0, sparse_out 43, out 43
Routing outputs for input 52: port 8, index 0, sparse_out 44, out 44
Routing outputs for input 52: port 8, index 0, sparse_out 45, out 45
Routing outputs for input 52: port 8, index 0, sparse_out 46, out 46
Routing outputs for input 52: port 8, index 0, sparse_out 47, out 47
Routing outputs for input 52: port 8, index 0, sparse_out 48, out 48
Routing outputs for input 52: port 8, index 0, sparse_out 49, out 49
Routing outputs for input 52: port 8, index 0, sparse_out 50, out 50
Routing outputs for input 52: port 8, index 0, sparse_out 51, out 51
Routing outputs for input 52: port 8, index 0, sparse_out 52, out 52
Routing outputs for input 52: port 8, index 0, sparse_out 53, out 53
Routing outputs for input 52: port 8, index 0, sparse_out 54, out 54
Routing outputs for input 52: port 8, index 0, sparse_out 55, out 55
Routing outputs for input 52: port 8, index 0, sparse_out 56, out 56
Routing outputs for input 52: port 8, index 0, sparse_out 57, out 57
Routing outputs for input 52: port 8, index 0, sparse_out 58, out 58
Routing outputs for input 52: port 8, index 0, sparse_out 59, out 59
Routing outputs for input 52: port 8, index 0, sparse_out 60, out 60
Routing outputs for input 52: port 8, index 0, sparse_out 61, out 61
Routing outputs for input 52: port 8, index 0, sparse_out 62, out 62
Routing outputs for input 52: port 8, index 0, sparse_out 63, out 63
[success] Total time: 12 s, completed May 15, 2026, 1:17:20 AM
------------------------------------------------
    Generating accelerator specific wrappers    
------------------------------------------------
Running command:  cd /esat/studscratch/r1015498/Thesis/original_snax/snax_cluster/target/snitch_cluster/../../hw/chisel/ &&         sbt 'runMain snax.reqRspManager.ReqRspManagerGen /esat/studscratch/r1015498/Thesis/original_snax/snax_cluster/target/snitch_cluster/generated/snax_dual_versacore_swiglu/' 
Running command:  cd /esat/studscratch/r1015498/Thesis/original_snax/snax_cluster/target/snitch_cluster/../../hw/chisel/ &&         sbt 'runMain snax.streamer.StreamerGen  --streamercfg {}  --hw-target-dir /esat/studscratch/r1015498/Thesis/original_snax/snax_cluster/target/snitch_cluster/generated/snax_dual_versacore_swiglu/' 
Generation of accelerator specific wrappers done!
------------------------------------------------
    Generate SNAX Chisel Accelerators
------------------------------------------------
Running command:  cd /esat/studscratch/r1015498/Thesis/original_snax/snax_cluster/target/snitch_cluster/../../hw/chisel/../chisel_acc &&         sbt 'runMain snax_acc.versacore.DualVersaCoreSwigluGen --versacoreCfg {"snax_acc_name":"snax_dual_versacore_swiglu","bender_target":["snax_dual_versacore_swiglu"],"snax_tcdm_ports":34,"sparse_interconnect_config":[[16,2],[8,2],[8,2],[1,1],[1,1]],"snax_num_rw_csr":23,"snax_num_ro_csr":2,"snax_versacore_mac_num":[256],"snax_versacore_input_a_element_width":[16],"snax_versacore_input_a_data_type":["SInt"],"snax_versacore_input_b_element_width":[4],"snax_versacore_input_b_data_type":["SInt"],"snax_versacore_input_c_element_width":[32],"snax_versacore_input_c_data_type":["SInt"],"snax_versacore_output_d_element_width":[32],"snax_versacore_output_d_data_type":["SInt"],"snax_versacore_array_input_a_width":1024,"snax_versacore_array_input_b_width":512,"snax_versacore_array_input_c_width":1024,"snax_versacore_array_output_d_width":1024,"snax_versacore_serial_a_width":1024,"snax_versacore_serial_b_width":512,"snax_versacore_serial_c_d_width":1024,"snax_versacore_adder_tree_delay":0,"snax_versacore_spatial_unrolling":[[[8,8,4],[4,8,8],[2,8,16]]],"snax_versacore_temporal_unrolling":["output_stationary"],"snax_dual_versacore_postproc_lanes":4,"snax_streamer_cfg":{"data_reader_params":{"spatial_bounds":[[2,8],[2,4],[2,4]],"temporal_dim":[6,4,4],"num_channel":[16,8,8],"fifo_depth":[8,8,8],"configurable_channel":[1,1,1],"tcdm_logic_word_size":[[256,128,64],[256,128,64],[256,128,64]]},"data_writer_params":{"spatial_bounds":[[1],[1]],"temporal_dim":[4,4],"num_channel":[1,1],"fifo_depth":[1,1],"configurable_channel":[1,1],"tcdm_logic_word_size":[[256,128,64],[256,128,64]]},"snax_library_name":"dual-versacore-swiglu"},"granularity_a":4,"granularity_b":2,"granularity_c_d":2,"tcdm_data_width":64,"tcdm_dma_data_width":512,"tcdm_depth":16384,"tcdm_num_banks":64,"tcdm_addr_width":23,"tag_name":"snax_dual_versacore_swiglu","streamer_csr_num":77}  --hw-target-dir /esat/studscratch/r1015498/Thesis/original_snax/snax_cluster/target/snitch_cluster/generated/snax_dual_versacore_swiglu/' 
------------------------------------------------
    Generate XDMA
------------------------------------------------
Running command:  cd /esat/studscratch/r1015498/Thesis/original_snax/snax_cluster/target/snitch_cluster/../../hw/chisel/ &&         sbt 'runMain snax.xdma.xdmaTop.XDMATopGen  --clusterName snax_dual_versacore_int16x4_4lane_postproc_v2_cluster --tcdmDataWidth 64 --axiDataWidth 512 --axiAddrWidth 48 --tcdmSize 8192 --xdmaCfg {"bender_target":["snax_dual_versacore_int16x4_4lane_postproc_v2_cluster_xdma"],"cfg_io_width":32,"max_multicast":16,"max_dimension":5,"max_mem_size":4096,"reader_buffer":12,"writer_buffer":12,"reader_agu_temporal_dimension":5,"writer_agu_temporal_dimension":5,"writer_extensions":{"HasVerilogMemset":{}},"reader_extensions":{}} --hw-target-dir /esat/studscratch/r1015498/Thesis/original_snax/snax_cluster/target/snitch_cluster/generated/snax_dual_versacore_int16x4_4lane_postproc_v2_cluster_xdma/ --sw-target-dir /esat/studscratch/r1015498/Thesis/original_snax/snax_cluster/target/snitch_cluster/generated/../sw/snax/xdma/include/snax-xdma-addr.h' 
------------------------------------------------
    Generating Sparse Interconnect
------------------------------------------------
Running command:  cd /esat/studscratch/r1015498/Thesis/original_snax/snax_cluster/target/snitch_cluster/../../hw/chisel/ &&         sbt 'runMain snax.sparse_interconnect.SparseInterconnectGen --NumInp 53 --NumOut 64 --memAddrWidth 14 --tcdmAddrWidth 23 --dataWidth 64 --strbWidth 8 --priorityWidth 1 --sparseConfig "[[16, 2], [8, 2], [8, 2], [1, 1], [1, 1], [16, 1], [1, 1], [1, 1], [1, 1]]" --hw-target-dir /esat/studscratch/r1015498/Thesis/original_snax/snax_cluster/target/snitch_cluster/generated/ ' 
Testharness generation done!
-------------------------------------------------------------
Generating Cluster Wrapper
-------------------------------------------------------------
/esat/studscratch/r1015498/Thesis/original_snax/snax_cluster/target/snitch_cluster/../../util/clustergen.py -c cfg/snax_dual_versacore_int16x4_multidim_spatial_k8_8x4_4lane_abgran2_layout_v95.hjson -o /esat/studscratch/r1015498/Thesis/original_snax/snax_cluster/target/snitch_cluster/generated --wrapper
make: Leaving directory '/esat/studscratch/r1015498/Thesis/original_snax/snax_cluster/target/snitch_cluster'
