make: Entering directory '/esat/studscratch/r1015498/Thesis/original_snax/snax_cluster/target/snitch_cluster'
mkdir -p work-vlt/
bender script verilator -t rtl   -t snax_dual_versacore_swiglu -t sparse_interconnect -t snax_dual_versacore_int16x4_4lane_postproc_v2_cluster_xdma -t snax_dual_versacore_int16x4_4lane_postproc_v2_cluster -t snax_test_harness > work-vlt/files
Overriding config file with: cfg/snax_dual_versacore_int16x4_multidim_spatial_k8_8x4_4lane_abgran2_layout_v95.hjson
/esat/studscratch/r1015498/Thesis/original_snax/snax_cluster/target/snitch_cluster/../../util/clustergen.py -c cfg/lru.hjson -o /esat/studscratch/r1015498/Thesis/original_snax/snax_cluster/target/snitch_cluster/generated --bootdata
verilator --Mdir work-vlt/ -f work-vlt/files --timing -Wno-BLKANDNBLK -Wno-LITENDIAN -Wno-CASEINCOMPLETE -Wno-CMPCONST -Wno-WIDTH -Wno-WIDTHCONCAT -Wno-UNSIGNED -Wno-UNOPTFLAT -Wno-fatal +define+SYNTHESIS --unroll-count 1024 --trace -j 36 --cc --build --top-module testharness
mkdir -p work-vlt/generated/
/pixi/.pixi/envs/default/bin/x86_64-conda-linux-gnu-c++ -fvisibility-inlines-hidden -fmessage-length=0 -march=nocona -mtune=haswell -ftree-vectorize -fPIC -fstack-protector-strong -fno-plt -O2 -ffunction-sections -pipe -isystem /pixi/.pixi/envs/default/include -std=c++20 -pthread -latomic -I work-vlt -I /pixi/.pixi/envs/default/share/verilator/include -I /pixi/.pixi/envs/default/share/verilator/include/vltstd -I work-vlt/riscv-isa-sim/include -I /esat/studscratch/r1015498/Thesis/original_snax/snax_cluster/target/snitch_cluster/../../target/common/test -I /esat/studscratch/r1015498/Thesis/original_snax/snax_cluster/target/snitch_cluster//test -c /esat/studscratch/r1015498/Thesis/original_snax/snax_cluster/target/snitch_cluster/generated/bootdata.cc -o work-vlt/generated/bootdata.o
%Warning-SHORTREAL: /esat/studscratch/r1015498/Thesis/original_snax/snax_cluster/hw/snitch/src/snitch.sv:2740:71: Unsupported: shortreal being promoted to real (suggest use real instead)
 2740 |         $time, hart_id_i, inst_data_i[31:20], alu_result, alu_result, $bitstoshortreal(alu_result));
      |                                                                       ^~~~~~~~~~~~~~~~
                    ... For warning description see https://verilator.org/warn/SHORTREAL?v=5.034
                    ... Use "/* verilator lint_off SHORTREAL */" and lint_on around source to disable this message.
%Warning-PINMISSING: /esat/studscratch/r1015498/Thesis/original_snax/snax_cluster/.bender/git/checkouts/axi-10c18867bc585e38/src/axi_burst_splitter.sv:529:5: Cell has missing pin: 'full_o'
  529 |   ) i_idq (
      |     ^~~~~
                     /esat/studscratch/r1015498/Thesis/original_snax/snax_cluster/.bender/git/checkouts/common_cells-02aa01ee4a3b2e52/src/id_queue.sv:81:21: ... Location of port declaration
   81 |     output logic    full_o,
      |                     ^~~~~~
%Warning-PINMISSING: /esat/studscratch/r1015498/Thesis/original_snax/snax_cluster/.bender/git/checkouts/axi-10c18867bc585e38/src/axi_burst_splitter.sv:529:5: Cell has missing pin: 'empty_o'
  529 |   ) i_idq (
      |     ^~~~~
                     /esat/studscratch/r1015498/Thesis/original_snax/snax_cluster/.bender/git/checkouts/common_cells-02aa01ee4a3b2e52/src/id_queue.sv:82:21: ... Location of port declaration
   82 |     output logic    empty_o
      |                     ^~~~~~~
%Warning-PINMISSING: /esat/studscratch/r1015498/Thesis/original_snax/snax_cluster/.bender/git/checkouts/axi-10c18867bc585e38/src/axi_dw_downsizer.sv:316:5: Cell has missing pin: 'full_o'
  316 |   ) i_read_id_queue (
      |     ^~~~~~~~~~~~~~~
                     /esat/studscratch/r1015498/Thesis/original_snax/snax_cluster/.bender/git/checkouts/common_cells-02aa01ee4a3b2e52/src/id_queue.sv:81:21: ... Location of port declaration
   81 |     output logic    full_o,
      |                     ^~~~~~
%Warning-PINMISSING: /esat/studscratch/r1015498/Thesis/original_snax/snax_cluster/.bender/git/checkouts/axi-10c18867bc585e38/src/axi_dw_downsizer.sv:316:5: Cell has missing pin: 'empty_o'
  316 |   ) i_read_id_queue (
      |     ^~~~~~~~~~~~~~~
                     /esat/studscratch/r1015498/Thesis/original_snax/snax_cluster/.bender/git/checkouts/common_cells-02aa01ee4a3b2e52/src/id_queue.sv:82:21: ... Location of port declaration
   82 |     output logic    empty_o
      |                     ^~~~~~~
%Warning-PINMISSING: /esat/studscratch/r1015498/Thesis/original_snax/snax_cluster/.bender/git/checkouts/axi-10c18867bc585e38/src/axi_to_mem_interleaved.sv:337:5: Cell has missing pin: 'test_i'
  337 |   ) i_axi_to_mem_interleaved (
      |     ^~~~~~~~~~~~~~~~~~~~~~~~
                     /esat/studscratch/r1015498/Thesis/original_snax/snax_cluster/.bender/git/checkouts/axi-10c18867bc585e38/src/axi_to_mem_interleaved.sv:51:42: ... Location of port declaration
   51 |   input  logic                           test_i,
      |                                          ^~~~~~
%Warning-PINMISSING: /esat/studscratch/r1015498/Thesis/original_snax/snax_cluster/.bender/git/checkouts/axi-10c18867bc585e38/src/axi_to_mem_split.sv:244:5: Cell has missing pin: 'test_i'
  244 |   ) i_axi_to_mem_split (
      |     ^~~~~~~~~~~~~~~~~~
                     /esat/studscratch/r1015498/Thesis/original_snax/snax_cluster/.bender/git/checkouts/axi-10c18867bc585e38/src/axi_to_mem_split.sv:54:44: ... Location of port declaration
   54 |   input  logic                             test_i,
      |                                            ^~~~~~
%Warning-PINMISSING: /esat/studscratch/r1015498/Thesis/original_snax/snax_cluster/.bender/git/checkouts/scm-e009308f0dd3005a/fpga_scm/register_file_1w_multi_port_read.sv:57:13: Cell has missing pin: 'rst_n'
   57 |             bram_cut
      |             ^~~~~~~~
                     /esat/studscratch/r1015498/Thesis/original_snax/snax_cluster/.bender/git/checkouts/scm-e009308f0dd3005a/fpga_scm/register_file_1r_1w_1row.sv:22:55: ... Location of port declaration
   22 |     input   logic                                     rst_n,
      |                                                       ^~~~~
%Warning-PINMISSING: /esat/studscratch/r1015498/Thesis/original_snax/snax_cluster/.bender/git/checkouts/scm-e009308f0dd3005a/fpga_scm/register_file_1w_multi_port_read.sv:82:13: Cell has missing pin: 'rst_n'
   82 |             bram_cut
      |             ^~~~~~~~
                     /esat/studscratch/r1015498/Thesis/original_snax/snax_cluster/.bender/git/checkouts/scm-e009308f0dd3005a/fpga_scm/register_file_1r_1w.sv:23:55: ... Location of port declaration
   23 |     input   logic                                     rst_n,
      |                                                       ^~~~~
%Warning-PINMISSING: /esat/studscratch/r1015498/Thesis/original_snax/snax_cluster/.bender/git/checkouts/cluster_icache-0cf2c89bb71ebd3b/src/snitch_axi_to_cache.sv:439:5: Cell has missing pin: 'full_o'
  439 |   ) i_idq (
      |     ^~~~~
                     /esat/studscratch/r1015498/Thesis/original_snax/snax_cluster/.bender/git/checkouts/common_cells-02aa01ee4a3b2e52/src/id_queue.sv:81:21: ... Location of port declaration
   81 |     output logic    full_o,
      |                     ^~~~~~
%Warning-PINMISSING: /esat/studscratch/r1015498/Thesis/original_snax/snax_cluster/.bender/git/checkouts/cluster_icache-0cf2c89bb71ebd3b/src/snitch_axi_to_cache.sv:439:5: Cell has missing pin: 'empty_o'
  439 |   ) i_idq (
      |     ^~~~~
                     /esat/studscratch/r1015498/Thesis/original_snax/snax_cluster/.bender/git/checkouts/common_cells-02aa01ee4a3b2e52/src/id_queue.sv:82:21: ... Location of port declaration
   82 |     output logic    empty_o
      |                     ^~~~~~~
%Warning-PINMISSING: /esat/studscratch/r1015498/Thesis/original_snax/snax_cluster/hw/snitch_cluster/src/snitch_fpu.sv:105:5: Cell has missing pin: 'hart_id_i'
  105 |   ) i_fpu (
      |     ^~~~~
                     /esat/studscratch/r1015498/Thesis/original_snax/snax_cluster/.bender/git/checkouts/fpnew-4a953b8b22f6345f/src/fpnew_top.sv:35:45: ... Location of port declaration
   35 |   input logic [31:0]                        hart_id_i,
      |                                             ^~~~~~~~~
%Warning-PINMISSING: /esat/studscratch/r1015498/Thesis/original_snax/snax_cluster/hw/snitch_cluster/src/snitch_fpu.sv:105:5: Cell has missing pin: 'simd_mask_i'
  105 |   ) i_fpu (
      |     ^~~~~
                     /esat/studscratch/r1015498/Thesis/original_snax/snax_cluster/.bender/git/checkouts/fpnew-4a953b8b22f6345f/src/fpnew_top.sv:46:45: ... Location of port declaration
   46 |   input MaskType                            simd_mask_i,
      |                                             ^~~~~~~~~~~
%Warning-PINMISSING: /esat/studscratch/r1015498/Thesis/original_snax/snax_cluster/target/snitch_cluster/test/testharness.sv:27:65: Cell has missing pin: 'obs_o'
   27 |   snax_dual_versacore_int16x4_4lane_postproc_v2_cluster_wrapper i_snax_dual_versacore_int16x4_4lane_postproc_v2_cluster (
      |                                                                 ^~~~~~~~~~~~~~~~~~~~~~~~~~~~~~~~~~~~~~~~~~~~~~~~~~~~~~~
                     /esat/studscratch/r1015498/Thesis/original_snax/snax_cluster/target/snitch_cluster/generated/snax_dual_versacore_int16x4_4lane_postproc_v2_cluster_wrapper.sv:295:107: ... Location of port declaration
  295 |   (* false_path *) output logic [snax_dual_versacore_int16x4_4lane_postproc_v2_cluster_pkg::ObsWidth-1:0] obs_o,
      |                                                                                                           ^~~~~
%Warning-PINMISSING: /esat/studscratch/r1015498/Thesis/original_snax/snax_cluster/target/snitch_cluster/test/testharness.sv:27:65: Cell has missing pin: 'csr_req_o'
   27 |   snax_dual_versacore_int16x4_4lane_postproc_v2_cluster_wrapper i_snax_dual_versacore_int16x4_4lane_postproc_v2_cluster (
      |                                                                 ^~~~~~~~~~~~~~~~~~~~~~~~~~~~~~~~~~~~~~~~~~~~~~~~~~~~~~~
                     /esat/studscratch/r1015498/Thesis/original_snax/snax_cluster/target/snitch_cluster/generated/snax_dual_versacore_int16x4_4lane_postproc_v2_cluster_wrapper.sv:315:159: ... Location of port declaration
  315 |   output snax_dual_versacore_int16x4_4lane_postproc_v2_cluster_pkg::csr_req_t  [snax_dual_versacore_int16x4_4lane_postproc_v2_cluster_pkg::NrCores-1:0]       csr_req_o,
      |                                                                                                                                                               ^~~~~~~~~
%Warning-PINMISSING: /esat/studscratch/r1015498/Thesis/original_snax/snax_cluster/target/snitch_cluster/test/testharness.sv:27:65: Cell has missing pin: 'csr_req_valid_o'
   27 |   snax_dual_versacore_int16x4_4lane_postproc_v2_cluster_wrapper i_snax_dual_versacore_int16x4_4lane_postproc_v2_cluster (
      |                                                                 ^~~~~~~~~~~~~~~~~~~~~~~~~~~~~~~~~~~~~~~~~~~~~~~~~~~~~~~
                     /esat/studscratch/r1015498/Thesis/original_snax/snax_cluster/target/snitch_cluster/generated/snax_dual_versacore_int16x4_4lane_postproc_v2_cluster_wrapper.sv:316:120: ... Location of port declaration
  316 |   output logic                          [snax_dual_versacore_int16x4_4lane_postproc_v2_cluster_pkg::NrCores-1:0]       csr_req_valid_o,
      |                                                                                                                        ^~~~~~~~~~~~~~~
%Warning-PINMISSING: /esat/studscratch/r1015498/Thesis/original_snax/snax_cluster/target/snitch_cluster/test/testharness.sv:27:65: Cell has missing pin: 'csr_req_ready_i'
   27 |   snax_dual_versacore_int16x4_4lane_postproc_v2_cluster_wrapper i_snax_dual_versacore_int16x4_4lane_postproc_v2_cluster (
      |                                                                 ^~~~~~~~~~~~~~~~~~~~~~~~~~~~~~~~~~~~~~~~~~~~~~~~~~~~~~~
                     /esat/studscratch/r1015498/Thesis/original_snax/snax_cluster/target/snitch_cluster/generated/snax_dual_versacore_int16x4_4lane_postproc_v2_cluster_wrapper.sv:317:120: ... Location of port declaration
  317 |   input  logic                          [snax_dual_versacore_int16x4_4lane_postproc_v2_cluster_pkg::NrCores-1:0]       csr_req_ready_i,
      |                                                                                                                        ^~~~~~~~~~~~~~~
%Warning-PINMISSING: /esat/studscratch/r1015498/Thesis/original_snax/snax_cluster/target/snitch_cluster/test/testharness.sv:27:65: Cell has missing pin: 'csr_resp_i'
   27 |   snax_dual_versacore_int16x4_4lane_postproc_v2_cluster_wrapper i_snax_dual_versacore_int16x4_4lane_postproc_v2_cluster (
      |                                                                 ^~~~~~~~~~~~~~~~~~~~~~~~~~~~~~~~~~~~~~~~~~~~~~~~~~~~~~~
                     /esat/studscratch/r1015498/Thesis/original_snax/snax_cluster/target/snitch_cluster/generated/snax_dual_versacore_int16x4_4lane_postproc_v2_cluster_wrapper.sv:318:159: ... Location of port declaration
  318 |   input  snax_dual_versacore_int16x4_4lane_postproc_v2_cluster_pkg::csr_rsp_t  [snax_dual_versacore_int16x4_4lane_postproc_v2_cluster_pkg::NrCores-1:0]       csr_resp_i,
      |                                                                                                                                                               ^~~~~~~~~~
%Warning-PINMISSING: /esat/studscratch/r1015498/Thesis/original_snax/snax_cluster/target/snitch_cluster/test/testharness.sv:27:65: Cell has missing pin: 'csr_resp_valid_i'
   27 |   snax_dual_versacore_int16x4_4lane_postproc_v2_cluster_wrapper i_snax_dual_versacore_int16x4_4lane_postproc_v2_cluster (
      |                                                                 ^~~~~~~~~~~~~~~~~~~~~~~~~~~~~~~~~~~~~~~~~~~~~~~~~~~~~~~
                     /esat/studscratch/r1015498/Thesis/original_snax/snax_cluster/target/snitch_cluster/generated/snax_dual_versacore_int16x4_4lane_postproc_v2_cluster_wrapper.sv:319:120: ... Location of port declaration
  319 |   input  logic                          [snax_dual_versacore_int16x4_4lane_postproc_v2_cluster_pkg::NrCores-1:0]       csr_resp_valid_i,
      |                                                                                                                        ^~~~~~~~~~~~~~~~
%Warning-PINMISSING: /esat/studscratch/r1015498/Thesis/original_snax/snax_cluster/target/snitch_cluster/test/testharness.sv:27:65: Cell has missing pin: 'csr_resp_ready_o'
   27 |   snax_dual_versacore_int16x4_4lane_postproc_v2_cluster_wrapper i_snax_dual_versacore_int16x4_4lane_postproc_v2_cluster (
      |                                                                 ^~~~~~~~~~~~~~~~~~~~~~~~~~~~~~~~~~~~~~~~~~~~~~~~~~~~~~~
                     /esat/studscratch/r1015498/Thesis/original_snax/snax_cluster/target/snitch_cluster/generated/snax_dual_versacore_int16x4_4lane_postproc_v2_cluster_wrapper.sv:320:120: ... Location of port declaration
  320 |   output logic                          [snax_dual_versacore_int16x4_4lane_postproc_v2_cluster_pkg::NrCores-1:0]       csr_resp_ready_o,                                              
      |                                                                                                                        ^~~~~~~~~~~~~~~~
%Warning-IMPLICIT: /esat/studscratch/r1015498/Thesis/original_snax/snax_cluster/.bender/git/checkouts/common_cells-02aa01ee4a3b2e52/src/id_queue.sv:193:12: Signal definition not found, creating implicitly: 'empty'
                                                                                                                                                          : ... Suggested alternative: 'empty_o'
  193 |     assign empty = &linked_data_free;
      |            ^~~~~
%Warning-IMPLICIT: /esat/studscratch/r1015498/Thesis/original_snax/snax_cluster/hw/snax_util/src/snax_intf_translator.sv:155:10: Signal definition not found, creating implicitly: 'snax_csr_rsp_ready_o'
                                                                                                                               : ... Suggested alternative: 'snax_csr_rsp_acc_ready_o'
  155 |   assign snax_csr_rsp_ready_o = snax_pready_i && !rsp_fifo_full;
      |          ^~~~~~~~~~~~~~~~~~~~
%Warning-LATCH: /esat/studscratch/r1015498/Thesis/original_snax/snax_cluster/target/common/test/tb_memory_regbus.sv:68:3: Latch inferred for signal 'testharness.i_mem.i_tb_memory_regbus.unnamedblk3.data' (not all control paths of combinational always assign a value)
                                                                                                                        : ... Suggest use of always_latch for intentional latches
   68 |   always_comb begin
      |   ^~~~~~~~~~~
%Warning-LATCH: /esat/studscratch/r1015498/Thesis/original_snax/snax_cluster/target/common/test/tb_memory_regbus.sv:68:3: Latch inferred for signal 'rdata' (not all control paths of combinational always assign a value)
                                                                                                                        : ... Suggest use of always_latch for intentional latches
   68 |   always_comb begin
      |   ^~~~~~~~~~~
%Warning-LATCH: /esat/studscratch/r1015498/Thesis/original_snax/snax_cluster/target/common/test/tb_memory_regbus.sv:68:3: Latch inferred for signal 'testharness.i_dma.i_tb_memory_regbus.unnamedblk3.data' (not all control paths of combinational always assign a value)
                                                                                                                        : ... Suggest use of always_latch for intentional latches
   68 |   always_comb begin
      |   ^~~~~~~~~~~
make[1]: Entering directory '/esat/studscratch/r1015498/Thesis/original_snax/snax_cluster/target/snitch_cluster/work-vlt'
/esat/studscratch/r1015498/Thesis/original_snax/snax_cluster/.pixi/envs/default/bin/x86_64-conda-linux-gnu-c++ -Os -fvisibility-inlines-hidden -fmessage-length=0 -march=nocona -mtune=haswell -ftree-vectorize -fPIC -fstack-protector-strong -fno-plt -O2 -ffunction-sections -pipe -isystem /pixi/.pixi/envs/default/include -DNDEBUG -D_FORTIFY_SOURCE=2 -O2 -isystem /pixi/.pixi/envs/default/include -I.  -MMD -I/esat/studscratch/r1015498/Thesis/original_snax/snax_cluster/.pixi/envs/default/share/verilator/include -I/esat/studscratch/r1015498/Thesis/original_snax/snax_cluster/.pixi/envs/default/share/verilator/include/vltstd -DVM_COVERAGE=0 -DVM_SC=0 -DVM_TIMING=0 -DVM_TRACE=1 -DVM_TRACE_FST=0 -DVM_TRACE_VCD=1 -faligned-new -fcf-protection=none -Wno-bool-operation -Wno-shadow -Wno-sign-compare -Wno-subobject-linkage -Wno-tautological-compare -Wno-uninitialized -Wno-unused-but-set-parameter -Wno-unused-but-set-variable -Wno-unused-parameter -Wno-unused-variable      -x c++-header Vtestharness__pch.h -o Vtestharness__pch.h.fast.gch
/esat/studscratch/r1015498/Thesis/original_snax/snax_cluster/.pixi/envs/default/bin/x86_64-conda-linux-gnu-c++  -fvisibility-inlines-hidden -fmessage-length=0 -march=nocona -mtune=haswell -ftree-vectorize -fPIC -fstack-protector-strong -fno-plt -O2 -ffunction-sections -pipe -isystem /pixi/.pixi/envs/default/include -DNDEBUG -D_FORTIFY_SOURCE=2 -O2 -isystem /pixi/.pixi/envs/default/include -I.  -MMD -I/esat/studscratch/r1015498/Thesis/original_snax/snax_cluster/.pixi/envs/default/share/verilator/include -I/esat/studscratch/r1015498/Thesis/original_snax/snax_cluster/.pixi/envs/default/share/verilator/include/vltstd -DVM_COVERAGE=0 -DVM_SC=0 -DVM_TIMING=0 -DVM_TRACE=1 -DVM_TRACE_FST=0 -DVM_TRACE_VCD=1 -faligned-new -fcf-protection=none -Wno-bool-operation -Wno-shadow -Wno-sign-compare -Wno-subobject-linkage -Wno-tautological-compare -Wno-uninitialized -Wno-unused-but-set-parameter -Wno-unused-but-set-variable -Wno-unused-parameter -Wno-unused-variable      -x c++-header Vtestharness__pch.h -o Vtestharness__pch.h.slow.gch
echo "" > libVtestharness.verilator_deplist.tmp
/esat/studscratch/r1015498/Thesis/original_snax/snax_cluster/.pixi/envs/default/bin/x86_64-conda-linux-gnu-c++ -Os -fvisibility-inlines-hidden -fmessage-length=0 -march=nocona -mtune=haswell -ftree-vectorize -fPIC -fstack-protector-strong -fno-plt -O2 -ffunction-sections -pipe -isystem /pixi/.pixi/envs/default/include -DNDEBUG -D_FORTIFY_SOURCE=2 -O2 -isystem /pixi/.pixi/envs/default/include -I.  -MMD -I/esat/studscratch/r1015498/Thesis/original_snax/snax_cluster/.pixi/envs/default/share/verilator/include -I/esat/studscratch/r1015498/Thesis/original_snax/snax_cluster/.pixi/envs/default/share/verilator/include/vltstd -DVM_COVERAGE=0 -DVM_SC=0 -DVM_TIMING=0 -DVM_TRACE=1 -DVM_TRACE_FST=0 -DVM_TRACE_VCD=1 -faligned-new -fcf-protection=none -Wno-bool-operation -Wno-shadow -Wno-sign-compare -Wno-subobject-linkage -Wno-tautological-compare -Wno-uninitialized -Wno-unused-but-set-parameter -Wno-unused-but-set-variable -Wno-unused-parameter -Wno-unused-variable      -c -o verilated.o /esat/studscratch/r1015498/Thesis/original_snax/snax_cluster/.pixi/envs/default/share/verilator/include/verilated.cpp
/esat/studscratch/r1015498/Thesis/original_snax/snax_cluster/.pixi/envs/default/bin/x86_64-conda-linux-gnu-c++ -Os -fvisibility-inlines-hidden -fmessage-length=0 -march=nocona -mtune=haswell -ftree-vectorize -fPIC -fstack-protector-strong -fno-plt -O2 -ffunction-sections -pipe -isystem /pixi/.pixi/envs/default/include -DNDEBUG -D_FORTIFY_SOURCE=2 -O2 -isystem /pixi/.pixi/envs/default/include -I.  -MMD -I/esat/studscratch/r1015498/Thesis/original_snax/snax_cluster/.pixi/envs/default/share/verilator/include -I/esat/studscratch/r1015498/Thesis/original_snax/snax_cluster/.pixi/envs/default/share/verilator/include/vltstd -DVM_COVERAGE=0 -DVM_SC=0 -DVM_TIMING=0 -DVM_TRACE=1 -DVM_TRACE_FST=0 -DVM_TRACE_VCD=1 -faligned-new -fcf-protection=none -Wno-bool-operation -Wno-shadow -Wno-sign-compare -Wno-subobject-linkage -Wno-tautological-compare -Wno-uninitialized -Wno-unused-but-set-parameter -Wno-unused-but-set-variable -Wno-unused-parameter -Wno-unused-variable      -c -o verilated_dpi.o /esat/studscratch/r1015498/Thesis/original_snax/snax_cluster/.pixi/envs/default/share/verilator/include/verilated_dpi.cpp
/esat/studscratch/r1015498/Thesis/original_snax/snax_cluster/.pixi/envs/default/bin/x86_64-conda-linux-gnu-c++ -Os -fvisibility-inlines-hidden -fmessage-length=0 -march=nocona -mtune=haswell -ftree-vectorize -fPIC -fstack-protector-strong -fno-plt -O2 -ffunction-sections -pipe -isystem /pixi/.pixi/envs/default/include -DNDEBUG -D_FORTIFY_SOURCE=2 -O2 -isystem /pixi/.pixi/envs/default/include -I.  -MMD -I/esat/studscratch/r1015498/Thesis/original_snax/snax_cluster/.pixi/envs/default/share/verilator/include -I/esat/studscratch/r1015498/Thesis/original_snax/snax_cluster/.pixi/envs/default/share/verilator/include/vltstd -DVM_COVERAGE=0 -DVM_SC=0 -DVM_TIMING=0 -DVM_TRACE=1 -DVM_TRACE_FST=0 -DVM_TRACE_VCD=1 -faligned-new -fcf-protection=none -Wno-bool-operation -Wno-shadow -Wno-sign-compare -Wno-subobject-linkage -Wno-tautological-compare -Wno-uninitialized -Wno-unused-but-set-parameter -Wno-unused-but-set-variable -Wno-unused-parameter -Wno-unused-variable      -c -o verilated_vcd_c.o /esat/studscratch/r1015498/Thesis/original_snax/snax_cluster/.pixi/envs/default/share/verilator/include/verilated_vcd_c.cpp
/esat/studscratch/r1015498/Thesis/original_snax/snax_cluster/.pixi/envs/default/bin/x86_64-conda-linux-gnu-c++ -Os -fvisibility-inlines-hidden -fmessage-length=0 -march=nocona -mtune=haswell -ftree-vectorize -fPIC -fstack-protector-strong -fno-plt -O2 -ffunction-sections -pipe -isystem /pixi/.pixi/envs/default/include -DNDEBUG -D_FORTIFY_SOURCE=2 -O2 -isystem /pixi/.pixi/envs/default/include -I.  -MMD -I/esat/studscratch/r1015498/Thesis/original_snax/snax_cluster/.pixi/envs/default/share/verilator/include -I/esat/studscratch/r1015498/Thesis/original_snax/snax_cluster/.pixi/envs/default/share/verilator/include/vltstd -DVM_COVERAGE=0 -DVM_SC=0 -DVM_TIMING=0 -DVM_TRACE=1 -DVM_TRACE_FST=0 -DVM_TRACE_VCD=1 -faligned-new -fcf-protection=none -Wno-bool-operation -Wno-shadow -Wno-sign-compare -Wno-subobject-linkage -Wno-tautological-compare -Wno-uninitialized -Wno-unused-but-set-parameter -Wno-unused-but-set-variable -Wno-unused-parameter -Wno-unused-variable      -c -o verilated_threads.o /esat/studscratch/r1015498/Thesis/original_snax/snax_cluster/.pixi/envs/default/share/verilator/include/verilated_threads.cpp
echo "" > Vtestharness__ALL.verilator_deplist.tmp
echo "" > libverilated.verilator_deplist.tmp
/esat/studscratch/r1015498/Thesis/original_snax/snax_cluster/.pixi/envs/default/bin/x86_64-conda-linux-gnu-c++ -Os -fvisibility-inlines-hidden -fmessage-length=0 -march=nocona -mtune=haswell -ftree-vectorize -fPIC -fstack-protector-strong -fno-plt -O2 -ffunction-sections -pipe -isystem /pixi/.pixi/envs/default/include -DNDEBUG -D_FORTIFY_SOURCE=2 -O2 -isystem /pixi/.pixi/envs/default/include -I.  -MMD -I/esat/studscratch/r1015498/Thesis/original_snax/snax_cluster/.pixi/envs/default/share/verilator/include -I/esat/studscratch/r1015498/Thesis/original_snax/snax_cluster/.pixi/envs/default/share/verilator/include/vltstd -DVM_COVERAGE=0 -DVM_SC=0 -DVM_TIMING=0 -DVM_TRACE=1 -DVM_TRACE_FST=0 -DVM_TRACE_VCD=1 -faligned-new -fcf-protection=none -Wno-bool-operation -Wno-shadow -Wno-sign-compare -Wno-subobject-linkage -Wno-tautological-compare -Wno-uninitialized -Wno-unused-but-set-parameter -Wno-unused-but-set-variable -Wno-unused-parameter -Wno-unused-variable      -include Vtestharness__pch.h.fast -c -o Vtestharness.o Vtestharness.cpp
/esat/studscratch/r1015498/Thesis/original_snax/snax_cluster/.pixi/envs/default/bin/x86_64-conda-linux-gnu-c++ -Os -fvisibility-inlines-hidden -fmessage-length=0 -march=nocona -mtune=haswell -ftree-vectorize -fPIC -fstack-protector-strong -fno-plt -O2 -ffunction-sections -pipe -isystem /pixi/.pixi/envs/default/include -DNDEBUG -D_FORTIFY_SOURCE=2 -O2 -isystem /pixi/.pixi/envs/default/include -I.  -MMD -I/esat/studscratch/r1015498/Thesis/original_snax/snax_cluster/.pixi/envs/default/share/verilator/include -I/esat/studscratch/r1015498/Thesis/original_snax/snax_cluster/.pixi/envs/default/share/verilator/include/vltstd -DVM_COVERAGE=0 -DVM_SC=0 -DVM_TIMING=0 -DVM_TRACE=1 -DVM_TRACE_FST=0 -DVM_TRACE_VCD=1 -faligned-new -fcf-protection=none -Wno-bool-operation -Wno-shadow -Wno-sign-compare -Wno-subobject-linkage -Wno-tautological-compare -Wno-uninitialized -Wno-unused-but-set-parameter -Wno-unused-but-set-variable -Wno-unused-parameter -Wno-unused-variable      -include Vtestharness__pch.h.fast -c -o Vtestharness___024root__DepSet_hbc650c6c__0.o Vtestharness___024root__DepSet_hbc650c6c__0.cpp
/esat/studscratch/r1015498/Thesis/original_snax/snax_cluster/.pixi/envs/default/bin/x86_64-conda-linux-gnu-c++ -Os -fvisibility-inlines-hidden -fmessage-length=0 -march=nocona -mtune=haswell -ftree-vectorize -fPIC -fstack-protector-strong -fno-plt -O2 -ffunction-sections -pipe -isystem /pixi/.pixi/envs/default/include -DNDEBUG -D_FORTIFY_SOURCE=2 -O2 -isystem /pixi/.pixi/envs/default/include -I.  -MMD -I/esat/studscratch/r1015498/Thesis/original_snax/snax_cluster/.pixi/envs/default/share/verilator/include -I/esat/studscratch/r1015498/Thesis/original_snax/snax_cluster/.pixi/envs/default/share/verilator/include/vltstd -DVM_COVERAGE=0 -DVM_SC=0 -DVM_TIMING=0 -DVM_TRACE=1 -DVM_TRACE_FST=0 -DVM_TRACE_VCD=1 -faligned-new -fcf-protection=none -Wno-bool-operation -Wno-shadow -Wno-sign-compare -Wno-subobject-linkage -Wno-tautological-compare -Wno-uninitialized -Wno-unused-but-set-parameter -Wno-unused-but-set-variable -Wno-unused-parameter -Wno-unused-variable      -include Vtestharness__pch.h.fast -c -o Vtestharness___024root__DepSet_hbc650c6c__1.o Vtestharness___024root__DepSet_hbc650c6c__1.cpp
/esat/studscratch/r1015498/Thesis/original_snax/snax_cluster/.pixi/envs/default/bin/x86_64-conda-linux-gnu-c++ -Os -fvisibility-inlines-hidden -fmessage-length=0 -march=nocona -mtune=haswell -ftree-vectorize -fPIC -fstack-protector-strong -fno-plt -O2 -ffunction-sections -pipe -isystem /pixi/.pixi/envs/default/include -DNDEBUG -D_FORTIFY_SOURCE=2 -O2 -isystem /pixi/.pixi/envs/default/include -I.  -MMD -I/esat/studscratch/r1015498/Thesis/original_snax/snax_cluster/.pixi/envs/default/share/verilator/include -I/esat/studscratch/r1015498/Thesis/original_snax/snax_cluster/.pixi/envs/default/share/verilator/include/vltstd -DVM_COVERAGE=0 -DVM_SC=0 -DVM_TIMING=0 -DVM_TRACE=1 -DVM_TRACE_FST=0 -DVM_TRACE_VCD=1 -faligned-new -fcf-protection=none -Wno-bool-operation -Wno-shadow -Wno-sign-compare -Wno-subobject-linkage -Wno-tautological-compare -Wno-uninitialized -Wno-unused-but-set-parameter -Wno-unused-but-set-variable -Wno-unused-parameter -Wno-unused-variable      -include Vtestharness__pch.h.fast -c -o Vtestharness___024root__DepSet_hbc650c6c__2.o Vtestharness___024root__DepSet_hbc650c6c__2.cpp
/esat/studscratch/r1015498/Thesis/original_snax/snax_cluster/.pixi/envs/default/bin/x86_64-conda-linux-gnu-c++ -Os -fvisibility-inlines-hidden -fmessage-length=0 -march=nocona -mtune=haswell -ftree-vectorize -fPIC -fstack-protector-strong -fno-plt -O2 -ffunction-sections -pipe -isystem /pixi/.pixi/envs/default/include -DNDEBUG -D_FORTIFY_SOURCE=2 -O2 -isystem /pixi/.pixi/envs/default/include -I.  -MMD -I/esat/studscratch/r1015498/Thesis/original_snax/snax_cluster/.pixi/envs/default/share/verilator/include -I/esat/studscratch/r1015498/Thesis/original_snax/snax_cluster/.pixi/envs/default/share/verilator/include/vltstd -DVM_COVERAGE=0 -DVM_SC=0 -DVM_TIMING=0 -DVM_TRACE=1 -DVM_TRACE_FST=0 -DVM_TRACE_VCD=1 -faligned-new -fcf-protection=none -Wno-bool-operation -Wno-shadow -Wno-sign-compare -Wno-subobject-linkage -Wno-tautological-compare -Wno-uninitialized -Wno-unused-but-set-parameter -Wno-unused-but-set-variable -Wno-unused-parameter -Wno-unused-variable      -include Vtestharness__pch.h.fast -c -o Vtestharness___024root__DepSet_hbc650c6c__3.o Vtestharness___024root__DepSet_hbc650c6c__3.cpp
/esat/studscratch/r1015498/Thesis/original_snax/snax_cluster/.pixi/envs/default/bin/x86_64-conda-linux-gnu-c++ -Os -fvisibility-inlines-hidden -fmessage-length=0 -march=nocona -mtune=haswell -ftree-vectorize -fPIC -fstack-protector-strong -fno-plt -O2 -ffunction-sections -pipe -isystem /pixi/.pixi/envs/default/include -DNDEBUG -D_FORTIFY_SOURCE=2 -O2 -isystem /pixi/.pixi/envs/default/include -I.  -MMD -I/esat/studscratch/r1015498/Thesis/original_snax/snax_cluster/.pixi/envs/default/share/verilator/include -I/esat/studscratch/r1015498/Thesis/original_snax/snax_cluster/.pixi/envs/default/share/verilator/include/vltstd -DVM_COVERAGE=0 -DVM_SC=0 -DVM_TIMING=0 -DVM_TRACE=1 -DVM_TRACE_FST=0 -DVM_TRACE_VCD=1 -faligned-new -fcf-protection=none -Wno-bool-operation -Wno-shadow -Wno-sign-compare -Wno-subobject-linkage -Wno-tautological-compare -Wno-uninitialized -Wno-unused-but-set-parameter -Wno-unused-but-set-variable -Wno-unused-parameter -Wno-unused-variable      -include Vtestharness__pch.h.fast -c -o Vtestharness___024root__DepSet_hbc650c6c__4.o Vtestharness___024root__DepSet_hbc650c6c__4.cpp
/esat/studscratch/r1015498/Thesis/original_snax/snax_cluster/.pixi/envs/default/bin/x86_64-conda-linux-gnu-c++ -Os -fvisibility-inlines-hidden -fmessage-length=0 -march=nocona -mtune=haswell -ftree-vectorize -fPIC -fstack-protector-strong -fno-plt -O2 -ffunction-sections -pipe -isystem /pixi/.pixi/envs/default/include -DNDEBUG -D_FORTIFY_SOURCE=2 -O2 -isystem /pixi/.pixi/envs/default/include -I.  -MMD -I/esat/studscratch/r1015498/Thesis/original_snax/snax_cluster/.pixi/envs/default/share/verilator/include -I/esat/studscratch/r1015498/Thesis/original_snax/snax_cluster/.pixi/envs/default/share/verilator/include/vltstd -DVM_COVERAGE=0 -DVM_SC=0 -DVM_TIMING=0 -DVM_TRACE=1 -DVM_TRACE_FST=0 -DVM_TRACE_VCD=1 -faligned-new -fcf-protection=none -Wno-bool-operation -Wno-shadow -Wno-sign-compare -Wno-subobject-linkage -Wno-tautological-compare -Wno-uninitialized -Wno-unused-but-set-parameter -Wno-unused-but-set-variable -Wno-unused-parameter -Wno-unused-variable      -include Vtestharness__pch.h.fast -c -o Vtestharness___024root__DepSet_hbc650c6c__5.o Vtestharness___024root__DepSet_hbc650c6c__5.cpp
/esat/studscratch/r1015498/Thesis/original_snax/snax_cluster/.pixi/envs/default/bin/x86_64-conda-linux-gnu-c++ -Os -fvisibility-inlines-hidden -fmessage-length=0 -march=nocona -mtune=haswell -ftree-vectorize -fPIC -fstack-protector-strong -fno-plt -O2 -ffunction-sections -pipe -isystem /pixi/.pixi/envs/default/include -DNDEBUG -D_FORTIFY_SOURCE=2 -O2 -isystem /pixi/.pixi/envs/default/include -I.  -MMD -I/esat/studscratch/r1015498/Thesis/original_snax/snax_cluster/.pixi/envs/default/share/verilator/include -I/esat/studscratch/r1015498/Thesis/original_snax/snax_cluster/.pixi/envs/default/share/verilator/include/vltstd -DVM_COVERAGE=0 -DVM_SC=0 -DVM_TIMING=0 -DVM_TRACE=1 -DVM_TRACE_FST=0 -DVM_TRACE_VCD=1 -faligned-new -fcf-protection=none -Wno-bool-operation -Wno-shadow -Wno-sign-compare -Wno-subobject-linkage -Wno-tautological-compare -Wno-uninitialized -Wno-unused-but-set-parameter -Wno-unused-but-set-variable -Wno-unused-parameter -Wno-unused-variable      -include Vtestharness__pch.h.fast -c -o Vtestharness___024root__DepSet_hbc650c6c__6.o Vtestharness___024root__DepSet_hbc650c6c__6.cpp
/esat/studscratch/r1015498/Thesis/original_snax/snax_cluster/.pixi/envs/default/bin/x86_64-conda-linux-gnu-c++ -Os -fvisibility-inlines-hidden -fmessage-length=0 -march=nocona -mtune=haswell -ftree-vectorize -fPIC -fstack-protector-strong -fno-plt -O2 -ffunction-sections -pipe -isystem /pixi/.pixi/envs/default/include -DNDEBUG -D_FORTIFY_SOURCE=2 -O2 -isystem /pixi/.pixi/envs/default/include -I.  -MMD -I/esat/studscratch/r1015498/Thesis/original_snax/snax_cluster/.pixi/envs/default/share/verilator/include -I/esat/studscratch/r1015498/Thesis/original_snax/snax_cluster/.pixi/envs/default/share/verilator/include/vltstd -DVM_COVERAGE=0 -DVM_SC=0 -DVM_TIMING=0 -DVM_TRACE=1 -DVM_TRACE_FST=0 -DVM_TRACE_VCD=1 -faligned-new -fcf-protection=none -Wno-bool-operation -Wno-shadow -Wno-sign-compare -Wno-subobject-linkage -Wno-tautological-compare -Wno-uninitialized -Wno-unused-but-set-parameter -Wno-unused-but-set-variable -Wno-unused-parameter -Wno-unused-variable      -include Vtestharness__pch.h.fast -c -o Vtestharness___024root__DepSet_hbc650c6c__7.o Vtestharness___024root__DepSet_hbc650c6c__7.cpp
/esat/studscratch/r1015498/Thesis/original_snax/snax_cluster/.pixi/envs/default/bin/x86_64-conda-linux-gnu-c++ -Os -fvisibility-inlines-hidden -fmessage-length=0 -march=nocona -mtune=haswell -ftree-vectorize -fPIC -fstack-protector-strong -fno-plt -O2 -ffunction-sections -pipe -isystem /pixi/.pixi/envs/default/include -DNDEBUG -D_FORTIFY_SOURCE=2 -O2 -isystem /pixi/.pixi/envs/default/include -I.  -MMD -I/esat/studscratch/r1015498/Thesis/original_snax/snax_cluster/.pixi/envs/default/share/verilator/include -I/esat/studscratch/r1015498/Thesis/original_snax/snax_cluster/.pixi/envs/default/share/verilator/include/vltstd -DVM_COVERAGE=0 -DVM_SC=0 -DVM_TIMING=0 -DVM_TRACE=1 -DVM_TRACE_FST=0 -DVM_TRACE_VCD=1 -faligned-new -fcf-protection=none -Wno-bool-operation -Wno-shadow -Wno-sign-compare -Wno-subobject-linkage -Wno-tautological-compare -Wno-uninitialized -Wno-unused-but-set-parameter -Wno-unused-but-set-variable -Wno-unused-parameter -Wno-unused-variable      -include Vtestharness__pch.h.fast -c -o Vtestharness___024root__DepSet_hbc650c6c__8.o Vtestharness___024root__DepSet_hbc650c6c__8.cpp
/esat/studscratch/r1015498/Thesis/original_snax/snax_cluster/.pixi/envs/default/bin/x86_64-conda-linux-gnu-c++ -Os -fvisibility-inlines-hidden -fmessage-length=0 -march=nocona -mtune=haswell -ftree-vectorize -fPIC -fstack-protector-strong -fno-plt -O2 -ffunction-sections -pipe -isystem /pixi/.pixi/envs/default/include -DNDEBUG -D_FORTIFY_SOURCE=2 -O2 -isystem /pixi/.pixi/envs/default/include -I.  -MMD -I/esat/studscratch/r1015498/Thesis/original_snax/snax_cluster/.pixi/envs/default/share/verilator/include -I/esat/studscratch/r1015498/Thesis/original_snax/snax_cluster/.pixi/envs/default/share/verilator/include/vltstd -DVM_COVERAGE=0 -DVM_SC=0 -DVM_TIMING=0 -DVM_TRACE=1 -DVM_TRACE_FST=0 -DVM_TRACE_VCD=1 -faligned-new -fcf-protection=none -Wno-bool-operation -Wno-shadow -Wno-sign-compare -Wno-subobject-linkage -Wno-tautological-compare -Wno-uninitialized -Wno-unused-but-set-parameter -Wno-unused-but-set-variable -Wno-unused-parameter -Wno-unused-variable      -include Vtestharness__pch.h.fast -c -o Vtestharness___024root__DepSet_hbc650c6c__9.o Vtestharness___024root__DepSet_hbc650c6c__9.cpp
/esat/studscratch/r1015498/Thesis/original_snax/snax_cluster/.pixi/envs/default/bin/x86_64-conda-linux-gnu-c++ -Os -fvisibility-inlines-hidden -fmessage-length=0 -march=nocona -mtune=haswell -ftree-vectorize -fPIC -fstack-protector-strong -fno-plt -O2 -ffunction-sections -pipe -isystem /pixi/.pixi/envs/default/include -DNDEBUG -D_FORTIFY_SOURCE=2 -O2 -isystem /pixi/.pixi/envs/default/include -I.  -MMD -I/esat/studscratch/r1015498/Thesis/original_snax/snax_cluster/.pixi/envs/default/share/verilator/include -I/esat/studscratch/r1015498/Thesis/original_snax/snax_cluster/.pixi/envs/default/share/verilator/include/vltstd -DVM_COVERAGE=0 -DVM_SC=0 -DVM_TIMING=0 -DVM_TRACE=1 -DVM_TRACE_FST=0 -DVM_TRACE_VCD=1 -faligned-new -fcf-protection=none -Wno-bool-operation -Wno-shadow -Wno-sign-compare -Wno-subobject-linkage -Wno-tautological-compare -Wno-uninitialized -Wno-unused-but-set-parameter -Wno-unused-but-set-variable -Wno-unused-parameter -Wno-unused-variable      -include Vtestharness__pch.h.fast -c -o Vtestharness___024root__DepSet_hbc650c6c__10.o Vtestharness___024root__DepSet_hbc650c6c__10.cpp
/esat/studscratch/r1015498/Thesis/original_snax/snax_cluster/.pixi/envs/default/bin/x86_64-conda-linux-gnu-c++ -Os -fvisibility-inlines-hidden -fmessage-length=0 -march=nocona -mtune=haswell -ftree-vectorize -fPIC -fstack-protector-strong -fno-plt -O2 -ffunction-sections -pipe -isystem /pixi/.pixi/envs/default/include -DNDEBUG -D_FORTIFY_SOURCE=2 -O2 -isystem /pixi/.pixi/envs/default/include -I.  -MMD -I/esat/studscratch/r1015498/Thesis/original_snax/snax_cluster/.pixi/envs/default/share/verilator/include -I/esat/studscratch/r1015498/Thesis/original_snax/snax_cluster/.pixi/envs/default/share/verilator/include/vltstd -DVM_COVERAGE=0 -DVM_SC=0 -DVM_TIMING=0 -DVM_TRACE=1 -DVM_TRACE_FST=0 -DVM_TRACE_VCD=1 -faligned-new -fcf-protection=none -Wno-bool-operation -Wno-shadow -Wno-sign-compare -Wno-subobject-linkage -Wno-tautological-compare -Wno-uninitialized -Wno-unused-but-set-parameter -Wno-unused-but-set-variable -Wno-unused-parameter -Wno-unused-variable      -include Vtestharness__pch.h.fast -c -o Vtestharness___024root__DepSet_hbc650c6c__11.o Vtestharness___024root__DepSet_hbc650c6c__11.cpp
/esat/studscratch/r1015498/Thesis/original_snax/snax_cluster/.pixi/envs/default/bin/x86_64-conda-linux-gnu-c++ -Os -fvisibility-inlines-hidden -fmessage-length=0 -march=nocona -mtune=haswell -ftree-vectorize -fPIC -fstack-protector-strong -fno-plt -O2 -ffunction-sections -pipe -isystem /pixi/.pixi/envs/default/include -DNDEBUG -D_FORTIFY_SOURCE=2 -O2 -isystem /pixi/.pixi/envs/default/include -I.  -MMD -I/esat/studscratch/r1015498/Thesis/original_snax/snax_cluster/.pixi/envs/default/share/verilator/include -I/esat/studscratch/r1015498/Thesis/original_snax/snax_cluster/.pixi/envs/default/share/verilator/include/vltstd -DVM_COVERAGE=0 -DVM_SC=0 -DVM_TIMING=0 -DVM_TRACE=1 -DVM_TRACE_FST=0 -DVM_TRACE_VCD=1 -faligned-new -fcf-protection=none -Wno-bool-operation -Wno-shadow -Wno-sign-compare -Wno-subobject-linkage -Wno-tautological-compare -Wno-uninitialized -Wno-unused-but-set-parameter -Wno-unused-but-set-variable -Wno-unused-parameter -Wno-unused-variable      -include Vtestharness__pch.h.fast -c -o Vtestharness___024root__DepSet_h3e9cff1f__0.o Vtestharness___024root__DepSet_h3e9cff1f__0.cpp
/esat/studscratch/r1015498/Thesis/original_snax/snax_cluster/.pixi/envs/default/bin/x86_64-conda-linux-gnu-c++ -Os -fvisibility-inlines-hidden -fmessage-length=0 -march=nocona -mtune=haswell -ftree-vectorize -fPIC -fstack-protector-strong -fno-plt -O2 -ffunction-sections -pipe -isystem /pixi/.pixi/envs/default/include -DNDEBUG -D_FORTIFY_SOURCE=2 -O2 -isystem /pixi/.pixi/envs/default/include -I.  -MMD -I/esat/studscratch/r1015498/Thesis/original_snax/snax_cluster/.pixi/envs/default/share/verilator/include -I/esat/studscratch/r1015498/Thesis/original_snax/snax_cluster/.pixi/envs/default/share/verilator/include/vltstd -DVM_COVERAGE=0 -DVM_SC=0 -DVM_TIMING=0 -DVM_TRACE=1 -DVM_TRACE_FST=0 -DVM_TRACE_VCD=1 -faligned-new -fcf-protection=none -Wno-bool-operation -Wno-shadow -Wno-sign-compare -Wno-subobject-linkage -Wno-tautological-compare -Wno-uninitialized -Wno-unused-but-set-parameter -Wno-unused-but-set-variable -Wno-unused-parameter -Wno-unused-variable      -include Vtestharness__pch.h.fast -c -o Vtestharness___024root__DepSet_h3e9cff1f__1.o Vtestharness___024root__DepSet_h3e9cff1f__1.cpp
/esat/studscratch/r1015498/Thesis/original_snax/snax_cluster/.pixi/envs/default/bin/x86_64-conda-linux-gnu-c++ -Os -fvisibility-inlines-hidden -fmessage-length=0 -march=nocona -mtune=haswell -ftree-vectorize -fPIC -fstack-protector-strong -fno-plt -O2 -ffunction-sections -pipe -isystem /pixi/.pixi/envs/default/include -DNDEBUG -D_FORTIFY_SOURCE=2 -O2 -isystem /pixi/.pixi/envs/default/include -I.  -MMD -I/esat/studscratch/r1015498/Thesis/original_snax/snax_cluster/.pixi/envs/default/share/verilator/include -I/esat/studscratch/r1015498/Thesis/original_snax/snax_cluster/.pixi/envs/default/share/verilator/include/vltstd -DVM_COVERAGE=0 -DVM_SC=0 -DVM_TIMING=0 -DVM_TRACE=1 -DVM_TRACE_FST=0 -DVM_TRACE_VCD=1 -faligned-new -fcf-protection=none -Wno-bool-operation -Wno-shadow -Wno-sign-compare -Wno-subobject-linkage -Wno-tautological-compare -Wno-uninitialized -Wno-unused-but-set-parameter -Wno-unused-but-set-variable -Wno-unused-parameter -Wno-unused-variable      -include Vtestharness__pch.h.fast -c -o Vtestharness___024root__DepSet_h3e9cff1f__2.o Vtestharness___024root__DepSet_h3e9cff1f__2.cpp
/esat/studscratch/r1015498/Thesis/original_snax/snax_cluster/.pixi/envs/default/bin/x86_64-conda-linux-gnu-c++ -Os -fvisibility-inlines-hidden -fmessage-length=0 -march=nocona -mtune=haswell -ftree-vectorize -fPIC -fstack-protector-strong -fno-plt -O2 -ffunction-sections -pipe -isystem /pixi/.pixi/envs/default/include -DNDEBUG -D_FORTIFY_SOURCE=2 -O2 -isystem /pixi/.pixi/envs/default/include -I.  -MMD -I/esat/studscratch/r1015498/Thesis/original_snax/snax_cluster/.pixi/envs/default/share/verilator/include -I/esat/studscratch/r1015498/Thesis/original_snax/snax_cluster/.pixi/envs/default/share/verilator/include/vltstd -DVM_COVERAGE=0 -DVM_SC=0 -DVM_TIMING=0 -DVM_TRACE=1 -DVM_TRACE_FST=0 -DVM_TRACE_VCD=1 -faligned-new -fcf-protection=none -Wno-bool-operation -Wno-shadow -Wno-sign-compare -Wno-subobject-linkage -Wno-tautological-compare -Wno-uninitialized -Wno-unused-but-set-parameter -Wno-unused-but-set-variable -Wno-unused-parameter -Wno-unused-variable      -include Vtestharness__pch.h.fast -c -o Vtestharness___024root__DepSet_h3e9cff1f__3.o Vtestharness___024root__DepSet_h3e9cff1f__3.cpp
/esat/studscratch/r1015498/Thesis/original_snax/snax_cluster/.pixi/envs/default/bin/x86_64-conda-linux-gnu-c++ -Os -fvisibility-inlines-hidden -fmessage-length=0 -march=nocona -mtune=haswell -ftree-vectorize -fPIC -fstack-protector-strong -fno-plt -O2 -ffunction-sections -pipe -isystem /pixi/.pixi/envs/default/include -DNDEBUG -D_FORTIFY_SOURCE=2 -O2 -isystem /pixi/.pixi/envs/default/include -I.  -MMD -I/esat/studscratch/r1015498/Thesis/original_snax/snax_cluster/.pixi/envs/default/share/verilator/include -I/esat/studscratch/r1015498/Thesis/original_snax/snax_cluster/.pixi/envs/default/share/verilator/include/vltstd -DVM_COVERAGE=0 -DVM_SC=0 -DVM_TIMING=0 -DVM_TRACE=1 -DVM_TRACE_FST=0 -DVM_TRACE_VCD=1 -faligned-new -fcf-protection=none -Wno-bool-operation -Wno-shadow -Wno-sign-compare -Wno-subobject-linkage -Wno-tautological-compare -Wno-uninitialized -Wno-unused-but-set-parameter -Wno-unused-but-set-variable -Wno-unused-parameter -Wno-unused-variable      -include Vtestharness__pch.h.fast -c -o Vtestharness___024root__DepSet_h3e9cff1f__4.o Vtestharness___024root__DepSet_h3e9cff1f__4.cpp
/esat/studscratch/r1015498/Thesis/original_snax/snax_cluster/.pixi/envs/default/bin/x86_64-conda-linux-gnu-c++ -Os -fvisibility-inlines-hidden -fmessage-length=0 -march=nocona -mtune=haswell -ftree-vectorize -fPIC -fstack-protector-strong -fno-plt -O2 -ffunction-sections -pipe -isystem /pixi/.pixi/envs/default/include -DNDEBUG -D_FORTIFY_SOURCE=2 -O2 -isystem /pixi/.pixi/envs/default/include -I.  -MMD -I/esat/studscratch/r1015498/Thesis/original_snax/snax_cluster/.pixi/envs/default/share/verilator/include -I/esat/studscratch/r1015498/Thesis/original_snax/snax_cluster/.pixi/envs/default/share/verilator/include/vltstd -DVM_COVERAGE=0 -DVM_SC=0 -DVM_TIMING=0 -DVM_TRACE=1 -DVM_TRACE_FST=0 -DVM_TRACE_VCD=1 -faligned-new -fcf-protection=none -Wno-bool-operation -Wno-shadow -Wno-sign-compare -Wno-subobject-linkage -Wno-tautological-compare -Wno-uninitialized -Wno-unused-but-set-parameter -Wno-unused-but-set-variable -Wno-unused-parameter -Wno-unused-variable      -include Vtestharness__pch.h.fast -c -o Vtestharness___024root__DepSet_h3e9cff1f__5.o Vtestharness___024root__DepSet_h3e9cff1f__5.cpp
/esat/studscratch/r1015498/Thesis/original_snax/snax_cluster/.pixi/envs/default/bin/x86_64-conda-linux-gnu-c++ -Os -fvisibility-inlines-hidden -fmessage-length=0 -march=nocona -mtune=haswell -ftree-vectorize -fPIC -fstack-protector-strong -fno-plt -O2 -ffunction-sections -pipe -isystem /pixi/.pixi/envs/default/include -DNDEBUG -D_FORTIFY_SOURCE=2 -O2 -isystem /pixi/.pixi/envs/default/include -I.  -MMD -I/esat/studscratch/r1015498/Thesis/original_snax/snax_cluster/.pixi/envs/default/share/verilator/include -I/esat/studscratch/r1015498/Thesis/original_snax/snax_cluster/.pixi/envs/default/share/verilator/include/vltstd -DVM_COVERAGE=0 -DVM_SC=0 -DVM_TIMING=0 -DVM_TRACE=1 -DVM_TRACE_FST=0 -DVM_TRACE_VCD=1 -faligned-new -fcf-protection=none -Wno-bool-operation -Wno-shadow -Wno-sign-compare -Wno-subobject-linkage -Wno-tautological-compare -Wno-uninitialized -Wno-unused-but-set-parameter -Wno-unused-but-set-variable -Wno-unused-parameter -Wno-unused-variable      -include Vtestharness__pch.h.fast -c -o Vtestharness___024root__DepSet_h3e9cff1f__6.o Vtestharness___024root__DepSet_h3e9cff1f__6.cpp
/esat/studscratch/r1015498/Thesis/original_snax/snax_cluster/.pixi/envs/default/bin/x86_64-conda-linux-gnu-c++ -Os -fvisibility-inlines-hidden -fmessage-length=0 -march=nocona -mtune=haswell -ftree-vectorize -fPIC -fstack-protector-strong -fno-plt -O2 -ffunction-sections -pipe -isystem /pixi/.pixi/envs/default/include -DNDEBUG -D_FORTIFY_SOURCE=2 -O2 -isystem /pixi/.pixi/envs/default/include -I.  -MMD -I/esat/studscratch/r1015498/Thesis/original_snax/snax_cluster/.pixi/envs/default/share/verilator/include -I/esat/studscratch/r1015498/Thesis/original_snax/snax_cluster/.pixi/envs/default/share/verilator/include/vltstd -DVM_COVERAGE=0 -DVM_SC=0 -DVM_TIMING=0 -DVM_TRACE=1 -DVM_TRACE_FST=0 -DVM_TRACE_VCD=1 -faligned-new -fcf-protection=none -Wno-bool-operation -Wno-shadow -Wno-sign-compare -Wno-subobject-linkage -Wno-tautological-compare -Wno-uninitialized -Wno-unused-but-set-parameter -Wno-unused-but-set-variable -Wno-unused-parameter -Wno-unused-variable      -include Vtestharness__pch.h.fast -c -o Vtestharness___024root__DepSet_h3e9cff1f__7.o Vtestharness___024root__DepSet_h3e9cff1f__7.cpp
/esat/studscratch/r1015498/Thesis/original_snax/snax_cluster/.pixi/envs/default/bin/x86_64-conda-linux-gnu-c++ -Os -fvisibility-inlines-hidden -fmessage-length=0 -march=nocona -mtune=haswell -ftree-vectorize -fPIC -fstack-protector-strong -fno-plt -O2 -ffunction-sections -pipe -isystem /pixi/.pixi/envs/default/include -DNDEBUG -D_FORTIFY_SOURCE=2 -O2 -isystem /pixi/.pixi/envs/default/include -I.  -MMD -I/esat/studscratch/r1015498/Thesis/original_snax/snax_cluster/.pixi/envs/default/share/verilator/include -I/esat/studscratch/r1015498/Thesis/original_snax/snax_cluster/.pixi/envs/default/share/verilator/include/vltstd -DVM_COVERAGE=0 -DVM_SC=0 -DVM_TIMING=0 -DVM_TRACE=1 -DVM_TRACE_FST=0 -DVM_TRACE_VCD=1 -faligned-new -fcf-protection=none -Wno-bool-operation -Wno-shadow -Wno-sign-compare -Wno-subobject-linkage -Wno-tautological-compare -Wno-uninitialized -Wno-unused-but-set-parameter -Wno-unused-but-set-variable -Wno-unused-parameter -Wno-unused-variable      -include Vtestharness__pch.h.fast -c -o Vtestharness___024root__DepSet_h3e9cff1f__8.o Vtestharness___024root__DepSet_h3e9cff1f__8.cpp
/esat/studscratch/r1015498/Thesis/original_snax/snax_cluster/.pixi/envs/default/bin/x86_64-conda-linux-gnu-c++ -Os -fvisibility-inlines-hidden -fmessage-length=0 -march=nocona -mtune=haswell -ftree-vectorize -fPIC -fstack-protector-strong -fno-plt -O2 -ffunction-sections -pipe -isystem /pixi/.pixi/envs/default/include -DNDEBUG -D_FORTIFY_SOURCE=2 -O2 -isystem /pixi/.pixi/envs/default/include -I.  -MMD -I/esat/studscratch/r1015498/Thesis/original_snax/snax_cluster/.pixi/envs/default/share/verilator/include -I/esat/studscratch/r1015498/Thesis/original_snax/snax_cluster/.pixi/envs/default/share/verilator/include/vltstd -DVM_COVERAGE=0 -DVM_SC=0 -DVM_TIMING=0 -DVM_TRACE=1 -DVM_TRACE_FST=0 -DVM_TRACE_VCD=1 -faligned-new -fcf-protection=none -Wno-bool-operation -Wno-shadow -Wno-sign-compare -Wno-subobject-linkage -Wno-tautological-compare -Wno-uninitialized -Wno-unused-but-set-parameter -Wno-unused-but-set-variable -Wno-unused-parameter -Wno-unused-variable      -include Vtestharness__pch.h.fast -c -o Vtestharness___024root__DepSet_h3e9cff1f__9.o Vtestharness___024root__DepSet_h3e9cff1f__9.cpp
/esat/studscratch/r1015498/Thesis/original_snax/snax_cluster/.pixi/envs/default/bin/x86_64-conda-linux-gnu-c++ -Os -fvisibility-inlines-hidden -fmessage-length=0 -march=nocona -mtune=haswell -ftree-vectorize -fPIC -fstack-protector-strong -fno-plt -O2 -ffunction-sections -pipe -isystem /pixi/.pixi/envs/default/include -DNDEBUG -D_FORTIFY_SOURCE=2 -O2 -isystem /pixi/.pixi/envs/default/include -I.  -MMD -I/esat/studscratch/r1015498/Thesis/original_snax/snax_cluster/.pixi/envs/default/share/verilator/include -I/esat/studscratch/r1015498/Thesis/original_snax/snax_cluster/.pixi/envs/default/share/verilator/include/vltstd -DVM_COVERAGE=0 -DVM_SC=0 -DVM_TIMING=0 -DVM_TRACE=1 -DVM_TRACE_FST=0 -DVM_TRACE_VCD=1 -faligned-new -fcf-protection=none -Wno-bool-operation -Wno-shadow -Wno-sign-compare -Wno-subobject-linkage -Wno-tautological-compare -Wno-uninitialized -Wno-unused-but-set-parameter -Wno-unused-but-set-variable -Wno-unused-parameter -Wno-unused-variable      -include Vtestharness__pch.h.fast -c -o Vtestharness___024root__DepSet_h3e9cff1f__10.o Vtestharness___024root__DepSet_h3e9cff1f__10.cpp
/esat/studscratch/r1015498/Thesis/original_snax/snax_cluster/.pixi/envs/default/bin/x86_64-conda-linux-gnu-c++ -Os -fvisibility-inlines-hidden -fmessage-length=0 -march=nocona -mtune=haswell -ftree-vectorize -fPIC -fstack-protector-strong -fno-plt -O2 -ffunction-sections -pipe -isystem /pixi/.pixi/envs/default/include -DNDEBUG -D_FORTIFY_SOURCE=2 -O2 -isystem /pixi/.pixi/envs/default/include -I.  -MMD -I/esat/studscratch/r1015498/Thesis/original_snax/snax_cluster/.pixi/envs/default/share/verilator/include -I/esat/studscratch/r1015498/Thesis/original_snax/snax_cluster/.pixi/envs/default/share/verilator/include/vltstd -DVM_COVERAGE=0 -DVM_SC=0 -DVM_TIMING=0 -DVM_TRACE=1 -DVM_TRACE_FST=0 -DVM_TRACE_VCD=1 -faligned-new -fcf-protection=none -Wno-bool-operation -Wno-shadow -Wno-sign-compare -Wno-subobject-linkage -Wno-tautological-compare -Wno-uninitialized -Wno-unused-but-set-parameter -Wno-unused-but-set-variable -Wno-unused-parameter -Wno-unused-variable      -include Vtestharness__pch.h.fast -c -o Vtestharness___024root__DepSet_h3e9cff1f__11.o Vtestharness___024root__DepSet_h3e9cff1f__11.cpp
/esat/studscratch/r1015498/Thesis/original_snax/snax_cluster/.pixi/envs/default/bin/x86_64-conda-linux-gnu-c++ -Os -fvisibility-inlines-hidden -fmessage-length=0 -march=nocona -mtune=haswell -ftree-vectorize -fPIC -fstack-protector-strong -fno-plt -O2 -ffunction-sections -pipe -isystem /pixi/.pixi/envs/default/include -DNDEBUG -D_FORTIFY_SOURCE=2 -O2 -isystem /pixi/.pixi/envs/default/include -I.  -MMD -I/esat/studscratch/r1015498/Thesis/original_snax/snax_cluster/.pixi/envs/default/share/verilator/include -I/esat/studscratch/r1015498/Thesis/original_snax/snax_cluster/.pixi/envs/default/share/verilator/include/vltstd -DVM_COVERAGE=0 -DVM_SC=0 -DVM_TIMING=0 -DVM_TRACE=1 -DVM_TRACE_FST=0 -DVM_TRACE_VCD=1 -faligned-new -fcf-protection=none -Wno-bool-operation -Wno-shadow -Wno-sign-compare -Wno-subobject-linkage -Wno-tautological-compare -Wno-uninitialized -Wno-unused-but-set-parameter -Wno-unused-but-set-variable -Wno-unused-parameter -Wno-unused-variable      -include Vtestharness__pch.h.fast -c -o Vtestharness___024root__DepSet_h3e9cff1f__12.o Vtestharness___024root__DepSet_h3e9cff1f__12.cpp
/esat/studscratch/r1015498/Thesis/original_snax/snax_cluster/.pixi/envs/default/bin/x86_64-conda-linux-gnu-c++ -Os -fvisibility-inlines-hidden -fmessage-length=0 -march=nocona -mtune=haswell -ftree-vectorize -fPIC -fstack-protector-strong -fno-plt -O2 -ffunction-sections -pipe -isystem /pixi/.pixi/envs/default/include -DNDEBUG -D_FORTIFY_SOURCE=2 -O2 -isystem /pixi/.pixi/envs/default/include -I.  -MMD -I/esat/studscratch/r1015498/Thesis/original_snax/snax_cluster/.pixi/envs/default/share/verilator/include -I/esat/studscratch/r1015498/Thesis/original_snax/snax_cluster/.pixi/envs/default/share/verilator/include/vltstd -DVM_COVERAGE=0 -DVM_SC=0 -DVM_TIMING=0 -DVM_TRACE=1 -DVM_TRACE_FST=0 -DVM_TRACE_VCD=1 -faligned-new -fcf-protection=none -Wno-bool-operation -Wno-shadow -Wno-sign-compare -Wno-subobject-linkage -Wno-tautological-compare -Wno-uninitialized -Wno-unused-but-set-parameter -Wno-unused-but-set-variable -Wno-unused-parameter -Wno-unused-variable      -include Vtestharness__pch.h.fast -c -o Vtestharness___024root__DepSet_h3e9cff1f__13.o Vtestharness___024root__DepSet_h3e9cff1f__13.cpp
/esat/studscratch/r1015498/Thesis/original_snax/snax_cluster/.pixi/envs/default/bin/x86_64-conda-linux-gnu-c++ -Os -fvisibility-inlines-hidden -fmessage-length=0 -march=nocona -mtune=haswell -ftree-vectorize -fPIC -fstack-protector-strong -fno-plt -O2 -ffunction-sections -pipe -isystem /pixi/.pixi/envs/default/include -DNDEBUG -D_FORTIFY_SOURCE=2 -O2 -isystem /pixi/.pixi/envs/default/include -I.  -MMD -I/esat/studscratch/r1015498/Thesis/original_snax/snax_cluster/.pixi/envs/default/share/verilator/include -I/esat/studscratch/r1015498/Thesis/original_snax/snax_cluster/.pixi/envs/default/share/verilator/include/vltstd -DVM_COVERAGE=0 -DVM_SC=0 -DVM_TIMING=0 -DVM_TRACE=1 -DVM_TRACE_FST=0 -DVM_TRACE_VCD=1 -faligned-new -fcf-protection=none -Wno-bool-operation -Wno-shadow -Wno-sign-compare -Wno-subobject-linkage -Wno-tautological-compare -Wno-uninitialized -Wno-unused-but-set-parameter -Wno-unused-but-set-variable -Wno-unused-parameter -Wno-unused-variable      -include Vtestharness__pch.h.fast -c -o Vtestharness___024unit__DepSet_h888bae81__0.o Vtestharness___024unit__DepSet_h888bae81__0.cpp
/esat/studscratch/r1015498/Thesis/original_snax/snax_cluster/.pixi/envs/default/bin/x86_64-conda-linux-gnu-c++ -Os -fvisibility-inlines-hidden -fmessage-length=0 -march=nocona -mtune=haswell -ftree-vectorize -fPIC -fstack-protector-strong -fno-plt -O2 -ffunction-sections -pipe -isystem /pixi/.pixi/envs/default/include -DNDEBUG -D_FORTIFY_SOURCE=2 -O2 -isystem /pixi/.pixi/envs/default/include -I.  -MMD -I/esat/studscratch/r1015498/Thesis/original_snax/snax_cluster/.pixi/envs/default/share/verilator/include -I/esat/studscratch/r1015498/Thesis/original_snax/snax_cluster/.pixi/envs/default/share/verilator/include/vltstd -DVM_COVERAGE=0 -DVM_SC=0 -DVM_TIMING=0 -DVM_TRACE=1 -DVM_TRACE_FST=0 -DVM_TRACE_VCD=1 -faligned-new -fcf-protection=none -Wno-bool-operation -Wno-shadow -Wno-sign-compare -Wno-subobject-linkage -Wno-tautological-compare -Wno-uninitialized -Wno-unused-but-set-parameter -Wno-unused-but-set-variable -Wno-unused-parameter -Wno-unused-variable      -include Vtestharness__pch.h.fast -c -o Vtestharness_snitch_amo_shim__Ae_D40_C1__DepSet_ha7a765ad__0.o Vtestharness_snitch_amo_shim__Ae_D40_C1__DepSet_ha7a765ad__0.cpp
/esat/studscratch/r1015498/Thesis/original_snax/snax_cluster/.pixi/envs/default/bin/x86_64-conda-linux-gnu-c++ -Os -fvisibility-inlines-hidden -fmessage-length=0 -march=nocona -mtune=haswell -ftree-vectorize -fPIC -fstack-protector-strong -fno-plt -O2 -ffunction-sections -pipe -isystem /pixi/.pixi/envs/default/include -DNDEBUG -D_FORTIFY_SOURCE=2 -O2 -isystem /pixi/.pixi/envs/default/include -I.  -MMD -I/esat/studscratch/r1015498/Thesis/original_snax/snax_cluster/.pixi/envs/default/share/verilator/include -I/esat/studscratch/r1015498/Thesis/original_snax/snax_cluster/.pixi/envs/default/share/verilator/include/vltstd -DVM_COVERAGE=0 -DVM_SC=0 -DVM_TIMING=0 -DVM_TRACE=1 -DVM_TRACE_FST=0 -DVM_TRACE_VCD=1 -faligned-new -fcf-protection=none -Wno-bool-operation -Wno-shadow -Wno-sign-compare -Wno-subobject-linkage -Wno-tautological-compare -Wno-uninitialized -Wno-unused-but-set-parameter -Wno-unused-but-set-variable -Wno-unused-parameter -Wno-unused-variable      -include Vtestharness__pch.h.fast -c -o Vtestharness_snitch_amo_shim__Ae_D40_C1__DepSet_ha7a765ad__1.o Vtestharness_snitch_amo_shim__Ae_D40_C1__DepSet_ha7a765ad__1.cpp
/esat/studscratch/r1015498/Thesis/original_snax/snax_cluster/.pixi/envs/default/bin/x86_64-conda-linux-gnu-c++ -Os -fvisibility-inlines-hidden -fmessage-length=0 -march=nocona -mtune=haswell -ftree-vectorize -fPIC -fstack-protector-strong -fno-plt -O2 -ffunction-sections -pipe -isystem /pixi/.pixi/envs/default/include -DNDEBUG -D_FORTIFY_SOURCE=2 -O2 -isystem /pixi/.pixi/envs/default/include -I.  -MMD -I/esat/studscratch/r1015498/Thesis/original_snax/snax_cluster/.pixi/envs/default/share/verilator/include -I/esat/studscratch/r1015498/Thesis/original_snax/snax_cluster/.pixi/envs/default/share/verilator/include/vltstd -DVM_COVERAGE=0 -DVM_SC=0 -DVM_TIMING=0 -DVM_TRACE=1 -DVM_TRACE_FST=0 -DVM_TRACE_VCD=1 -faligned-new -fcf-protection=none -Wno-bool-operation -Wno-shadow -Wno-sign-compare -Wno-subobject-linkage -Wno-tautological-compare -Wno-uninitialized -Wno-unused-but-set-parameter -Wno-unused-but-set-variable -Wno-unused-parameter -Wno-unused-variable      -include Vtestharness__pch.h.fast -c -o Vtestharness_snitch_amo_shim__Ae_D40_C1__DepSet_ha7a765ad__2.o Vtestharness_snitch_amo_shim__Ae_D40_C1__DepSet_ha7a765ad__2.cpp
/esat/studscratch/r1015498/Thesis/original_snax/snax_cluster/.pixi/envs/default/bin/x86_64-conda-linux-gnu-c++ -Os -fvisibility-inlines-hidden -fmessage-length=0 -march=nocona -mtune=haswell -ftree-vectorize -fPIC -fstack-protector-strong -fno-plt -O2 -ffunction-sections -pipe -isystem /pixi/.pixi/envs/default/include -DNDEBUG -D_FORTIFY_SOURCE=2 -O2 -isystem /pixi/.pixi/envs/default/include -I.  -MMD -I/esat/studscratch/r1015498/Thesis/original_snax/snax_cluster/.pixi/envs/default/share/verilator/include -I/esat/studscratch/r1015498/Thesis/original_snax/snax_cluster/.pixi/envs/default/share/verilator/include/vltstd -DVM_COVERAGE=0 -DVM_SC=0 -DVM_TIMING=0 -DVM_TRACE=1 -DVM_TRACE_FST=0 -DVM_TRACE_VCD=1 -faligned-new -fcf-protection=none -Wno-bool-operation -Wno-shadow -Wno-sign-compare -Wno-subobject-linkage -Wno-tautological-compare -Wno-uninitialized -Wno-unused-but-set-parameter -Wno-unused-but-set-variable -Wno-unused-parameter -Wno-unused-variable      -include Vtestharness__pch.h.fast -c -o Vtestharness_VersaCore__DepSet_h0e34f730__0.o Vtestharness_VersaCore__DepSet_h0e34f730__0.cpp
/esat/studscratch/r1015498/Thesis/original_snax/snax_cluster/.pixi/envs/default/bin/x86_64-conda-linux-gnu-c++ -Os -fvisibility-inlines-hidden -fmessage-length=0 -march=nocona -mtune=haswell -ftree-vectorize -fPIC -fstack-protector-strong -fno-plt -O2 -ffunction-sections -pipe -isystem /pixi/.pixi/envs/default/include -DNDEBUG -D_FORTIFY_SOURCE=2 -O2 -isystem /pixi/.pixi/envs/default/include -I.  -MMD -I/esat/studscratch/r1015498/Thesis/original_snax/snax_cluster/.pixi/envs/default/share/verilator/include -I/esat/studscratch/r1015498/Thesis/original_snax/snax_cluster/.pixi/envs/default/share/verilator/include/vltstd -DVM_COVERAGE=0 -DVM_SC=0 -DVM_TIMING=0 -DVM_TRACE=1 -DVM_TRACE_FST=0 -DVM_TRACE_VCD=1 -faligned-new -fcf-protection=none -Wno-bool-operation -Wno-shadow -Wno-sign-compare -Wno-subobject-linkage -Wno-tautological-compare -Wno-uninitialized -Wno-unused-but-set-parameter -Wno-unused-but-set-variable -Wno-unused-parameter -Wno-unused-variable      -include Vtestharness__pch.h.fast -c -o Vtestharness_VersaCore__DepSet_h218f0bea__0.o Vtestharness_VersaCore__DepSet_h218f0bea__0.cpp
/esat/studscratch/r1015498/Thesis/original_snax/snax_cluster/.pixi/envs/default/bin/x86_64-conda-linux-gnu-c++ -Os -fvisibility-inlines-hidden -fmessage-length=0 -march=nocona -mtune=haswell -ftree-vectorize -fPIC -fstack-protector-strong -fno-plt -O2 -ffunction-sections -pipe -isystem /pixi/.pixi/envs/default/include -DNDEBUG -D_FORTIFY_SOURCE=2 -O2 -isystem /pixi/.pixi/envs/default/include -I.  -MMD -I/esat/studscratch/r1015498/Thesis/original_snax/snax_cluster/.pixi/envs/default/share/verilator/include -I/esat/studscratch/r1015498/Thesis/original_snax/snax_cluster/.pixi/envs/default/share/verilator/include/vltstd -DVM_COVERAGE=0 -DVM_SC=0 -DVM_TIMING=0 -DVM_TRACE=1 -DVM_TRACE_FST=0 -DVM_TRACE_VCD=1 -faligned-new -fcf-protection=none -Wno-bool-operation -Wno-shadow -Wno-sign-compare -Wno-subobject-linkage -Wno-tautological-compare -Wno-uninitialized -Wno-unused-but-set-parameter -Wno-unused-but-set-variable -Wno-unused-parameter -Wno-unused-variable      -include Vtestharness__pch.h.fast -c -o Vtestharness_VersaCore__DepSet_h218f0bea__1.o Vtestharness_VersaCore__DepSet_h218f0bea__1.cpp
/esat/studscratch/r1015498/Thesis/original_snax/snax_cluster/.pixi/envs/default/bin/x86_64-conda-linux-gnu-c++ -Os -fvisibility-inlines-hidden -fmessage-length=0 -march=nocona -mtune=haswell -ftree-vectorize -fPIC -fstack-protector-strong -fno-plt -O2 -ffunction-sections -pipe -isystem /pixi/.pixi/envs/default/include -DNDEBUG -D_FORTIFY_SOURCE=2 -O2 -isystem /pixi/.pixi/envs/default/include -I.  -MMD -I/esat/studscratch/r1015498/Thesis/original_snax/snax_cluster/.pixi/envs/default/share/verilator/include -I/esat/studscratch/r1015498/Thesis/original_snax/snax_cluster/.pixi/envs/default/share/verilator/include/vltstd -DVM_COVERAGE=0 -DVM_SC=0 -DVM_TIMING=0 -DVM_TRACE=1 -DVM_TRACE_FST=0 -DVM_TRACE_VCD=1 -faligned-new -fcf-protection=none -Wno-bool-operation -Wno-shadow -Wno-sign-compare -Wno-subobject-linkage -Wno-tautological-compare -Wno-uninitialized -Wno-unused-but-set-parameter -Wno-unused-but-set-variable -Wno-unused-parameter -Wno-unused-variable      -include Vtestharness__pch.h.fast -c -o Vtestharness_VersaCore__DepSet_h218f0bea__2.o Vtestharness_VersaCore__DepSet_h218f0bea__2.cpp
/esat/studscratch/r1015498/Thesis/original_snax/snax_cluster/.pixi/envs/default/bin/x86_64-conda-linux-gnu-c++ -Os -fvisibility-inlines-hidden -fmessage-length=0 -march=nocona -mtune=haswell -ftree-vectorize -fPIC -fstack-protector-strong -fno-plt -O2 -ffunction-sections -pipe -isystem /pixi/.pixi/envs/default/include -DNDEBUG -D_FORTIFY_SOURCE=2 -O2 -isystem /pixi/.pixi/envs/default/include -I.  -MMD -I/esat/studscratch/r1015498/Thesis/original_snax/snax_cluster/.pixi/envs/default/share/verilator/include -I/esat/studscratch/r1015498/Thesis/original_snax/snax_cluster/.pixi/envs/default/share/verilator/include/vltstd -DVM_COVERAGE=0 -DVM_SC=0 -DVM_TIMING=0 -DVM_TRACE=1 -DVM_TRACE_FST=0 -DVM_TRACE_VCD=1 -faligned-new -fcf-protection=none -Wno-bool-operation -Wno-shadow -Wno-sign-compare -Wno-subobject-linkage -Wno-tautological-compare -Wno-uninitialized -Wno-unused-but-set-parameter -Wno-unused-but-set-variable -Wno-unused-parameter -Wno-unused-variable      -include Vtestharness__pch.h.fast -c -o Vtestharness_VersaCore__DepSet_h218f0bea__3.o Vtestharness_VersaCore__DepSet_h218f0bea__3.cpp
/esat/studscratch/r1015498/Thesis/original_snax/snax_cluster/.pixi/envs/default/bin/x86_64-conda-linux-gnu-c++ -Os -fvisibility-inlines-hidden -fmessage-length=0 -march=nocona -mtune=haswell -ftree-vectorize -fPIC -fstack-protector-strong -fno-plt -O2 -ffunction-sections -pipe -isystem /pixi/.pixi/envs/default/include -DNDEBUG -D_FORTIFY_SOURCE=2 -O2 -isystem /pixi/.pixi/envs/default/include -I.  -MMD -I/esat/studscratch/r1015498/Thesis/original_snax/snax_cluster/.pixi/envs/default/share/verilator/include -I/esat/studscratch/r1015498/Thesis/original_snax/snax_cluster/.pixi/envs/default/share/verilator/include/vltstd -DVM_COVERAGE=0 -DVM_SC=0 -DVM_TIMING=0 -DVM_TRACE=1 -DVM_TRACE_FST=0 -DVM_TRACE_VCD=1 -faligned-new -fcf-protection=none -Wno-bool-operation -Wno-shadow -Wno-sign-compare -Wno-subobject-linkage -Wno-tautological-compare -Wno-uninitialized -Wno-unused-but-set-parameter -Wno-unused-but-set-variable -Wno-unused-parameter -Wno-unused-variable      -include Vtestharness__pch.h.fast -c -o Vtestharness_REG_BUS__A30_D40__DepSet_h9b8387fd__0.o Vtestharness_REG_BUS__A30_D40__DepSet_h9b8387fd__0.cpp
/esat/studscratch/r1015498/Thesis/original_snax/snax_cluster/.pixi/envs/default/bin/x86_64-conda-linux-gnu-c++ -Os -fvisibility-inlines-hidden -fmessage-length=0 -march=nocona -mtune=haswell -ftree-vectorize -fPIC -fstack-protector-strong -fno-plt -O2 -ffunction-sections -pipe -isystem /pixi/.pixi/envs/default/include -DNDEBUG -D_FORTIFY_SOURCE=2 -O2 -isystem /pixi/.pixi/envs/default/include -I.  -MMD -I/esat/studscratch/r1015498/Thesis/original_snax/snax_cluster/.pixi/envs/default/share/verilator/include -I/esat/studscratch/r1015498/Thesis/original_snax/snax_cluster/.pixi/envs/default/share/verilator/include/vltstd -DVM_COVERAGE=0 -DVM_SC=0 -DVM_TIMING=0 -DVM_TRACE=1 -DVM_TRACE_FST=0 -DVM_TRACE_VCD=1 -faligned-new -fcf-protection=none -Wno-bool-operation -Wno-shadow -Wno-sign-compare -Wno-subobject-linkage -Wno-tautological-compare -Wno-uninitialized -Wno-unused-but-set-parameter -Wno-unused-but-set-variable -Wno-unused-parameter -Wno-unused-variable      -include Vtestharness__pch.h.fast -c -o Vtestharness_REG_BUS__A30_D200__DepSet_h9af89066__0.o Vtestharness_REG_BUS__A30_D200__DepSet_h9af89066__0.cpp
/esat/studscratch/r1015498/Thesis/original_snax/snax_cluster/.pixi/envs/default/bin/x86_64-conda-linux-gnu-c++ -Os -fvisibility-inlines-hidden -fmessage-length=0 -march=nocona -mtune=haswell -ftree-vectorize -fPIC -fstack-protector-strong -fno-plt -O2 -ffunction-sections -pipe -isystem /pixi/.pixi/envs/default/include -DNDEBUG -D_FORTIFY_SOURCE=2 -O2 -isystem /pixi/.pixi/envs/default/include -I.  -MMD -I/esat/studscratch/r1015498/Thesis/original_snax/snax_cluster/.pixi/envs/default/share/verilator/include -I/esat/studscratch/r1015498/Thesis/original_snax/snax_cluster/.pixi/envs/default/share/verilator/include/vltstd -DVM_COVERAGE=0 -DVM_SC=0 -DVM_TIMING=0 -DVM_TRACE=1 -DVM_TRACE_FST=0 -DVM_TRACE_VCD=1 -faligned-new -fcf-protection=none -Wno-bool-operation -Wno-shadow -Wno-sign-compare -Wno-subobject-linkage -Wno-tautological-compare -Wno-uninitialized -Wno-unused-but-set-parameter -Wno-unused-but-set-variable -Wno-unused-parameter -Wno-unused-variable      -include Vtestharness__pch.h.fast -c -o Vtestharness_axi_mux__pi52__DepSet_h39c09a6b__0.o Vtestharness_axi_mux__pi52__DepSet_h39c09a6b__0.cpp
/esat/studscratch/r1015498/Thesis/original_snax/snax_cluster/.pixi/envs/default/bin/x86_64-conda-linux-gnu-c++ -Os -fvisibility-inlines-hidden -fmessage-length=0 -march=nocona -mtune=haswell -ftree-vectorize -fPIC -fstack-protector-strong -fno-plt -O2 -ffunction-sections -pipe -isystem /pixi/.pixi/envs/default/include -DNDEBUG -D_FORTIFY_SOURCE=2 -O2 -isystem /pixi/.pixi/envs/default/include -I.  -MMD -I/esat/studscratch/r1015498/Thesis/original_snax/snax_cluster/.pixi/envs/default/share/verilator/include -I/esat/studscratch/r1015498/Thesis/original_snax/snax_cluster/.pixi/envs/default/share/verilator/include/vltstd -DVM_COVERAGE=0 -DVM_SC=0 -DVM_TIMING=0 -DVM_TRACE=1 -DVM_TRACE_FST=0 -DVM_TRACE_VCD=1 -faligned-new -fcf-protection=none -Wno-bool-operation -Wno-shadow -Wno-sign-compare -Wno-subobject-linkage -Wno-tautological-compare -Wno-uninitialized -Wno-unused-but-set-parameter -Wno-unused-but-set-variable -Wno-unused-parameter -Wno-unused-variable      -include Vtestharness__pch.h.fast -c -o Vtestharness_axi_mux__pi52__DepSet_h39c09a6b__1.o Vtestharness_axi_mux__pi52__DepSet_h39c09a6b__1.cpp
/esat/studscratch/r1015498/Thesis/original_snax/snax_cluster/.pixi/envs/default/bin/x86_64-conda-linux-gnu-c++ -Os -fvisibility-inlines-hidden -fmessage-length=0 -march=nocona -mtune=haswell -ftree-vectorize -fPIC -fstack-protector-strong -fno-plt -O2 -ffunction-sections -pipe -isystem /pixi/.pixi/envs/default/include -DNDEBUG -D_FORTIFY_SOURCE=2 -O2 -isystem /pixi/.pixi/envs/default/include -I.  -MMD -I/esat/studscratch/r1015498/Thesis/original_snax/snax_cluster/.pixi/envs/default/share/verilator/include -I/esat/studscratch/r1015498/Thesis/original_snax/snax_cluster/.pixi/envs/default/share/verilator/include/vltstd -DVM_COVERAGE=0 -DVM_SC=0 -DVM_TIMING=0 -DVM_TRACE=1 -DVM_TRACE_FST=0 -DVM_TRACE_VCD=1 -faligned-new -fcf-protection=none -Wno-bool-operation -Wno-shadow -Wno-sign-compare -Wno-subobject-linkage -Wno-tautological-compare -Wno-uninitialized -Wno-unused-but-set-parameter -Wno-unused-but-set-variable -Wno-unused-parameter -Wno-unused-variable      -include Vtestharness__pch.h.fast -c -o Vtestharness_axi_mux__pi52__DepSet_hc3376922__0.o Vtestharness_axi_mux__pi52__DepSet_hc3376922__0.cpp
/esat/studscratch/r1015498/Thesis/original_snax/snax_cluster/.pixi/envs/default/bin/x86_64-conda-linux-gnu-c++ -Os -fvisibility-inlines-hidden -fmessage-length=0 -march=nocona -mtune=haswell -ftree-vectorize -fPIC -fstack-protector-strong -fno-plt -O2 -ffunction-sections -pipe -isystem /pixi/.pixi/envs/default/include -DNDEBUG -D_FORTIFY_SOURCE=2 -O2 -isystem /pixi/.pixi/envs/default/include -I.  -MMD -I/esat/studscratch/r1015498/Thesis/original_snax/snax_cluster/.pixi/envs/default/share/verilator/include -I/esat/studscratch/r1015498/Thesis/original_snax/snax_cluster/.pixi/envs/default/share/verilator/include/vltstd -DVM_COVERAGE=0 -DVM_SC=0 -DVM_TIMING=0 -DVM_TRACE=1 -DVM_TRACE_FST=0 -DVM_TRACE_VCD=1 -faligned-new -fcf-protection=none -Wno-bool-operation -Wno-shadow -Wno-sign-compare -Wno-subobject-linkage -Wno-tautological-compare -Wno-uninitialized -Wno-unused-but-set-parameter -Wno-unused-but-set-variable -Wno-unused-parameter -Wno-unused-variable      -include Vtestharness__pch.h.fast -c -o Vtestharness_axi_to_mem__pi54__DepSet_h2fc044c8__0.o Vtestharness_axi_to_mem__pi54__DepSet_h2fc044c8__0.cpp
/esat/studscratch/r1015498/Thesis/original_snax/snax_cluster/.pixi/envs/default/bin/x86_64-conda-linux-gnu-c++ -Os -fvisibility-inlines-hidden -fmessage-length=0 -march=nocona -mtune=haswell -ftree-vectorize -fPIC -fstack-protector-strong -fno-plt -O2 -ffunction-sections -pipe -isystem /pixi/.pixi/envs/default/include -DNDEBUG -D_FORTIFY_SOURCE=2 -O2 -isystem /pixi/.pixi/envs/default/include -I.  -MMD -I/esat/studscratch/r1015498/Thesis/original_snax/snax_cluster/.pixi/envs/default/share/verilator/include -I/esat/studscratch/r1015498/Thesis/original_snax/snax_cluster/.pixi/envs/default/share/verilator/include/vltstd -DVM_COVERAGE=0 -DVM_SC=0 -DVM_TIMING=0 -DVM_TRACE=1 -DVM_TRACE_FST=0 -DVM_TRACE_VCD=1 -faligned-new -fcf-protection=none -Wno-bool-operation -Wno-shadow -Wno-sign-compare -Wno-subobject-linkage -Wno-tautological-compare -Wno-uninitialized -Wno-unused-but-set-parameter -Wno-unused-but-set-variable -Wno-unused-parameter -Wno-unused-variable      -include Vtestharness__pch.h.fast -c -o Vtestharness_axi_to_mem__pi54__DepSet_h2fc044c8__1.o Vtestharness_axi_to_mem__pi54__DepSet_h2fc044c8__1.cpp
/esat/studscratch/r1015498/Thesis/original_snax/snax_cluster/.pixi/envs/default/bin/x86_64-conda-linux-gnu-c++ -Os -fvisibility-inlines-hidden -fmessage-length=0 -march=nocona -mtune=haswell -ftree-vectorize -fPIC -fstack-protector-strong -fno-plt -O2 -ffunction-sections -pipe -isystem /pixi/.pixi/envs/default/include -DNDEBUG -D_FORTIFY_SOURCE=2 -O2 -isystem /pixi/.pixi/envs/default/include -I.  -MMD -I/esat/studscratch/r1015498/Thesis/original_snax/snax_cluster/.pixi/envs/default/share/verilator/include -I/esat/studscratch/r1015498/Thesis/original_snax/snax_cluster/.pixi/envs/default/share/verilator/include/vltstd -DVM_COVERAGE=0 -DVM_SC=0 -DVM_TIMING=0 -DVM_TRACE=1 -DVM_TRACE_FST=0 -DVM_TRACE_VCD=1 -faligned-new -fcf-protection=none -Wno-bool-operation -Wno-shadow -Wno-sign-compare -Wno-subobject-linkage -Wno-tautological-compare -Wno-uninitialized -Wno-unused-but-set-parameter -Wno-unused-but-set-variable -Wno-unused-parameter -Wno-unused-variable      -include Vtestharness__pch.h.fast -c -o Vtestharness_axi_mux__pi71__DepSet_h07ad2274__0.o Vtestharness_axi_mux__pi71__DepSet_h07ad2274__0.cpp
/esat/studscratch/r1015498/Thesis/original_snax/snax_cluster/.pixi/envs/default/bin/x86_64-conda-linux-gnu-c++ -Os -fvisibility-inlines-hidden -fmessage-length=0 -march=nocona -mtune=haswell -ftree-vectorize -fPIC -fstack-protector-strong -fno-plt -O2 -ffunction-sections -pipe -isystem /pixi/.pixi/envs/default/include -DNDEBUG -D_FORTIFY_SOURCE=2 -O2 -isystem /pixi/.pixi/envs/default/include -I.  -MMD -I/esat/studscratch/r1015498/Thesis/original_snax/snax_cluster/.pixi/envs/default/share/verilator/include -I/esat/studscratch/r1015498/Thesis/original_snax/snax_cluster/.pixi/envs/default/share/verilator/include/vltstd -DVM_COVERAGE=0 -DVM_SC=0 -DVM_TIMING=0 -DVM_TRACE=1 -DVM_TRACE_FST=0 -DVM_TRACE_VCD=1 -faligned-new -fcf-protection=none -Wno-bool-operation -Wno-shadow -Wno-sign-compare -Wno-subobject-linkage -Wno-tautological-compare -Wno-uninitialized -Wno-unused-but-set-parameter -Wno-unused-but-set-variable -Wno-unused-parameter -Wno-unused-variable      -include Vtestharness__pch.h.fast -c -o Vtestharness_ArbitrationTree__DepSet_he3b41dbc__0.o Vtestharness_ArbitrationTree__DepSet_he3b41dbc__0.cpp
/esat/studscratch/r1015498/Thesis/original_snax/snax_cluster/.pixi/envs/default/bin/x86_64-conda-linux-gnu-c++ -Os -fvisibility-inlines-hidden -fmessage-length=0 -march=nocona -mtune=haswell -ftree-vectorize -fPIC -fstack-protector-strong -fno-plt -O2 -ffunction-sections -pipe -isystem /pixi/.pixi/envs/default/include -DNDEBUG -D_FORTIFY_SOURCE=2 -O2 -isystem /pixi/.pixi/envs/default/include -I.  -MMD -I/esat/studscratch/r1015498/Thesis/original_snax/snax_cluster/.pixi/envs/default/share/verilator/include -I/esat/studscratch/r1015498/Thesis/original_snax/snax_cluster/.pixi/envs/default/share/verilator/include/vltstd -DVM_COVERAGE=0 -DVM_SC=0 -DVM_TIMING=0 -DVM_TRACE=1 -DVM_TRACE_FST=0 -DVM_TRACE_VCD=1 -faligned-new -fcf-protection=none -Wno-bool-operation -Wno-shadow -Wno-sign-compare -Wno-subobject-linkage -Wno-tautological-compare -Wno-uninitialized -Wno-unused-but-set-parameter -Wno-unused-but-set-variable -Wno-unused-parameter -Wno-unused-variable      -include Vtestharness__pch.h.fast -c -o Vtestharness_ArbitrationTree__DepSet_he3b41dbc__1.o Vtestharness_ArbitrationTree__DepSet_he3b41dbc__1.cpp
/esat/studscratch/r1015498/Thesis/original_snax/snax_cluster/.pixi/envs/default/bin/x86_64-conda-linux-gnu-c++ -Os -fvisibility-inlines-hidden -fmessage-length=0 -march=nocona -mtune=haswell -ftree-vectorize -fPIC -fstack-protector-strong -fno-plt -O2 -ffunction-sections -pipe -isystem /pixi/.pixi/envs/default/include -DNDEBUG -D_FORTIFY_SOURCE=2 -O2 -isystem /pixi/.pixi/envs/default/include -I.  -MMD -I/esat/studscratch/r1015498/Thesis/original_snax/snax_cluster/.pixi/envs/default/share/verilator/include -I/esat/studscratch/r1015498/Thesis/original_snax/snax_cluster/.pixi/envs/default/share/verilator/include/vltstd -DVM_COVERAGE=0 -DVM_SC=0 -DVM_TIMING=0 -DVM_TRACE=1 -DVM_TRACE_FST=0 -DVM_TRACE_VCD=1 -faligned-new -fcf-protection=none -Wno-bool-operation -Wno-shadow -Wno-sign-compare -Wno-subobject-linkage -Wno-tautological-compare -Wno-uninitialized -Wno-unused-but-set-parameter -Wno-unused-but-set-variable -Wno-unused-parameter -Wno-unused-variable      -include Vtestharness__pch.h.fast -c -o Vtestharness_ArbitrationTree__DepSet_he3b41dbc__2.o Vtestharness_ArbitrationTree__DepSet_he3b41dbc__2.cpp
/esat/studscratch/r1015498/Thesis/original_snax/snax_cluster/.pixi/envs/default/bin/x86_64-conda-linux-gnu-c++ -Os -fvisibility-inlines-hidden -fmessage-length=0 -march=nocona -mtune=haswell -ftree-vectorize -fPIC -fstack-protector-strong -fno-plt -O2 -ffunction-sections -pipe -isystem /pixi/.pixi/envs/default/include -DNDEBUG -D_FORTIFY_SOURCE=2 -O2 -isystem /pixi/.pixi/envs/default/include -I.  -MMD -I/esat/studscratch/r1015498/Thesis/original_snax/snax_cluster/.pixi/envs/default/share/verilator/include -I/esat/studscratch/r1015498/Thesis/original_snax/snax_cluster/.pixi/envs/default/share/verilator/include/vltstd -DVM_COVERAGE=0 -DVM_SC=0 -DVM_TIMING=0 -DVM_TRACE=1 -DVM_TRACE_FST=0 -DVM_TRACE_VCD=1 -faligned-new -fcf-protection=none -Wno-bool-operation -Wno-shadow -Wno-sign-compare -Wno-subobject-linkage -Wno-tautological-compare -Wno-uninitialized -Wno-unused-but-set-parameter -Wno-unused-but-set-variable -Wno-unused-parameter -Wno-unused-variable      -include Vtestharness__pch.h.fast -c -o Vtestharness_ArbitrationTree__DepSet_he3b41dbc__3.o Vtestharness_ArbitrationTree__DepSet_he3b41dbc__3.cpp
/esat/studscratch/r1015498/Thesis/original_snax/snax_cluster/.pixi/envs/default/bin/x86_64-conda-linux-gnu-c++ -Os -fvisibility-inlines-hidden -fmessage-length=0 -march=nocona -mtune=haswell -ftree-vectorize -fPIC -fstack-protector-strong -fno-plt -O2 -ffunction-sections -pipe -isystem /pixi/.pixi/envs/default/include -DNDEBUG -D_FORTIFY_SOURCE=2 -O2 -isystem /pixi/.pixi/envs/default/include -I.  -MMD -I/esat/studscratch/r1015498/Thesis/original_snax/snax_cluster/.pixi/envs/default/share/verilator/include -I/esat/studscratch/r1015498/Thesis/original_snax/snax_cluster/.pixi/envs/default/share/verilator/include/vltstd -DVM_COVERAGE=0 -DVM_SC=0 -DVM_TIMING=0 -DVM_TRACE=1 -DVM_TRACE_FST=0 -DVM_TRACE_VCD=1 -faligned-new -fcf-protection=none -Wno-bool-operation -Wno-shadow -Wno-sign-compare -Wno-subobject-linkage -Wno-tautological-compare -Wno-uninitialized -Wno-unused-but-set-parameter -Wno-unused-but-set-variable -Wno-unused-parameter -Wno-unused-variable      -include Vtestharness__pch.h.fast -c -o Vtestharness_ArbitrationTree__DepSet_he3b41dbc__4.o Vtestharness_ArbitrationTree__DepSet_he3b41dbc__4.cpp
/esat/studscratch/r1015498/Thesis/original_snax/snax_cluster/.pixi/envs/default/bin/x86_64-conda-linux-gnu-c++ -Os -fvisibility-inlines-hidden -fmessage-length=0 -march=nocona -mtune=haswell -ftree-vectorize -fPIC -fstack-protector-strong -fno-plt -O2 -ffunction-sections -pipe -isystem /pixi/.pixi/envs/default/include -DNDEBUG -D_FORTIFY_SOURCE=2 -O2 -isystem /pixi/.pixi/envs/default/include -I.  -MMD -I/esat/studscratch/r1015498/Thesis/original_snax/snax_cluster/.pixi/envs/default/share/verilator/include -I/esat/studscratch/r1015498/Thesis/original_snax/snax_cluster/.pixi/envs/default/share/verilator/include/vltstd -DVM_COVERAGE=0 -DVM_SC=0 -DVM_TIMING=0 -DVM_TRACE=1 -DVM_TRACE_FST=0 -DVM_TRACE_VCD=1 -faligned-new -fcf-protection=none -Wno-bool-operation -Wno-shadow -Wno-sign-compare -Wno-subobject-linkage -Wno-tautological-compare -Wno-uninitialized -Wno-unused-but-set-parameter -Wno-unused-but-set-variable -Wno-unused-parameter -Wno-unused-variable      -include Vtestharness__pch.h.fast -c -o Vtestharness_ArbitrationTree__DepSet_he3b41dbc__5.o Vtestharness_ArbitrationTree__DepSet_he3b41dbc__5.cpp
/esat/studscratch/r1015498/Thesis/original_snax/snax_cluster/.pixi/envs/default/bin/x86_64-conda-linux-gnu-c++ -Os -fvisibility-inlines-hidden -fmessage-length=0 -march=nocona -mtune=haswell -ftree-vectorize -fPIC -fstack-protector-strong -fno-plt -O2 -ffunction-sections -pipe -isystem /pixi/.pixi/envs/default/include -DNDEBUG -D_FORTIFY_SOURCE=2 -O2 -isystem /pixi/.pixi/envs/default/include -I.  -MMD -I/esat/studscratch/r1015498/Thesis/original_snax/snax_cluster/.pixi/envs/default/share/verilator/include -I/esat/studscratch/r1015498/Thesis/original_snax/snax_cluster/.pixi/envs/default/share/verilator/include/vltstd -DVM_COVERAGE=0 -DVM_SC=0 -DVM_TIMING=0 -DVM_TRACE=1 -DVM_TRACE_FST=0 -DVM_TRACE_VCD=1 -faligned-new -fcf-protection=none -Wno-bool-operation -Wno-shadow -Wno-sign-compare -Wno-subobject-linkage -Wno-tautological-compare -Wno-uninitialized -Wno-unused-but-set-parameter -Wno-unused-but-set-variable -Wno-unused-parameter -Wno-unused-variable      -include Vtestharness__pch.h.fast -c -o Vtestharness_ArbitrationTree__DepSet_he3b41dbc__6.o Vtestharness_ArbitrationTree__DepSet_he3b41dbc__6.cpp
/esat/studscratch/r1015498/Thesis/original_snax/snax_cluster/.pixi/envs/default/bin/x86_64-conda-linux-gnu-c++ -Os -fvisibility-inlines-hidden -fmessage-length=0 -march=nocona -mtune=haswell -ftree-vectorize -fPIC -fstack-protector-strong -fno-plt -O2 -ffunction-sections -pipe -isystem /pixi/.pixi/envs/default/include -DNDEBUG -D_FORTIFY_SOURCE=2 -O2 -isystem /pixi/.pixi/envs/default/include -I.  -MMD -I/esat/studscratch/r1015498/Thesis/original_snax/snax_cluster/.pixi/envs/default/share/verilator/include -I/esat/studscratch/r1015498/Thesis/original_snax/snax_cluster/.pixi/envs/default/share/verilator/include/vltstd -DVM_COVERAGE=0 -DVM_SC=0 -DVM_TIMING=0 -DVM_TRACE=1 -DVM_TRACE_FST=0 -DVM_TRACE_VCD=1 -faligned-new -fcf-protection=none -Wno-bool-operation -Wno-shadow -Wno-sign-compare -Wno-subobject-linkage -Wno-tautological-compare -Wno-uninitialized -Wno-unused-but-set-parameter -Wno-unused-but-set-variable -Wno-unused-parameter -Wno-unused-variable      -include Vtestharness__pch.h.fast -c -o Vtestharness_ArbitrationTree__DepSet_he3b41dbc__7.o Vtestharness_ArbitrationTree__DepSet_he3b41dbc__7.cpp
/esat/studscratch/r1015498/Thesis/original_snax/snax_cluster/.pixi/envs/default/bin/x86_64-conda-linux-gnu-c++ -Os -fvisibility-inlines-hidden -fmessage-length=0 -march=nocona -mtune=haswell -ftree-vectorize -fPIC -fstack-protector-strong -fno-plt -O2 -ffunction-sections -pipe -isystem /pixi/.pixi/envs/default/include -DNDEBUG -D_FORTIFY_SOURCE=2 -O2 -isystem /pixi/.pixi/envs/default/include -I.  -MMD -I/esat/studscratch/r1015498/Thesis/original_snax/snax_cluster/.pixi/envs/default/share/verilator/include -I/esat/studscratch/r1015498/Thesis/original_snax/snax_cluster/.pixi/envs/default/share/verilator/include/vltstd -DVM_COVERAGE=0 -DVM_SC=0 -DVM_TIMING=0 -DVM_TRACE=1 -DVM_TRACE_FST=0 -DVM_TRACE_VCD=1 -faligned-new -fcf-protection=none -Wno-bool-operation -Wno-shadow -Wno-sign-compare -Wno-subobject-linkage -Wno-tautological-compare -Wno-uninitialized -Wno-unused-but-set-parameter -Wno-unused-but-set-variable -Wno-unused-parameter -Wno-unused-variable      -include Vtestharness__pch.h.fast -c -o Vtestharness_ArbitrationTree__DepSet_he3b41dbc__8.o Vtestharness_ArbitrationTree__DepSet_he3b41dbc__8.cpp
/esat/studscratch/r1015498/Thesis/original_snax/snax_cluster/.pixi/envs/default/bin/x86_64-conda-linux-gnu-c++ -Os -fvisibility-inlines-hidden -fmessage-length=0 -march=nocona -mtune=haswell -ftree-vectorize -fPIC -fstack-protector-strong -fno-plt -O2 -ffunction-sections -pipe -isystem /pixi/.pixi/envs/default/include -DNDEBUG -D_FORTIFY_SOURCE=2 -O2 -isystem /pixi/.pixi/envs/default/include -I.  -MMD -I/esat/studscratch/r1015498/Thesis/original_snax/snax_cluster/.pixi/envs/default/share/verilator/include -I/esat/studscratch/r1015498/Thesis/original_snax/snax_cluster/.pixi/envs/default/share/verilator/include/vltstd -DVM_COVERAGE=0 -DVM_SC=0 -DVM_TIMING=0 -DVM_TRACE=1 -DVM_TRACE_FST=0 -DVM_TRACE_VCD=1 -faligned-new -fcf-protection=none -Wno-bool-operation -Wno-shadow -Wno-sign-compare -Wno-subobject-linkage -Wno-tautological-compare -Wno-uninitialized -Wno-unused-but-set-parameter -Wno-unused-but-set-variable -Wno-unused-parameter -Wno-unused-variable      -include Vtestharness__pch.h.fast -c -o Vtestharness_ArbitrationTree__DepSet_he3b41dbc__9.o Vtestharness_ArbitrationTree__DepSet_he3b41dbc__9.cpp
/esat/studscratch/r1015498/Thesis/original_snax/snax_cluster/.pixi/envs/default/bin/x86_64-conda-linux-gnu-c++ -Os -fvisibility-inlines-hidden -fmessage-length=0 -march=nocona -mtune=haswell -ftree-vectorize -fPIC -fstack-protector-strong -fno-plt -O2 -ffunction-sections -pipe -isystem /pixi/.pixi/envs/default/include -DNDEBUG -D_FORTIFY_SOURCE=2 -O2 -isystem /pixi/.pixi/envs/default/include -I.  -MMD -I/esat/studscratch/r1015498/Thesis/original_snax/snax_cluster/.pixi/envs/default/share/verilator/include -I/esat/studscratch/r1015498/Thesis/original_snax/snax_cluster/.pixi/envs/default/share/verilator/include/vltstd -DVM_COVERAGE=0 -DVM_SC=0 -DVM_TIMING=0 -DVM_TRACE=1 -DVM_TRACE_FST=0 -DVM_TRACE_VCD=1 -faligned-new -fcf-protection=none -Wno-bool-operation -Wno-shadow -Wno-sign-compare -Wno-subobject-linkage -Wno-tautological-compare -Wno-uninitialized -Wno-unused-but-set-parameter -Wno-unused-but-set-variable -Wno-unused-parameter -Wno-unused-variable      -include Vtestharness__pch.h.fast -c -o Vtestharness_ArbitrationTree__DepSet_he3b41dbc__10.o Vtestharness_ArbitrationTree__DepSet_he3b41dbc__10.cpp
/esat/studscratch/r1015498/Thesis/original_snax/snax_cluster/.pixi/envs/default/bin/x86_64-conda-linux-gnu-c++ -Os -fvisibility-inlines-hidden -fmessage-length=0 -march=nocona -mtune=haswell -ftree-vectorize -fPIC -fstack-protector-strong -fno-plt -O2 -ffunction-sections -pipe -isystem /pixi/.pixi/envs/default/include -DNDEBUG -D_FORTIFY_SOURCE=2 -O2 -isystem /pixi/.pixi/envs/default/include -I.  -MMD -I/esat/studscratch/r1015498/Thesis/original_snax/snax_cluster/.pixi/envs/default/share/verilator/include -I/esat/studscratch/r1015498/Thesis/original_snax/snax_cluster/.pixi/envs/default/share/verilator/include/vltstd -DVM_COVERAGE=0 -DVM_SC=0 -DVM_TIMING=0 -DVM_TRACE=1 -DVM_TRACE_FST=0 -DVM_TRACE_VCD=1 -faligned-new -fcf-protection=none -Wno-bool-operation -Wno-shadow -Wno-sign-compare -Wno-subobject-linkage -Wno-tautological-compare -Wno-uninitialized -Wno-unused-but-set-parameter -Wno-unused-but-set-variable -Wno-unused-parameter -Wno-unused-variable      -include Vtestharness__pch.h.fast -c -o Vtestharness_ArbitrationTree__DepSet_he3b41dbc__11.o Vtestharness_ArbitrationTree__DepSet_he3b41dbc__11.cpp
/esat/studscratch/r1015498/Thesis/original_snax/snax_cluster/.pixi/envs/default/bin/x86_64-conda-linux-gnu-c++ -Os -fvisibility-inlines-hidden -fmessage-length=0 -march=nocona -mtune=haswell -ftree-vectorize -fPIC -fstack-protector-strong -fno-plt -O2 -ffunction-sections -pipe -isystem /pixi/.pixi/envs/default/include -DNDEBUG -D_FORTIFY_SOURCE=2 -O2 -isystem /pixi/.pixi/envs/default/include -I.  -MMD -I/esat/studscratch/r1015498/Thesis/original_snax/snax_cluster/.pixi/envs/default/share/verilator/include -I/esat/studscratch/r1015498/Thesis/original_snax/snax_cluster/.pixi/envs/default/share/verilator/include/vltstd -DVM_COVERAGE=0 -DVM_SC=0 -DVM_TIMING=0 -DVM_TRACE=1 -DVM_TRACE_FST=0 -DVM_TRACE_VCD=1 -faligned-new -fcf-protection=none -Wno-bool-operation -Wno-shadow -Wno-sign-compare -Wno-subobject-linkage -Wno-tautological-compare -Wno-uninitialized -Wno-unused-but-set-parameter -Wno-unused-but-set-variable -Wno-unused-parameter -Wno-unused-variable      -include Vtestharness__pch.h.fast -c -o Vtestharness_ArbitrationTree__DepSet_he3b41dbc__12.o Vtestharness_ArbitrationTree__DepSet_he3b41dbc__12.cpp
/esat/studscratch/r1015498/Thesis/original_snax/snax_cluster/.pixi/envs/default/bin/x86_64-conda-linux-gnu-c++ -Os -fvisibility-inlines-hidden -fmessage-length=0 -march=nocona -mtune=haswell -ftree-vectorize -fPIC -fstack-protector-strong -fno-plt -O2 -ffunction-sections -pipe -isystem /pixi/.pixi/envs/default/include -DNDEBUG -D_FORTIFY_SOURCE=2 -O2 -isystem /pixi/.pixi/envs/default/include -I.  -MMD -I/esat/studscratch/r1015498/Thesis/original_snax/snax_cluster/.pixi/envs/default/share/verilator/include -I/esat/studscratch/r1015498/Thesis/original_snax/snax_cluster/.pixi/envs/default/share/verilator/include/vltstd -DVM_COVERAGE=0 -DVM_SC=0 -DVM_TIMING=0 -DVM_TRACE=1 -DVM_TRACE_FST=0 -DVM_TRACE_VCD=1 -faligned-new -fcf-protection=none -Wno-bool-operation -Wno-shadow -Wno-sign-compare -Wno-subobject-linkage -Wno-tautological-compare -Wno-uninitialized -Wno-unused-but-set-parameter -Wno-unused-but-set-variable -Wno-unused-parameter -Wno-unused-variable      -include Vtestharness__pch.h.fast -c -o Vtestharness_ArbitrationTree__DepSet_he3b41dbc__13.o Vtestharness_ArbitrationTree__DepSet_he3b41dbc__13.cpp
/esat/studscratch/r1015498/Thesis/original_snax/snax_cluster/.pixi/envs/default/bin/x86_64-conda-linux-gnu-c++ -Os -fvisibility-inlines-hidden -fmessage-length=0 -march=nocona -mtune=haswell -ftree-vectorize -fPIC -fstack-protector-strong -fno-plt -O2 -ffunction-sections -pipe -isystem /pixi/.pixi/envs/default/include -DNDEBUG -D_FORTIFY_SOURCE=2 -O2 -isystem /pixi/.pixi/envs/default/include -I.  -MMD -I/esat/studscratch/r1015498/Thesis/original_snax/snax_cluster/.pixi/envs/default/share/verilator/include -I/esat/studscratch/r1015498/Thesis/original_snax/snax_cluster/.pixi/envs/default/share/verilator/include/vltstd -DVM_COVERAGE=0 -DVM_SC=0 -DVM_TIMING=0 -DVM_TRACE=1 -DVM_TRACE_FST=0 -DVM_TRACE_VCD=1 -faligned-new -fcf-protection=none -Wno-bool-operation -Wno-shadow -Wno-sign-compare -Wno-subobject-linkage -Wno-tautological-compare -Wno-uninitialized -Wno-unused-but-set-parameter -Wno-unused-but-set-variable -Wno-unused-parameter -Wno-unused-variable      -include Vtestharness__pch.h.fast -c -o Vtestharness_ArbitrationTree__DepSet_he3b41dbc__14.o Vtestharness_ArbitrationTree__DepSet_he3b41dbc__14.cpp
/esat/studscratch/r1015498/Thesis/original_snax/snax_cluster/.pixi/envs/default/bin/x86_64-conda-linux-gnu-c++ -Os -fvisibility-inlines-hidden -fmessage-length=0 -march=nocona -mtune=haswell -ftree-vectorize -fPIC -fstack-protector-strong -fno-plt -O2 -ffunction-sections -pipe -isystem /pixi/.pixi/envs/default/include -DNDEBUG -D_FORTIFY_SOURCE=2 -O2 -isystem /pixi/.pixi/envs/default/include -I.  -MMD -I/esat/studscratch/r1015498/Thesis/original_snax/snax_cluster/.pixi/envs/default/share/verilator/include -I/esat/studscratch/r1015498/Thesis/original_snax/snax_cluster/.pixi/envs/default/share/verilator/include/vltstd -DVM_COVERAGE=0 -DVM_SC=0 -DVM_TIMING=0 -DVM_TRACE=1 -DVM_TRACE_FST=0 -DVM_TRACE_VCD=1 -faligned-new -fcf-protection=none -Wno-bool-operation -Wno-shadow -Wno-sign-compare -Wno-subobject-linkage -Wno-tautological-compare -Wno-uninitialized -Wno-unused-but-set-parameter -Wno-unused-but-set-variable -Wno-unused-parameter -Wno-unused-variable      -include Vtestharness__pch.h.fast -c -o Vtestharness_ArbitrationTree__DepSet_he3b41dbc__15.o Vtestharness_ArbitrationTree__DepSet_he3b41dbc__15.cpp
/esat/studscratch/r1015498/Thesis/original_snax/snax_cluster/.pixi/envs/default/bin/x86_64-conda-linux-gnu-c++ -Os -fvisibility-inlines-hidden -fmessage-length=0 -march=nocona -mtune=haswell -ftree-vectorize -fPIC -fstack-protector-strong -fno-plt -O2 -ffunction-sections -pipe -isystem /pixi/.pixi/envs/default/include -DNDEBUG -D_FORTIFY_SOURCE=2 -O2 -isystem /pixi/.pixi/envs/default/include -I.  -MMD -I/esat/studscratch/r1015498/Thesis/original_snax/snax_cluster/.pixi/envs/default/share/verilator/include -I/esat/studscratch/r1015498/Thesis/original_snax/snax_cluster/.pixi/envs/default/share/verilator/include/vltstd -DVM_COVERAGE=0 -DVM_SC=0 -DVM_TIMING=0 -DVM_TRACE=1 -DVM_TRACE_FST=0 -DVM_TRACE_VCD=1 -faligned-new -fcf-protection=none -Wno-bool-operation -Wno-shadow -Wno-sign-compare -Wno-subobject-linkage -Wno-tautological-compare -Wno-uninitialized -Wno-unused-but-set-parameter -Wno-unused-but-set-variable -Wno-unused-parameter -Wno-unused-variable      -include Vtestharness__pch.h.fast -c -o Vtestharness_ArbitrationTree__DepSet_he3b41dbc__16.o Vtestharness_ArbitrationTree__DepSet_he3b41dbc__16.cpp
/esat/studscratch/r1015498/Thesis/original_snax/snax_cluster/.pixi/envs/default/bin/x86_64-conda-linux-gnu-c++ -Os -fvisibility-inlines-hidden -fmessage-length=0 -march=nocona -mtune=haswell -ftree-vectorize -fPIC -fstack-protector-strong -fno-plt -O2 -ffunction-sections -pipe -isystem /pixi/.pixi/envs/default/include -DNDEBUG -D_FORTIFY_SOURCE=2 -O2 -isystem /pixi/.pixi/envs/default/include -I.  -MMD -I/esat/studscratch/r1015498/Thesis/original_snax/snax_cluster/.pixi/envs/default/share/verilator/include -I/esat/studscratch/r1015498/Thesis/original_snax/snax_cluster/.pixi/envs/default/share/verilator/include/vltstd -DVM_COVERAGE=0 -DVM_SC=0 -DVM_TIMING=0 -DVM_TRACE=1 -DVM_TRACE_FST=0 -DVM_TRACE_VCD=1 -faligned-new -fcf-protection=none -Wno-bool-operation -Wno-shadow -Wno-sign-compare -Wno-subobject-linkage -Wno-tautological-compare -Wno-uninitialized -Wno-unused-but-set-parameter -Wno-unused-but-set-variable -Wno-unused-parameter -Wno-unused-variable      -include Vtestharness__pch.h.fast -c -o Vtestharness_ArbitrationTree__DepSet_he3b41dbc__17.o Vtestharness_ArbitrationTree__DepSet_he3b41dbc__17.cpp
/esat/studscratch/r1015498/Thesis/original_snax/snax_cluster/.pixi/envs/default/bin/x86_64-conda-linux-gnu-c++ -Os -fvisibility-inlines-hidden -fmessage-length=0 -march=nocona -mtune=haswell -ftree-vectorize -fPIC -fstack-protector-strong -fno-plt -O2 -ffunction-sections -pipe -isystem /pixi/.pixi/envs/default/include -DNDEBUG -D_FORTIFY_SOURCE=2 -O2 -isystem /pixi/.pixi/envs/default/include -I.  -MMD -I/esat/studscratch/r1015498/Thesis/original_snax/snax_cluster/.pixi/envs/default/share/verilator/include -I/esat/studscratch/r1015498/Thesis/original_snax/snax_cluster/.pixi/envs/default/share/verilator/include/vltstd -DVM_COVERAGE=0 -DVM_SC=0 -DVM_TIMING=0 -DVM_TRACE=1 -DVM_TRACE_FST=0 -DVM_TRACE_VCD=1 -faligned-new -fcf-protection=none -Wno-bool-operation -Wno-shadow -Wno-sign-compare -Wno-subobject-linkage -Wno-tautological-compare -Wno-uninitialized -Wno-unused-but-set-parameter -Wno-unused-but-set-variable -Wno-unused-parameter -Wno-unused-variable      -include Vtestharness__pch.h.fast -c -o Vtestharness_ArbitrationTree__DepSet_he3b41dbc__18.o Vtestharness_ArbitrationTree__DepSet_he3b41dbc__18.cpp
/esat/studscratch/r1015498/Thesis/original_snax/snax_cluster/.pixi/envs/default/bin/x86_64-conda-linux-gnu-c++ -Os -fvisibility-inlines-hidden -fmessage-length=0 -march=nocona -mtune=haswell -ftree-vectorize -fPIC -fstack-protector-strong -fno-plt -O2 -ffunction-sections -pipe -isystem /pixi/.pixi/envs/default/include -DNDEBUG -D_FORTIFY_SOURCE=2 -O2 -isystem /pixi/.pixi/envs/default/include -I.  -MMD -I/esat/studscratch/r1015498/Thesis/original_snax/snax_cluster/.pixi/envs/default/share/verilator/include -I/esat/studscratch/r1015498/Thesis/original_snax/snax_cluster/.pixi/envs/default/share/verilator/include/vltstd -DVM_COVERAGE=0 -DVM_SC=0 -DVM_TIMING=0 -DVM_TRACE=1 -DVM_TRACE_FST=0 -DVM_TRACE_VCD=1 -faligned-new -fcf-protection=none -Wno-bool-operation -Wno-shadow -Wno-sign-compare -Wno-subobject-linkage -Wno-tautological-compare -Wno-uninitialized -Wno-unused-but-set-parameter -Wno-unused-but-set-variable -Wno-unused-parameter -Wno-unused-variable      -include Vtestharness__pch.h.fast -c -o Vtestharness_ArbitrationTree__DepSet_he3b41dbc__19.o Vtestharness_ArbitrationTree__DepSet_he3b41dbc__19.cpp
/esat/studscratch/r1015498/Thesis/original_snax/snax_cluster/.pixi/envs/default/bin/x86_64-conda-linux-gnu-c++ -Os -fvisibility-inlines-hidden -fmessage-length=0 -march=nocona -mtune=haswell -ftree-vectorize -fPIC -fstack-protector-strong -fno-plt -O2 -ffunction-sections -pipe -isystem /pixi/.pixi/envs/default/include -DNDEBUG -D_FORTIFY_SOURCE=2 -O2 -isystem /pixi/.pixi/envs/default/include -I.  -MMD -I/esat/studscratch/r1015498/Thesis/original_snax/snax_cluster/.pixi/envs/default/share/verilator/include -I/esat/studscratch/r1015498/Thesis/original_snax/snax_cluster/.pixi/envs/default/share/verilator/include/vltstd -DVM_COVERAGE=0 -DVM_SC=0 -DVM_TIMING=0 -DVM_TRACE=1 -DVM_TRACE_FST=0 -DVM_TRACE_VCD=1 -faligned-new -fcf-protection=none -Wno-bool-operation -Wno-shadow -Wno-sign-compare -Wno-subobject-linkage -Wno-tautological-compare -Wno-uninitialized -Wno-unused-but-set-parameter -Wno-unused-but-set-variable -Wno-unused-parameter -Wno-unused-variable      -include Vtestharness__pch.h.fast -c -o Vtestharness_ArbitrationTree__DepSet_he3b41dbc__20.o Vtestharness_ArbitrationTree__DepSet_he3b41dbc__20.cpp
/esat/studscratch/r1015498/Thesis/original_snax/snax_cluster/.pixi/envs/default/bin/x86_64-conda-linux-gnu-c++ -Os -fvisibility-inlines-hidden -fmessage-length=0 -march=nocona -mtune=haswell -ftree-vectorize -fPIC -fstack-protector-strong -fno-plt -O2 -ffunction-sections -pipe -isystem /pixi/.pixi/envs/default/include -DNDEBUG -D_FORTIFY_SOURCE=2 -O2 -isystem /pixi/.pixi/envs/default/include -I.  -MMD -I/esat/studscratch/r1015498/Thesis/original_snax/snax_cluster/.pixi/envs/default/share/verilator/include -I/esat/studscratch/r1015498/Thesis/original_snax/snax_cluster/.pixi/envs/default/share/verilator/include/vltstd -DVM_COVERAGE=0 -DVM_SC=0 -DVM_TIMING=0 -DVM_TRACE=1 -DVM_TRACE_FST=0 -DVM_TRACE_VCD=1 -faligned-new -fcf-protection=none -Wno-bool-operation -Wno-shadow -Wno-sign-compare -Wno-subobject-linkage -Wno-tautological-compare -Wno-uninitialized -Wno-unused-but-set-parameter -Wno-unused-but-set-variable -Wno-unused-parameter -Wno-unused-variable      -include Vtestharness__pch.h.fast -c -o Vtestharness_ArbitrationTree__DepSet_he3b41dbc__21.o Vtestharness_ArbitrationTree__DepSet_he3b41dbc__21.cpp
/esat/studscratch/r1015498/Thesis/original_snax/snax_cluster/.pixi/envs/default/bin/x86_64-conda-linux-gnu-c++ -Os -fvisibility-inlines-hidden -fmessage-length=0 -march=nocona -mtune=haswell -ftree-vectorize -fPIC -fstack-protector-strong -fno-plt -O2 -ffunction-sections -pipe -isystem /pixi/.pixi/envs/default/include -DNDEBUG -D_FORTIFY_SOURCE=2 -O2 -isystem /pixi/.pixi/envs/default/include -I.  -MMD -I/esat/studscratch/r1015498/Thesis/original_snax/snax_cluster/.pixi/envs/default/share/verilator/include -I/esat/studscratch/r1015498/Thesis/original_snax/snax_cluster/.pixi/envs/default/share/verilator/include/vltstd -DVM_COVERAGE=0 -DVM_SC=0 -DVM_TIMING=0 -DVM_TRACE=1 -DVM_TRACE_FST=0 -DVM_TRACE_VCD=1 -faligned-new -fcf-protection=none -Wno-bool-operation -Wno-shadow -Wno-sign-compare -Wno-subobject-linkage -Wno-tautological-compare -Wno-uninitialized -Wno-unused-but-set-parameter -Wno-unused-but-set-variable -Wno-unused-parameter -Wno-unused-variable      -include Vtestharness__pch.h.fast -c -o Vtestharness_ArbitrationTree__DepSet_he3b41dbc__22.o Vtestharness_ArbitrationTree__DepSet_he3b41dbc__22.cpp
/esat/studscratch/r1015498/Thesis/original_snax/snax_cluster/.pixi/envs/default/bin/x86_64-conda-linux-gnu-c++ -Os -fvisibility-inlines-hidden -fmessage-length=0 -march=nocona -mtune=haswell -ftree-vectorize -fPIC -fstack-protector-strong -fno-plt -O2 -ffunction-sections -pipe -isystem /pixi/.pixi/envs/default/include -DNDEBUG -D_FORTIFY_SOURCE=2 -O2 -isystem /pixi/.pixi/envs/default/include -I.  -MMD -I/esat/studscratch/r1015498/Thesis/original_snax/snax_cluster/.pixi/envs/default/share/verilator/include -I/esat/studscratch/r1015498/Thesis/original_snax/snax_cluster/.pixi/envs/default/share/verilator/include/vltstd -DVM_COVERAGE=0 -DVM_SC=0 -DVM_TIMING=0 -DVM_TRACE=1 -DVM_TRACE_FST=0 -DVM_TRACE_VCD=1 -faligned-new -fcf-protection=none -Wno-bool-operation -Wno-shadow -Wno-sign-compare -Wno-subobject-linkage -Wno-tautological-compare -Wno-uninitialized -Wno-unused-but-set-parameter -Wno-unused-but-set-variable -Wno-unused-parameter -Wno-unused-variable      -include Vtestharness__pch.h.fast -c -o Vtestharness_ArbitrationTree__DepSet_he3b41dbc__23.o Vtestharness_ArbitrationTree__DepSet_he3b41dbc__23.cpp
/esat/studscratch/r1015498/Thesis/original_snax/snax_cluster/.pixi/envs/default/bin/x86_64-conda-linux-gnu-c++ -Os -fvisibility-inlines-hidden -fmessage-length=0 -march=nocona -mtune=haswell -ftree-vectorize -fPIC -fstack-protector-strong -fno-plt -O2 -ffunction-sections -pipe -isystem /pixi/.pixi/envs/default/include -DNDEBUG -D_FORTIFY_SOURCE=2 -O2 -isystem /pixi/.pixi/envs/default/include -I.  -MMD -I/esat/studscratch/r1015498/Thesis/original_snax/snax_cluster/.pixi/envs/default/share/verilator/include -I/esat/studscratch/r1015498/Thesis/original_snax/snax_cluster/.pixi/envs/default/share/verilator/include/vltstd -DVM_COVERAGE=0 -DVM_SC=0 -DVM_TIMING=0 -DVM_TRACE=1 -DVM_TRACE_FST=0 -DVM_TRACE_VCD=1 -faligned-new -fcf-protection=none -Wno-bool-operation -Wno-shadow -Wno-sign-compare -Wno-subobject-linkage -Wno-tautological-compare -Wno-uninitialized -Wno-unused-but-set-parameter -Wno-unused-but-set-variable -Wno-unused-parameter -Wno-unused-variable      -include Vtestharness__pch.h.fast -c -o Vtestharness_ArbitrationTree__DepSet_he3b41dbc__24.o Vtestharness_ArbitrationTree__DepSet_he3b41dbc__24.cpp
/esat/studscratch/r1015498/Thesis/original_snax/snax_cluster/.pixi/envs/default/bin/x86_64-conda-linux-gnu-c++ -Os -fvisibility-inlines-hidden -fmessage-length=0 -march=nocona -mtune=haswell -ftree-vectorize -fPIC -fstack-protector-strong -fno-plt -O2 -ffunction-sections -pipe -isystem /pixi/.pixi/envs/default/include -DNDEBUG -D_FORTIFY_SOURCE=2 -O2 -isystem /pixi/.pixi/envs/default/include -I.  -MMD -I/esat/studscratch/r1015498/Thesis/original_snax/snax_cluster/.pixi/envs/default/share/verilator/include -I/esat/studscratch/r1015498/Thesis/original_snax/snax_cluster/.pixi/envs/default/share/verilator/include/vltstd -DVM_COVERAGE=0 -DVM_SC=0 -DVM_TIMING=0 -DVM_TRACE=1 -DVM_TRACE_FST=0 -DVM_TRACE_VCD=1 -faligned-new -fcf-protection=none -Wno-bool-operation -Wno-shadow -Wno-sign-compare -Wno-subobject-linkage -Wno-tautological-compare -Wno-uninitialized -Wno-unused-but-set-parameter -Wno-unused-but-set-variable -Wno-unused-parameter -Wno-unused-variable      -include Vtestharness__pch.h.fast -c -o Vtestharness_ArbitrationTree__DepSet_he3b41dbc__25.o Vtestharness_ArbitrationTree__DepSet_he3b41dbc__25.cpp
/esat/studscratch/r1015498/Thesis/original_snax/snax_cluster/.pixi/envs/default/bin/x86_64-conda-linux-gnu-c++ -Os -fvisibility-inlines-hidden -fmessage-length=0 -march=nocona -mtune=haswell -ftree-vectorize -fPIC -fstack-protector-strong -fno-plt -O2 -ffunction-sections -pipe -isystem /pixi/.pixi/envs/default/include -DNDEBUG -D_FORTIFY_SOURCE=2 -O2 -isystem /pixi/.pixi/envs/default/include -I.  -MMD -I/esat/studscratch/r1015498/Thesis/original_snax/snax_cluster/.pixi/envs/default/share/verilator/include -I/esat/studscratch/r1015498/Thesis/original_snax/snax_cluster/.pixi/envs/default/share/verilator/include/vltstd -DVM_COVERAGE=0 -DVM_SC=0 -DVM_TIMING=0 -DVM_TRACE=1 -DVM_TRACE_FST=0 -DVM_TRACE_VCD=1 -faligned-new -fcf-protection=none -Wno-bool-operation -Wno-shadow -Wno-sign-compare -Wno-subobject-linkage -Wno-tautological-compare -Wno-uninitialized -Wno-unused-but-set-parameter -Wno-unused-but-set-variable -Wno-unused-parameter -Wno-unused-variable      -include Vtestharness__pch.h.fast -c -o Vtestharness_ArbitrationTree__DepSet_he3b41dbc__26.o Vtestharness_ArbitrationTree__DepSet_he3b41dbc__26.cpp
/esat/studscratch/r1015498/Thesis/original_snax/snax_cluster/.pixi/envs/default/bin/x86_64-conda-linux-gnu-c++ -Os -fvisibility-inlines-hidden -fmessage-length=0 -march=nocona -mtune=haswell -ftree-vectorize -fPIC -fstack-protector-strong -fno-plt -O2 -ffunction-sections -pipe -isystem /pixi/.pixi/envs/default/include -DNDEBUG -D_FORTIFY_SOURCE=2 -O2 -isystem /pixi/.pixi/envs/default/include -I.  -MMD -I/esat/studscratch/r1015498/Thesis/original_snax/snax_cluster/.pixi/envs/default/share/verilator/include -I/esat/studscratch/r1015498/Thesis/original_snax/snax_cluster/.pixi/envs/default/share/verilator/include/vltstd -DVM_COVERAGE=0 -DVM_SC=0 -DVM_TIMING=0 -DVM_TRACE=1 -DVM_TRACE_FST=0 -DVM_TRACE_VCD=1 -faligned-new -fcf-protection=none -Wno-bool-operation -Wno-shadow -Wno-sign-compare -Wno-subobject-linkage -Wno-tautological-compare -Wno-uninitialized -Wno-unused-but-set-parameter -Wno-unused-but-set-variable -Wno-unused-parameter -Wno-unused-variable      -include Vtestharness__pch.h.fast -c -o Vtestharness_ArbitrationTree__DepSet_he3b41dbc__27.o Vtestharness_ArbitrationTree__DepSet_he3b41dbc__27.cpp
/esat/studscratch/r1015498/Thesis/original_snax/snax_cluster/.pixi/envs/default/bin/x86_64-conda-linux-gnu-c++ -Os -fvisibility-inlines-hidden -fmessage-length=0 -march=nocona -mtune=haswell -ftree-vectorize -fPIC -fstack-protector-strong -fno-plt -O2 -ffunction-sections -pipe -isystem /pixi/.pixi/envs/default/include -DNDEBUG -D_FORTIFY_SOURCE=2 -O2 -isystem /pixi/.pixi/envs/default/include -I.  -MMD -I/esat/studscratch/r1015498/Thesis/original_snax/snax_cluster/.pixi/envs/default/share/verilator/include -I/esat/studscratch/r1015498/Thesis/original_snax/snax_cluster/.pixi/envs/default/share/verilator/include/vltstd -DVM_COVERAGE=0 -DVM_SC=0 -DVM_TIMING=0 -DVM_TRACE=1 -DVM_TRACE_FST=0 -DVM_TRACE_VCD=1 -faligned-new -fcf-protection=none -Wno-bool-operation -Wno-shadow -Wno-sign-compare -Wno-subobject-linkage -Wno-tautological-compare -Wno-uninitialized -Wno-unused-but-set-parameter -Wno-unused-but-set-variable -Wno-unused-parameter -Wno-unused-variable      -include Vtestharness__pch.h.fast -c -o Vtestharness_ArbitrationTree__DepSet_he3b41dbc__28.o Vtestharness_ArbitrationTree__DepSet_he3b41dbc__28.cpp
/esat/studscratch/r1015498/Thesis/original_snax/snax_cluster/.pixi/envs/default/bin/x86_64-conda-linux-gnu-c++ -Os -fvisibility-inlines-hidden -fmessage-length=0 -march=nocona -mtune=haswell -ftree-vectorize -fPIC -fstack-protector-strong -fno-plt -O2 -ffunction-sections -pipe -isystem /pixi/.pixi/envs/default/include -DNDEBUG -D_FORTIFY_SOURCE=2 -O2 -isystem /pixi/.pixi/envs/default/include -I.  -MMD -I/esat/studscratch/r1015498/Thesis/original_snax/snax_cluster/.pixi/envs/default/share/verilator/include -I/esat/studscratch/r1015498/Thesis/original_snax/snax_cluster/.pixi/envs/default/share/verilator/include/vltstd -DVM_COVERAGE=0 -DVM_SC=0 -DVM_TIMING=0 -DVM_TRACE=1 -DVM_TRACE_FST=0 -DVM_TRACE_VCD=1 -faligned-new -fcf-protection=none -Wno-bool-operation -Wno-shadow -Wno-sign-compare -Wno-subobject-linkage -Wno-tautological-compare -Wno-uninitialized -Wno-unused-but-set-parameter -Wno-unused-but-set-variable -Wno-unused-parameter -Wno-unused-variable      -include Vtestharness__pch.h.fast -c -o Vtestharness_ArbitrationTree__DepSet_he3b41dbc__29.o Vtestharness_ArbitrationTree__DepSet_he3b41dbc__29.cpp
/esat/studscratch/r1015498/Thesis/original_snax/snax_cluster/.pixi/envs/default/bin/x86_64-conda-linux-gnu-c++ -Os -fvisibility-inlines-hidden -fmessage-length=0 -march=nocona -mtune=haswell -ftree-vectorize -fPIC -fstack-protector-strong -fno-plt -O2 -ffunction-sections -pipe -isystem /pixi/.pixi/envs/default/include -DNDEBUG -D_FORTIFY_SOURCE=2 -O2 -isystem /pixi/.pixi/envs/default/include -I.  -MMD -I/esat/studscratch/r1015498/Thesis/original_snax/snax_cluster/.pixi/envs/default/share/verilator/include -I/esat/studscratch/r1015498/Thesis/original_snax/snax_cluster/.pixi/envs/default/share/verilator/include/vltstd -DVM_COVERAGE=0 -DVM_SC=0 -DVM_TIMING=0 -DVM_TRACE=1 -DVM_TRACE_FST=0 -DVM_TRACE_VCD=1 -faligned-new -fcf-protection=none -Wno-bool-operation -Wno-shadow -Wno-sign-compare -Wno-subobject-linkage -Wno-tautological-compare -Wno-uninitialized -Wno-unused-but-set-parameter -Wno-unused-but-set-variable -Wno-unused-parameter -Wno-unused-variable      -include Vtestharness__pch.h.fast -c -o Vtestharness_ArbitrationTree__DepSet_he3b41dbc__30.o Vtestharness_ArbitrationTree__DepSet_he3b41dbc__30.cpp
/esat/studscratch/r1015498/Thesis/original_snax/snax_cluster/.pixi/envs/default/bin/x86_64-conda-linux-gnu-c++ -Os -fvisibility-inlines-hidden -fmessage-length=0 -march=nocona -mtune=haswell -ftree-vectorize -fPIC -fstack-protector-strong -fno-plt -O2 -ffunction-sections -pipe -isystem /pixi/.pixi/envs/default/include -DNDEBUG -D_FORTIFY_SOURCE=2 -O2 -isystem /pixi/.pixi/envs/default/include -I.  -MMD -I/esat/studscratch/r1015498/Thesis/original_snax/snax_cluster/.pixi/envs/default/share/verilator/include -I/esat/studscratch/r1015498/Thesis/original_snax/snax_cluster/.pixi/envs/default/share/verilator/include/vltstd -DVM_COVERAGE=0 -DVM_SC=0 -DVM_TIMING=0 -DVM_TRACE=1 -DVM_TRACE_FST=0 -DVM_TRACE_VCD=1 -faligned-new -fcf-protection=none -Wno-bool-operation -Wno-shadow -Wno-sign-compare -Wno-subobject-linkage -Wno-tautological-compare -Wno-uninitialized -Wno-unused-but-set-parameter -Wno-unused-but-set-variable -Wno-unused-parameter -Wno-unused-variable      -include Vtestharness__pch.h.fast -c -o Vtestharness_ArbitrationTree__DepSet_he3b41dbc__31.o Vtestharness_ArbitrationTree__DepSet_he3b41dbc__31.cpp
/esat/studscratch/r1015498/Thesis/original_snax/snax_cluster/.pixi/envs/default/bin/x86_64-conda-linux-gnu-c++ -Os -fvisibility-inlines-hidden -fmessage-length=0 -march=nocona -mtune=haswell -ftree-vectorize -fPIC -fstack-protector-strong -fno-plt -O2 -ffunction-sections -pipe -isystem /pixi/.pixi/envs/default/include -DNDEBUG -D_FORTIFY_SOURCE=2 -O2 -isystem /pixi/.pixi/envs/default/include -I.  -MMD -I/esat/studscratch/r1015498/Thesis/original_snax/snax_cluster/.pixi/envs/default/share/verilator/include -I/esat/studscratch/r1015498/Thesis/original_snax/snax_cluster/.pixi/envs/default/share/verilator/include/vltstd -DVM_COVERAGE=0 -DVM_SC=0 -DVM_TIMING=0 -DVM_TRACE=1 -DVM_TRACE_FST=0 -DVM_TRACE_VCD=1 -faligned-new -fcf-protection=none -Wno-bool-operation -Wno-shadow -Wno-sign-compare -Wno-subobject-linkage -Wno-tautological-compare -Wno-uninitialized -Wno-unused-but-set-parameter -Wno-unused-but-set-variable -Wno-unused-parameter -Wno-unused-variable      -include Vtestharness__pch.h.fast -c -o Vtestharness_ArbitrationTree__DepSet_he3b41dbc__32.o Vtestharness_ArbitrationTree__DepSet_he3b41dbc__32.cpp
/esat/studscratch/r1015498/Thesis/original_snax/snax_cluster/.pixi/envs/default/bin/x86_64-conda-linux-gnu-c++ -Os -fvisibility-inlines-hidden -fmessage-length=0 -march=nocona -mtune=haswell -ftree-vectorize -fPIC -fstack-protector-strong -fno-plt -O2 -ffunction-sections -pipe -isystem /pixi/.pixi/envs/default/include -DNDEBUG -D_FORTIFY_SOURCE=2 -O2 -isystem /pixi/.pixi/envs/default/include -I.  -MMD -I/esat/studscratch/r1015498/Thesis/original_snax/snax_cluster/.pixi/envs/default/share/verilator/include -I/esat/studscratch/r1015498/Thesis/original_snax/snax_cluster/.pixi/envs/default/share/verilator/include/vltstd -DVM_COVERAGE=0 -DVM_SC=0 -DVM_TIMING=0 -DVM_TRACE=1 -DVM_TRACE_FST=0 -DVM_TRACE_VCD=1 -faligned-new -fcf-protection=none -Wno-bool-operation -Wno-shadow -Wno-sign-compare -Wno-subobject-linkage -Wno-tautological-compare -Wno-uninitialized -Wno-unused-but-set-parameter -Wno-unused-but-set-variable -Wno-unused-parameter -Wno-unused-variable      -include Vtestharness__pch.h.fast -c -o Vtestharness_snax_dual_versacore_int16x4_4lane_postproc_v2_cluster_Reader_AddressGenUnit__DepSet_h4b01010a__0.o Vtestharness_snax_dual_versacore_int16x4_4lane_postproc_v2_cluster_Reader_AddressGenUnit__DepSet_h4b01010a__0.cpp
/esat/studscratch/r1015498/Thesis/original_snax/snax_cluster/.pixi/envs/default/bin/x86_64-conda-linux-gnu-c++ -Os -fvisibility-inlines-hidden -fmessage-length=0 -march=nocona -mtune=haswell -ftree-vectorize -fPIC -fstack-protector-strong -fno-plt -O2 -ffunction-sections -pipe -isystem /pixi/.pixi/envs/default/include -DNDEBUG -D_FORTIFY_SOURCE=2 -O2 -isystem /pixi/.pixi/envs/default/include -I.  -MMD -I/esat/studscratch/r1015498/Thesis/original_snax/snax_cluster/.pixi/envs/default/share/verilator/include -I/esat/studscratch/r1015498/Thesis/original_snax/snax_cluster/.pixi/envs/default/share/verilator/include/vltstd -DVM_COVERAGE=0 -DVM_SC=0 -DVM_TIMING=0 -DVM_TRACE=1 -DVM_TRACE_FST=0 -DVM_TRACE_VCD=1 -faligned-new -fcf-protection=none -Wno-bool-operation -Wno-shadow -Wno-sign-compare -Wno-subobject-linkage -Wno-tautological-compare -Wno-uninitialized -Wno-unused-but-set-parameter -Wno-unused-but-set-variable -Wno-unused-parameter -Wno-unused-variable      -include Vtestharness__pch.h.fast -c -o Vtestharness_axi_demux__pi49__DepSet_h175e771c__0.o Vtestharness_axi_demux__pi49__DepSet_h175e771c__0.cpp
/esat/studscratch/r1015498/Thesis/original_snax/snax_cluster/.pixi/envs/default/bin/x86_64-conda-linux-gnu-c++ -Os -fvisibility-inlines-hidden -fmessage-length=0 -march=nocona -mtune=haswell -ftree-vectorize -fPIC -fstack-protector-strong -fno-plt -O2 -ffunction-sections -pipe -isystem /pixi/.pixi/envs/default/include -DNDEBUG -D_FORTIFY_SOURCE=2 -O2 -isystem /pixi/.pixi/envs/default/include -I.  -MMD -I/esat/studscratch/r1015498/Thesis/original_snax/snax_cluster/.pixi/envs/default/share/verilator/include -I/esat/studscratch/r1015498/Thesis/original_snax/snax_cluster/.pixi/envs/default/share/verilator/include/vltstd -DVM_COVERAGE=0 -DVM_SC=0 -DVM_TIMING=0 -DVM_TRACE=1 -DVM_TRACE_FST=0 -DVM_TRACE_VCD=1 -faligned-new -fcf-protection=none -Wno-bool-operation -Wno-shadow -Wno-sign-compare -Wno-subobject-linkage -Wno-tautological-compare -Wno-uninitialized -Wno-unused-but-set-parameter -Wno-unused-but-set-variable -Wno-unused-parameter -Wno-unused-variable      -include Vtestharness__pch.h.fast -c -o Vtestharness_axi_demux__pi49__DepSet_h175e771c__1.o Vtestharness_axi_demux__pi49__DepSet_h175e771c__1.cpp
/esat/studscratch/r1015498/Thesis/original_snax/snax_cluster/.pixi/envs/default/bin/x86_64-conda-linux-gnu-c++ -Os -fvisibility-inlines-hidden -fmessage-length=0 -march=nocona -mtune=haswell -ftree-vectorize -fPIC -fstack-protector-strong -fno-plt -O2 -ffunction-sections -pipe -isystem /pixi/.pixi/envs/default/include -DNDEBUG -D_FORTIFY_SOURCE=2 -O2 -isystem /pixi/.pixi/envs/default/include -I.  -MMD -I/esat/studscratch/r1015498/Thesis/original_snax/snax_cluster/.pixi/envs/default/share/verilator/include -I/esat/studscratch/r1015498/Thesis/original_snax/snax_cluster/.pixi/envs/default/share/verilator/include/vltstd -DVM_COVERAGE=0 -DVM_SC=0 -DVM_TIMING=0 -DVM_TRACE=1 -DVM_TRACE_FST=0 -DVM_TRACE_VCD=1 -faligned-new -fcf-protection=none -Wno-bool-operation -Wno-shadow -Wno-sign-compare -Wno-subobject-linkage -Wno-tautological-compare -Wno-uninitialized -Wno-unused-but-set-parameter -Wno-unused-but-set-variable -Wno-unused-parameter -Wno-unused-variable      -include Vtestharness__pch.h.fast -c -o Vtestharness_axi_demux__pi49__DepSet_h175e771c__2.o Vtestharness_axi_demux__pi49__DepSet_h175e771c__2.cpp
/esat/studscratch/r1015498/Thesis/original_snax/snax_cluster/.pixi/envs/default/bin/x86_64-conda-linux-gnu-c++ -Os -fvisibility-inlines-hidden -fmessage-length=0 -march=nocona -mtune=haswell -ftree-vectorize -fPIC -fstack-protector-strong -fno-plt -O2 -ffunction-sections -pipe -isystem /pixi/.pixi/envs/default/include -DNDEBUG -D_FORTIFY_SOURCE=2 -O2 -isystem /pixi/.pixi/envs/default/include -I.  -MMD -I/esat/studscratch/r1015498/Thesis/original_snax/snax_cluster/.pixi/envs/default/share/verilator/include -I/esat/studscratch/r1015498/Thesis/original_snax/snax_cluster/.pixi/envs/default/share/verilator/include/vltstd -DVM_COVERAGE=0 -DVM_SC=0 -DVM_TIMING=0 -DVM_TRACE=1 -DVM_TRACE_FST=0 -DVM_TRACE_VCD=1 -faligned-new -fcf-protection=none -Wno-bool-operation -Wno-shadow -Wno-sign-compare -Wno-subobject-linkage -Wno-tautological-compare -Wno-uninitialized -Wno-unused-but-set-parameter -Wno-unused-but-set-variable -Wno-unused-parameter -Wno-unused-variable      -include Vtestharness__pch.h.fast -c -o Vtestharness_axi_demux__pi49__DepSet_h175e771c__3.o Vtestharness_axi_demux__pi49__DepSet_h175e771c__3.cpp
/esat/studscratch/r1015498/Thesis/original_snax/snax_cluster/.pixi/envs/default/bin/x86_64-conda-linux-gnu-c++ -Os -fvisibility-inlines-hidden -fmessage-length=0 -march=nocona -mtune=haswell -ftree-vectorize -fPIC -fstack-protector-strong -fno-plt -O2 -ffunction-sections -pipe -isystem /pixi/.pixi/envs/default/include -DNDEBUG -D_FORTIFY_SOURCE=2 -O2 -isystem /pixi/.pixi/envs/default/include -I.  -MMD -I/esat/studscratch/r1015498/Thesis/original_snax/snax_cluster/.pixi/envs/default/share/verilator/include -I/esat/studscratch/r1015498/Thesis/original_snax/snax_cluster/.pixi/envs/default/share/verilator/include/vltstd -DVM_COVERAGE=0 -DVM_SC=0 -DVM_TIMING=0 -DVM_TRACE=1 -DVM_TRACE_FST=0 -DVM_TRACE_VCD=1 -faligned-new -fcf-protection=none -Wno-bool-operation -Wno-shadow -Wno-sign-compare -Wno-subobject-linkage -Wno-tautological-compare -Wno-uninitialized -Wno-unused-but-set-parameter -Wno-unused-but-set-variable -Wno-unused-parameter -Wno-unused-variable      -include Vtestharness__pch.h.fast -c -o Vtestharness_axi_demux__pi49__DepSet_ha5b583cf__0.o Vtestharness_axi_demux__pi49__DepSet_ha5b583cf__0.cpp
/esat/studscratch/r1015498/Thesis/original_snax/snax_cluster/.pixi/envs/default/bin/x86_64-conda-linux-gnu-c++ -Os -fvisibility-inlines-hidden -fmessage-length=0 -march=nocona -mtune=haswell -ftree-vectorize -fPIC -fstack-protector-strong -fno-plt -O2 -ffunction-sections -pipe -isystem /pixi/.pixi/envs/default/include -DNDEBUG -D_FORTIFY_SOURCE=2 -O2 -isystem /pixi/.pixi/envs/default/include -I.  -MMD -I/esat/studscratch/r1015498/Thesis/original_snax/snax_cluster/.pixi/envs/default/share/verilator/include -I/esat/studscratch/r1015498/Thesis/original_snax/snax_cluster/.pixi/envs/default/share/verilator/include/vltstd -DVM_COVERAGE=0 -DVM_SC=0 -DVM_TIMING=0 -DVM_TRACE=1 -DVM_TRACE_FST=0 -DVM_TRACE_VCD=1 -faligned-new -fcf-protection=none -Wno-bool-operation -Wno-shadow -Wno-sign-compare -Wno-subobject-linkage -Wno-tautological-compare -Wno-uninitialized -Wno-unused-but-set-parameter -Wno-unused-but-set-variable -Wno-unused-parameter -Wno-unused-variable      -include Vtestharness__pch.h.fast -c -o Vtestharness_axi_demux__pi68__DepSet_h052ce7bf__0.o Vtestharness_axi_demux__pi68__DepSet_h052ce7bf__0.cpp
/esat/studscratch/r1015498/Thesis/original_snax/snax_cluster/.pixi/envs/default/bin/x86_64-conda-linux-gnu-c++ -Os -fvisibility-inlines-hidden -fmessage-length=0 -march=nocona -mtune=haswell -ftree-vectorize -fPIC -fstack-protector-strong -fno-plt -O2 -ffunction-sections -pipe -isystem /pixi/.pixi/envs/default/include -DNDEBUG -D_FORTIFY_SOURCE=2 -O2 -isystem /pixi/.pixi/envs/default/include -I.  -MMD -I/esat/studscratch/r1015498/Thesis/original_snax/snax_cluster/.pixi/envs/default/share/verilator/include -I/esat/studscratch/r1015498/Thesis/original_snax/snax_cluster/.pixi/envs/default/share/verilator/include/vltstd -DVM_COVERAGE=0 -DVM_SC=0 -DVM_TIMING=0 -DVM_TRACE=1 -DVM_TRACE_FST=0 -DVM_TRACE_VCD=1 -faligned-new -fcf-protection=none -Wno-bool-operation -Wno-shadow -Wno-sign-compare -Wno-subobject-linkage -Wno-tautological-compare -Wno-uninitialized -Wno-unused-but-set-parameter -Wno-unused-but-set-variable -Wno-unused-parameter -Wno-unused-variable      -include Vtestharness__pch.h.fast -c -o Vtestharness_axi_demux__pi68__DepSet_h052ce7bf__1.o Vtestharness_axi_demux__pi68__DepSet_h052ce7bf__1.cpp
/esat/studscratch/r1015498/Thesis/original_snax/snax_cluster/.pixi/envs/default/bin/x86_64-conda-linux-gnu-c++ -Os -fvisibility-inlines-hidden -fmessage-length=0 -march=nocona -mtune=haswell -ftree-vectorize -fPIC -fstack-protector-strong -fno-plt -O2 -ffunction-sections -pipe -isystem /pixi/.pixi/envs/default/include -DNDEBUG -D_FORTIFY_SOURCE=2 -O2 -isystem /pixi/.pixi/envs/default/include -I.  -MMD -I/esat/studscratch/r1015498/Thesis/original_snax/snax_cluster/.pixi/envs/default/share/verilator/include -I/esat/studscratch/r1015498/Thesis/original_snax/snax_cluster/.pixi/envs/default/share/verilator/include/vltstd -DVM_COVERAGE=0 -DVM_SC=0 -DVM_TIMING=0 -DVM_TRACE=1 -DVM_TRACE_FST=0 -DVM_TRACE_VCD=1 -faligned-new -fcf-protection=none -Wno-bool-operation -Wno-shadow -Wno-sign-compare -Wno-subobject-linkage -Wno-tautological-compare -Wno-uninitialized -Wno-unused-but-set-parameter -Wno-unused-but-set-variable -Wno-unused-parameter -Wno-unused-variable      -include Vtestharness__pch.h.fast -c -o Vtestharness_axi_demux__pi68__DepSet_hb7e3146e__0.o Vtestharness_axi_demux__pi68__DepSet_hb7e3146e__0.cpp
/esat/studscratch/r1015498/Thesis/original_snax/snax_cluster/.pixi/envs/default/bin/x86_64-conda-linux-gnu-c++ -Os -fvisibility-inlines-hidden -fmessage-length=0 -march=nocona -mtune=haswell -ftree-vectorize -fPIC -fstack-protector-strong -fno-plt -O2 -ffunction-sections -pipe -isystem /pixi/.pixi/envs/default/include -DNDEBUG -D_FORTIFY_SOURCE=2 -O2 -isystem /pixi/.pixi/envs/default/include -I.  -MMD -I/esat/studscratch/r1015498/Thesis/original_snax/snax_cluster/.pixi/envs/default/share/verilator/include -I/esat/studscratch/r1015498/Thesis/original_snax/snax_cluster/.pixi/envs/default/share/verilator/include/vltstd -DVM_COVERAGE=0 -DVM_SC=0 -DVM_TIMING=0 -DVM_TRACE=1 -DVM_TRACE_FST=0 -DVM_TRACE_VCD=1 -faligned-new -fcf-protection=none -Wno-bool-operation -Wno-shadow -Wno-sign-compare -Wno-subobject-linkage -Wno-tautological-compare -Wno-uninitialized -Wno-unused-but-set-parameter -Wno-unused-but-set-variable -Wno-unused-parameter -Wno-unused-variable      -include Vtestharness__pch.h.fast -c -o Vtestharness_axi_err_slv__pi69__DepSet_hdfb16287__0.o Vtestharness_axi_err_slv__pi69__DepSet_hdfb16287__0.cpp
/esat/studscratch/r1015498/Thesis/original_snax/snax_cluster/.pixi/envs/default/bin/x86_64-conda-linux-gnu-c++ -Os -fvisibility-inlines-hidden -fmessage-length=0 -march=nocona -mtune=haswell -ftree-vectorize -fPIC -fstack-protector-strong -fno-plt -O2 -ffunction-sections -pipe -isystem /pixi/.pixi/envs/default/include -DNDEBUG -D_FORTIFY_SOURCE=2 -O2 -isystem /pixi/.pixi/envs/default/include -I.  -MMD -I/esat/studscratch/r1015498/Thesis/original_snax/snax_cluster/.pixi/envs/default/share/verilator/include -I/esat/studscratch/r1015498/Thesis/original_snax/snax_cluster/.pixi/envs/default/share/verilator/include/vltstd -DVM_COVERAGE=0 -DVM_SC=0 -DVM_TIMING=0 -DVM_TRACE=1 -DVM_TRACE_FST=0 -DVM_TRACE_VCD=1 -faligned-new -fcf-protection=none -Wno-bool-operation -Wno-shadow -Wno-sign-compare -Wno-subobject-linkage -Wno-tautological-compare -Wno-uninitialized -Wno-unused-but-set-parameter -Wno-unused-but-set-variable -Wno-unused-parameter -Wno-unused-variable      -include Vtestharness__pch.h.fast -c -o Vtestharness_tc_sram_impl__pi55__DepSet_he5c22454__0.o Vtestharness_tc_sram_impl__pi55__DepSet_he5c22454__0.cpp
/esat/studscratch/r1015498/Thesis/original_snax/snax_cluster/.pixi/envs/default/bin/x86_64-conda-linux-gnu-c++ -Os -fvisibility-inlines-hidden -fmessage-length=0 -march=nocona -mtune=haswell -ftree-vectorize -fPIC -fstack-protector-strong -fno-plt -O2 -ffunction-sections -pipe -isystem /pixi/.pixi/envs/default/include -DNDEBUG -D_FORTIFY_SOURCE=2 -O2 -isystem /pixi/.pixi/envs/default/include -I.  -MMD -I/esat/studscratch/r1015498/Thesis/original_snax/snax_cluster/.pixi/envs/default/share/verilator/include -I/esat/studscratch/r1015498/Thesis/original_snax/snax_cluster/.pixi/envs/default/share/verilator/include/vltstd -DVM_COVERAGE=0 -DVM_SC=0 -DVM_TIMING=0 -DVM_TRACE=1 -DVM_TRACE_FST=0 -DVM_TRACE_VCD=1 -faligned-new -fcf-protection=none -Wno-bool-operation -Wno-shadow -Wno-sign-compare -Wno-subobject-linkage -Wno-tautological-compare -Wno-uninitialized -Wno-unused-but-set-parameter -Wno-unused-but-set-variable -Wno-unused-parameter -Wno-unused-variable      -include Vtestharness__pch.h.fast -c -o Vtestharness_tc_sram_impl__pi55__DepSet_he5c22454__1.o Vtestharness_tc_sram_impl__pi55__DepSet_he5c22454__1.cpp
/esat/studscratch/r1015498/Thesis/original_snax/snax_cluster/.pixi/envs/default/bin/x86_64-conda-linux-gnu-c++ -Os -fvisibility-inlines-hidden -fmessage-length=0 -march=nocona -mtune=haswell -ftree-vectorize -fPIC -fstack-protector-strong -fno-plt -O2 -ffunction-sections -pipe -isystem /pixi/.pixi/envs/default/include -DNDEBUG -D_FORTIFY_SOURCE=2 -O2 -isystem /pixi/.pixi/envs/default/include -I.  -MMD -I/esat/studscratch/r1015498/Thesis/original_snax/snax_cluster/.pixi/envs/default/share/verilator/include -I/esat/studscratch/r1015498/Thesis/original_snax/snax_cluster/.pixi/envs/default/share/verilator/include/vltstd -DVM_COVERAGE=0 -DVM_SC=0 -DVM_TIMING=0 -DVM_TRACE=1 -DVM_TRACE_FST=0 -DVM_TRACE_VCD=1 -faligned-new -fcf-protection=none -Wno-bool-operation -Wno-shadow -Wno-sign-compare -Wno-subobject-linkage -Wno-tautological-compare -Wno-uninitialized -Wno-unused-but-set-parameter -Wno-unused-but-set-variable -Wno-unused-parameter -Wno-unused-variable      -include Vtestharness__pch.h.fast -c -o Vtestharness_axi_burst_splitter_counters__pi176__DepSet_hd2667ff1__0.o Vtestharness_axi_burst_splitter_counters__pi176__DepSet_hd2667ff1__0.cpp
/esat/studscratch/r1015498/Thesis/original_snax/snax_cluster/.pixi/envs/default/bin/x86_64-conda-linux-gnu-c++ -Os -fvisibility-inlines-hidden -fmessage-length=0 -march=nocona -mtune=haswell -ftree-vectorize -fPIC -fstack-protector-strong -fno-plt -O2 -ffunction-sections -pipe -isystem /pixi/.pixi/envs/default/include -DNDEBUG -D_FORTIFY_SOURCE=2 -O2 -isystem /pixi/.pixi/envs/default/include -I.  -MMD -I/esat/studscratch/r1015498/Thesis/original_snax/snax_cluster/.pixi/envs/default/share/verilator/include -I/esat/studscratch/r1015498/Thesis/original_snax/snax_cluster/.pixi/envs/default/share/verilator/include/vltstd -DVM_COVERAGE=0 -DVM_SC=0 -DVM_TIMING=0 -DVM_TRACE=1 -DVM_TRACE_FST=0 -DVM_TRACE_VCD=1 -faligned-new -fcf-protection=none -Wno-bool-operation -Wno-shadow -Wno-sign-compare -Wno-subobject-linkage -Wno-tautological-compare -Wno-uninitialized -Wno-unused-but-set-parameter -Wno-unused-but-set-variable -Wno-unused-parameter -Wno-unused-variable      -include Vtestharness__pch.h.fast -c -o Vtestharness_axi_burst_splitter_counters__pi176__DepSet_hd2667ff1__1.o Vtestharness_axi_burst_splitter_counters__pi176__DepSet_hd2667ff1__1.cpp
/esat/studscratch/r1015498/Thesis/original_snax/snax_cluster/.pixi/envs/default/bin/x86_64-conda-linux-gnu-c++ -Os -fvisibility-inlines-hidden -fmessage-length=0 -march=nocona -mtune=haswell -ftree-vectorize -fPIC -fstack-protector-strong -fno-plt -O2 -ffunction-sections -pipe -isystem /pixi/.pixi/envs/default/include -DNDEBUG -D_FORTIFY_SOURCE=2 -O2 -isystem /pixi/.pixi/envs/default/include -I.  -MMD -I/esat/studscratch/r1015498/Thesis/original_snax/snax_cluster/.pixi/envs/default/share/verilator/include -I/esat/studscratch/r1015498/Thesis/original_snax/snax_cluster/.pixi/envs/default/share/verilator/include/vltstd -DVM_COVERAGE=0 -DVM_SC=0 -DVM_TIMING=0 -DVM_TRACE=1 -DVM_TRACE_FST=0 -DVM_TRACE_VCD=1 -faligned-new -fcf-protection=none -Wno-bool-operation -Wno-shadow -Wno-sign-compare -Wno-subobject-linkage -Wno-tautological-compare -Wno-uninitialized -Wno-unused-but-set-parameter -Wno-unused-but-set-variable -Wno-unused-parameter -Wno-unused-variable      -include Vtestharness__pch.h.fast -c -o Vtestharness_axi_burst_splitter_counters__pi176__DepSet_h689d8cbc__0.o Vtestharness_axi_burst_splitter_counters__pi176__DepSet_h689d8cbc__0.cpp
/esat/studscratch/r1015498/Thesis/original_snax/snax_cluster/.pixi/envs/default/bin/x86_64-conda-linux-gnu-c++ -Os -fvisibility-inlines-hidden -fmessage-length=0 -march=nocona -mtune=haswell -ftree-vectorize -fPIC -fstack-protector-strong -fno-plt -O2 -ffunction-sections -pipe -isystem /pixi/.pixi/envs/default/include -DNDEBUG -D_FORTIFY_SOURCE=2 -O2 -isystem /pixi/.pixi/envs/default/include -I.  -MMD -I/esat/studscratch/r1015498/Thesis/original_snax/snax_cluster/.pixi/envs/default/share/verilator/include -I/esat/studscratch/r1015498/Thesis/original_snax/snax_cluster/.pixi/envs/default/share/verilator/include/vltstd -DVM_COVERAGE=0 -DVM_SC=0 -DVM_TIMING=0 -DVM_TRACE=1 -DVM_TRACE_FST=0 -DVM_TRACE_VCD=1 -faligned-new -fcf-protection=none -Wno-bool-operation -Wno-shadow -Wno-sign-compare -Wno-subobject-linkage -Wno-tautological-compare -Wno-uninitialized -Wno-unused-but-set-parameter -Wno-unused-but-set-variable -Wno-unused-parameter -Wno-unused-variable      -include Vtestharness__pch.h.fast -c -o Vtestharness_axi_burst_splitter_counters__pi178__DepSet_hd041666c__0.o Vtestharness_axi_burst_splitter_counters__pi178__DepSet_hd041666c__0.cpp
/esat/studscratch/r1015498/Thesis/original_snax/snax_cluster/.pixi/envs/default/bin/x86_64-conda-linux-gnu-c++ -Os -fvisibility-inlines-hidden -fmessage-length=0 -march=nocona -mtune=haswell -ftree-vectorize -fPIC -fstack-protector-strong -fno-plt -O2 -ffunction-sections -pipe -isystem /pixi/.pixi/envs/default/include -DNDEBUG -D_FORTIFY_SOURCE=2 -O2 -isystem /pixi/.pixi/envs/default/include -I.  -MMD -I/esat/studscratch/r1015498/Thesis/original_snax/snax_cluster/.pixi/envs/default/share/verilator/include -I/esat/studscratch/r1015498/Thesis/original_snax/snax_cluster/.pixi/envs/default/share/verilator/include/vltstd -DVM_COVERAGE=0 -DVM_SC=0 -DVM_TIMING=0 -DVM_TRACE=1 -DVM_TRACE_FST=0 -DVM_TRACE_VCD=1 -faligned-new -fcf-protection=none -Wno-bool-operation -Wno-shadow -Wno-sign-compare -Wno-subobject-linkage -Wno-tautological-compare -Wno-uninitialized -Wno-unused-but-set-parameter -Wno-unused-but-set-variable -Wno-unused-parameter -Wno-unused-variable      -include Vtestharness__pch.h.fast -c -o Vtestharness_axi_burst_splitter_counters__pi178__DepSet_hd041666c__1.o Vtestharness_axi_burst_splitter_counters__pi178__DepSet_hd041666c__1.cpp
/esat/studscratch/r1015498/Thesis/original_snax/snax_cluster/.pixi/envs/default/bin/x86_64-conda-linux-gnu-c++ -Os -fvisibility-inlines-hidden -fmessage-length=0 -march=nocona -mtune=haswell -ftree-vectorize -fPIC -fstack-protector-strong -fno-plt -O2 -ffunction-sections -pipe -isystem /pixi/.pixi/envs/default/include -DNDEBUG -D_FORTIFY_SOURCE=2 -O2 -isystem /pixi/.pixi/envs/default/include -I.  -MMD -I/esat/studscratch/r1015498/Thesis/original_snax/snax_cluster/.pixi/envs/default/share/verilator/include -I/esat/studscratch/r1015498/Thesis/original_snax/snax_cluster/.pixi/envs/default/share/verilator/include/vltstd -DVM_COVERAGE=0 -DVM_SC=0 -DVM_TIMING=0 -DVM_TRACE=1 -DVM_TRACE_FST=0 -DVM_TRACE_VCD=1 -faligned-new -fcf-protection=none -Wno-bool-operation -Wno-shadow -Wno-sign-compare -Wno-subobject-linkage -Wno-tautological-compare -Wno-uninitialized -Wno-unused-but-set-parameter -Wno-unused-but-set-variable -Wno-unused-parameter -Wno-unused-variable      -include Vtestharness__pch.h.fast -c -o Vtestharness_axi_burst_splitter_counters__pi178__DepSet_h6ab8951f__0.o Vtestharness_axi_burst_splitter_counters__pi178__DepSet_h6ab8951f__0.cpp
/esat/studscratch/r1015498/Thesis/original_snax/snax_cluster/.pixi/envs/default/bin/x86_64-conda-linux-gnu-c++ -Os -fvisibility-inlines-hidden -fmessage-length=0 -march=nocona -mtune=haswell -ftree-vectorize -fPIC -fstack-protector-strong -fno-plt -O2 -ffunction-sections -pipe -isystem /pixi/.pixi/envs/default/include -DNDEBUG -D_FORTIFY_SOURCE=2 -O2 -isystem /pixi/.pixi/envs/default/include -I.  -MMD -I/esat/studscratch/r1015498/Thesis/original_snax/snax_cluster/.pixi/envs/default/share/verilator/include -I/esat/studscratch/r1015498/Thesis/original_snax/snax_cluster/.pixi/envs/default/share/verilator/include/vltstd -DVM_COVERAGE=0 -DVM_SC=0 -DVM_TIMING=0 -DVM_TRACE=1 -DVM_TRACE_FST=0 -DVM_TRACE_VCD=1 -faligned-new -fcf-protection=none -Wno-bool-operation -Wno-shadow -Wno-sign-compare -Wno-subobject-linkage -Wno-tautological-compare -Wno-uninitialized -Wno-unused-but-set-parameter -Wno-unused-but-set-variable -Wno-unused-parameter -Wno-unused-variable      -include Vtestharness__pch.h.fast -c -o Vtestharness_axi_demux_id_counters__pi193__DepSet_hbdd96c90__0.o Vtestharness_axi_demux_id_counters__pi193__DepSet_hbdd96c90__0.cpp
/esat/studscratch/r1015498/Thesis/original_snax/snax_cluster/.pixi/envs/default/bin/x86_64-conda-linux-gnu-c++ -Os -fvisibility-inlines-hidden -fmessage-length=0 -march=nocona -mtune=haswell -ftree-vectorize -fPIC -fstack-protector-strong -fno-plt -O2 -ffunction-sections -pipe -isystem /pixi/.pixi/envs/default/include -DNDEBUG -D_FORTIFY_SOURCE=2 -O2 -isystem /pixi/.pixi/envs/default/include -I.  -MMD -I/esat/studscratch/r1015498/Thesis/original_snax/snax_cluster/.pixi/envs/default/share/verilator/include -I/esat/studscratch/r1015498/Thesis/original_snax/snax_cluster/.pixi/envs/default/share/verilator/include/vltstd -DVM_COVERAGE=0 -DVM_SC=0 -DVM_TIMING=0 -DVM_TRACE=1 -DVM_TRACE_FST=0 -DVM_TRACE_VCD=1 -faligned-new -fcf-protection=none -Wno-bool-operation -Wno-shadow -Wno-sign-compare -Wno-subobject-linkage -Wno-tautological-compare -Wno-uninitialized -Wno-unused-but-set-parameter -Wno-unused-but-set-variable -Wno-unused-parameter -Wno-unused-variable      -include Vtestharness__pch.h.fast -c -o Vtestharness_axi_demux_id_counters__pi194__DepSet_h63e1f3b1__0.o Vtestharness_axi_demux_id_counters__pi194__DepSet_h63e1f3b1__0.cpp
/esat/studscratch/r1015498/Thesis/original_snax/snax_cluster/.pixi/envs/default/bin/x86_64-conda-linux-gnu-c++ -Os -fvisibility-inlines-hidden -fmessage-length=0 -march=nocona -mtune=haswell -ftree-vectorize -fPIC -fstack-protector-strong -fno-plt -O2 -ffunction-sections -pipe -isystem /pixi/.pixi/envs/default/include -DNDEBUG -D_FORTIFY_SOURCE=2 -O2 -isystem /pixi/.pixi/envs/default/include -I.  -MMD -I/esat/studscratch/r1015498/Thesis/original_snax/snax_cluster/.pixi/envs/default/share/verilator/include -I/esat/studscratch/r1015498/Thesis/original_snax/snax_cluster/.pixi/envs/default/share/verilator/include/vltstd -DVM_COVERAGE=0 -DVM_SC=0 -DVM_TIMING=0 -DVM_TRACE=1 -DVM_TRACE_FST=0 -DVM_TRACE_VCD=1 -faligned-new -fcf-protection=none -Wno-bool-operation -Wno-shadow -Wno-sign-compare -Wno-subobject-linkage -Wno-tautological-compare -Wno-uninitialized -Wno-unused-but-set-parameter -Wno-unused-but-set-variable -Wno-unused-parameter -Wno-unused-variable      -include Vtestharness__pch.h.fast -c -o Vtestharness__Dpi.o Vtestharness__Dpi.cpp
/esat/studscratch/r1015498/Thesis/original_snax/snax_cluster/.pixi/envs/default/bin/x86_64-conda-linux-gnu-c++ -Os -fvisibility-inlines-hidden -fmessage-length=0 -march=nocona -mtune=haswell -ftree-vectorize -fPIC -fstack-protector-strong -fno-plt -O2 -ffunction-sections -pipe -isystem /pixi/.pixi/envs/default/include -DNDEBUG -D_FORTIFY_SOURCE=2 -O2 -isystem /pixi/.pixi/envs/default/include -I.  -MMD -I/esat/studscratch/r1015498/Thesis/original_snax/snax_cluster/.pixi/envs/default/share/verilator/include -I/esat/studscratch/r1015498/Thesis/original_snax/snax_cluster/.pixi/envs/default/share/verilator/include/vltstd -DVM_COVERAGE=0 -DVM_SC=0 -DVM_TIMING=0 -DVM_TRACE=1 -DVM_TRACE_FST=0 -DVM_TRACE_VCD=1 -faligned-new -fcf-protection=none -Wno-bool-operation -Wno-shadow -Wno-sign-compare -Wno-subobject-linkage -Wno-tautological-compare -Wno-uninitialized -Wno-unused-but-set-parameter -Wno-unused-but-set-variable -Wno-unused-parameter -Wno-unused-variable      -include Vtestharness__pch.h.fast -c -o Vtestharness__Trace__0.o Vtestharness__Trace__0.cpp
/esat/studscratch/r1015498/Thesis/original_snax/snax_cluster/.pixi/envs/default/bin/x86_64-conda-linux-gnu-c++ -Os -fvisibility-inlines-hidden -fmessage-length=0 -march=nocona -mtune=haswell -ftree-vectorize -fPIC -fstack-protector-strong -fno-plt -O2 -ffunction-sections -pipe -isystem /pixi/.pixi/envs/default/include -DNDEBUG -D_FORTIFY_SOURCE=2 -O2 -isystem /pixi/.pixi/envs/default/include -I.  -MMD -I/esat/studscratch/r1015498/Thesis/original_snax/snax_cluster/.pixi/envs/default/share/verilator/include -I/esat/studscratch/r1015498/Thesis/original_snax/snax_cluster/.pixi/envs/default/share/verilator/include/vltstd -DVM_COVERAGE=0 -DVM_SC=0 -DVM_TIMING=0 -DVM_TRACE=1 -DVM_TRACE_FST=0 -DVM_TRACE_VCD=1 -faligned-new -fcf-protection=none -Wno-bool-operation -Wno-shadow -Wno-sign-compare -Wno-subobject-linkage -Wno-tautological-compare -Wno-uninitialized -Wno-unused-but-set-parameter -Wno-unused-but-set-variable -Wno-unused-parameter -Wno-unused-variable      -include Vtestharness__pch.h.fast -c -o Vtestharness__Trace__1.o Vtestharness__Trace__1.cpp
/esat/studscratch/r1015498/Thesis/original_snax/snax_cluster/.pixi/envs/default/bin/x86_64-conda-linux-gnu-c++ -Os -fvisibility-inlines-hidden -fmessage-length=0 -march=nocona -mtune=haswell -ftree-vectorize -fPIC -fstack-protector-strong -fno-plt -O2 -ffunction-sections -pipe -isystem /pixi/.pixi/envs/default/include -DNDEBUG -D_FORTIFY_SOURCE=2 -O2 -isystem /pixi/.pixi/envs/default/include -I.  -MMD -I/esat/studscratch/r1015498/Thesis/original_snax/snax_cluster/.pixi/envs/default/share/verilator/include -I/esat/studscratch/r1015498/Thesis/original_snax/snax_cluster/.pixi/envs/default/share/verilator/include/vltstd -DVM_COVERAGE=0 -DVM_SC=0 -DVM_TIMING=0 -DVM_TRACE=1 -DVM_TRACE_FST=0 -DVM_TRACE_VCD=1 -faligned-new -fcf-protection=none -Wno-bool-operation -Wno-shadow -Wno-sign-compare -Wno-subobject-linkage -Wno-tautological-compare -Wno-uninitialized -Wno-unused-but-set-parameter -Wno-unused-but-set-variable -Wno-unused-parameter -Wno-unused-variable      -include Vtestharness__pch.h.fast -c -o Vtestharness__Trace__2.o Vtestharness__Trace__2.cpp
/esat/studscratch/r1015498/Thesis/original_snax/snax_cluster/.pixi/envs/default/bin/x86_64-conda-linux-gnu-c++ -Os -fvisibility-inlines-hidden -fmessage-length=0 -march=nocona -mtune=haswell -ftree-vectorize -fPIC -fstack-protector-strong -fno-plt -O2 -ffunction-sections -pipe -isystem /pixi/.pixi/envs/default/include -DNDEBUG -D_FORTIFY_SOURCE=2 -O2 -isystem /pixi/.pixi/envs/default/include -I.  -MMD -I/esat/studscratch/r1015498/Thesis/original_snax/snax_cluster/.pixi/envs/default/share/verilator/include -I/esat/studscratch/r1015498/Thesis/original_snax/snax_cluster/.pixi/envs/default/share/verilator/include/vltstd -DVM_COVERAGE=0 -DVM_SC=0 -DVM_TIMING=0 -DVM_TRACE=1 -DVM_TRACE_FST=0 -DVM_TRACE_VCD=1 -faligned-new -fcf-protection=none -Wno-bool-operation -Wno-shadow -Wno-sign-compare -Wno-subobject-linkage -Wno-tautological-compare -Wno-uninitialized -Wno-unused-but-set-parameter -Wno-unused-but-set-variable -Wno-unused-parameter -Wno-unused-variable      -include Vtestharness__pch.h.fast -c -o Vtestharness__Trace__3.o Vtestharness__Trace__3.cpp
/esat/studscratch/r1015498/Thesis/original_snax/snax_cluster/.pixi/envs/default/bin/x86_64-conda-linux-gnu-c++ -Os -fvisibility-inlines-hidden -fmessage-length=0 -march=nocona -mtune=haswell -ftree-vectorize -fPIC -fstack-protector-strong -fno-plt -O2 -ffunction-sections -pipe -isystem /pixi/.pixi/envs/default/include -DNDEBUG -D_FORTIFY_SOURCE=2 -O2 -isystem /pixi/.pixi/envs/default/include -I.  -MMD -I/esat/studscratch/r1015498/Thesis/original_snax/snax_cluster/.pixi/envs/default/share/verilator/include -I/esat/studscratch/r1015498/Thesis/original_snax/snax_cluster/.pixi/envs/default/share/verilator/include/vltstd -DVM_COVERAGE=0 -DVM_SC=0 -DVM_TIMING=0 -DVM_TRACE=1 -DVM_TRACE_FST=0 -DVM_TRACE_VCD=1 -faligned-new -fcf-protection=none -Wno-bool-operation -Wno-shadow -Wno-sign-compare -Wno-subobject-linkage -Wno-tautological-compare -Wno-uninitialized -Wno-unused-but-set-parameter -Wno-unused-but-set-variable -Wno-unused-parameter -Wno-unused-variable      -include Vtestharness__pch.h.fast -c -o Vtestharness__Trace__4.o Vtestharness__Trace__4.cpp
/esat/studscratch/r1015498/Thesis/original_snax/snax_cluster/.pixi/envs/default/bin/x86_64-conda-linux-gnu-c++ -Os -fvisibility-inlines-hidden -fmessage-length=0 -march=nocona -mtune=haswell -ftree-vectorize -fPIC -fstack-protector-strong -fno-plt -O2 -ffunction-sections -pipe -isystem /pixi/.pixi/envs/default/include -DNDEBUG -D_FORTIFY_SOURCE=2 -O2 -isystem /pixi/.pixi/envs/default/include -I.  -MMD -I/esat/studscratch/r1015498/Thesis/original_snax/snax_cluster/.pixi/envs/default/share/verilator/include -I/esat/studscratch/r1015498/Thesis/original_snax/snax_cluster/.pixi/envs/default/share/verilator/include/vltstd -DVM_COVERAGE=0 -DVM_SC=0 -DVM_TIMING=0 -DVM_TRACE=1 -DVM_TRACE_FST=0 -DVM_TRACE_VCD=1 -faligned-new -fcf-protection=none -Wno-bool-operation -Wno-shadow -Wno-sign-compare -Wno-subobject-linkage -Wno-tautological-compare -Wno-uninitialized -Wno-unused-but-set-parameter -Wno-unused-but-set-variable -Wno-unused-parameter -Wno-unused-variable      -include Vtestharness__pch.h.fast -c -o Vtestharness__Trace__5.o Vtestharness__Trace__5.cpp
/esat/studscratch/r1015498/Thesis/original_snax/snax_cluster/.pixi/envs/default/bin/x86_64-conda-linux-gnu-c++ -Os -fvisibility-inlines-hidden -fmessage-length=0 -march=nocona -mtune=haswell -ftree-vectorize -fPIC -fstack-protector-strong -fno-plt -O2 -ffunction-sections -pipe -isystem /pixi/.pixi/envs/default/include -DNDEBUG -D_FORTIFY_SOURCE=2 -O2 -isystem /pixi/.pixi/envs/default/include -I.  -MMD -I/esat/studscratch/r1015498/Thesis/original_snax/snax_cluster/.pixi/envs/default/share/verilator/include -I/esat/studscratch/r1015498/Thesis/original_snax/snax_cluster/.pixi/envs/default/share/verilator/include/vltstd -DVM_COVERAGE=0 -DVM_SC=0 -DVM_TIMING=0 -DVM_TRACE=1 -DVM_TRACE_FST=0 -DVM_TRACE_VCD=1 -faligned-new -fcf-protection=none -Wno-bool-operation -Wno-shadow -Wno-sign-compare -Wno-subobject-linkage -Wno-tautological-compare -Wno-uninitialized -Wno-unused-but-set-parameter -Wno-unused-but-set-variable -Wno-unused-parameter -Wno-unused-variable      -include Vtestharness__pch.h.fast -c -o Vtestharness__Trace__6.o Vtestharness__Trace__6.cpp
/esat/studscratch/r1015498/Thesis/original_snax/snax_cluster/.pixi/envs/default/bin/x86_64-conda-linux-gnu-c++ -Os -fvisibility-inlines-hidden -fmessage-length=0 -march=nocona -mtune=haswell -ftree-vectorize -fPIC -fstack-protector-strong -fno-plt -O2 -ffunction-sections -pipe -isystem /pixi/.pixi/envs/default/include -DNDEBUG -D_FORTIFY_SOURCE=2 -O2 -isystem /pixi/.pixi/envs/default/include -I.  -MMD -I/esat/studscratch/r1015498/Thesis/original_snax/snax_cluster/.pixi/envs/default/share/verilator/include -I/esat/studscratch/r1015498/Thesis/original_snax/snax_cluster/.pixi/envs/default/share/verilator/include/vltstd -DVM_COVERAGE=0 -DVM_SC=0 -DVM_TIMING=0 -DVM_TRACE=1 -DVM_TRACE_FST=0 -DVM_TRACE_VCD=1 -faligned-new -fcf-protection=none -Wno-bool-operation -Wno-shadow -Wno-sign-compare -Wno-subobject-linkage -Wno-tautological-compare -Wno-uninitialized -Wno-unused-but-set-parameter -Wno-unused-but-set-variable -Wno-unused-parameter -Wno-unused-variable      -include Vtestharness__pch.h.fast -c -o Vtestharness__Trace__7.o Vtestharness__Trace__7.cpp
/esat/studscratch/r1015498/Thesis/original_snax/snax_cluster/.pixi/envs/default/bin/x86_64-conda-linux-gnu-c++ -Os -fvisibility-inlines-hidden -fmessage-length=0 -march=nocona -mtune=haswell -ftree-vectorize -fPIC -fstack-protector-strong -fno-plt -O2 -ffunction-sections -pipe -isystem /pixi/.pixi/envs/default/include -DNDEBUG -D_FORTIFY_SOURCE=2 -O2 -isystem /pixi/.pixi/envs/default/include -I.  -MMD -I/esat/studscratch/r1015498/Thesis/original_snax/snax_cluster/.pixi/envs/default/share/verilator/include -I/esat/studscratch/r1015498/Thesis/original_snax/snax_cluster/.pixi/envs/default/share/verilator/include/vltstd -DVM_COVERAGE=0 -DVM_SC=0 -DVM_TIMING=0 -DVM_TRACE=1 -DVM_TRACE_FST=0 -DVM_TRACE_VCD=1 -faligned-new -fcf-protection=none -Wno-bool-operation -Wno-shadow -Wno-sign-compare -Wno-subobject-linkage -Wno-tautological-compare -Wno-uninitialized -Wno-unused-but-set-parameter -Wno-unused-but-set-variable -Wno-unused-parameter -Wno-unused-variable      -include Vtestharness__pch.h.fast -c -o Vtestharness__Trace__8.o Vtestharness__Trace__8.cpp
/esat/studscratch/r1015498/Thesis/original_snax/snax_cluster/.pixi/envs/default/bin/x86_64-conda-linux-gnu-c++ -Os -fvisibility-inlines-hidden -fmessage-length=0 -march=nocona -mtune=haswell -ftree-vectorize -fPIC -fstack-protector-strong -fno-plt -O2 -ffunction-sections -pipe -isystem /pixi/.pixi/envs/default/include -DNDEBUG -D_FORTIFY_SOURCE=2 -O2 -isystem /pixi/.pixi/envs/default/include -I.  -MMD -I/esat/studscratch/r1015498/Thesis/original_snax/snax_cluster/.pixi/envs/default/share/verilator/include -I/esat/studscratch/r1015498/Thesis/original_snax/snax_cluster/.pixi/envs/default/share/verilator/include/vltstd -DVM_COVERAGE=0 -DVM_SC=0 -DVM_TIMING=0 -DVM_TRACE=1 -DVM_TRACE_FST=0 -DVM_TRACE_VCD=1 -faligned-new -fcf-protection=none -Wno-bool-operation -Wno-shadow -Wno-sign-compare -Wno-subobject-linkage -Wno-tautological-compare -Wno-uninitialized -Wno-unused-but-set-parameter -Wno-unused-but-set-variable -Wno-unused-parameter -Wno-unused-variable      -include Vtestharness__pch.h.fast -c -o Vtestharness__Trace__9.o Vtestharness__Trace__9.cpp
/esat/studscratch/r1015498/Thesis/original_snax/snax_cluster/.pixi/envs/default/bin/x86_64-conda-linux-gnu-c++ -Os -fvisibility-inlines-hidden -fmessage-length=0 -march=nocona -mtune=haswell -ftree-vectorize -fPIC -fstack-protector-strong -fno-plt -O2 -ffunction-sections -pipe -isystem /pixi/.pixi/envs/default/include -DNDEBUG -D_FORTIFY_SOURCE=2 -O2 -isystem /pixi/.pixi/envs/default/include -I.  -MMD -I/esat/studscratch/r1015498/Thesis/original_snax/snax_cluster/.pixi/envs/default/share/verilator/include -I/esat/studscratch/r1015498/Thesis/original_snax/snax_cluster/.pixi/envs/default/share/verilator/include/vltstd -DVM_COVERAGE=0 -DVM_SC=0 -DVM_TIMING=0 -DVM_TRACE=1 -DVM_TRACE_FST=0 -DVM_TRACE_VCD=1 -faligned-new -fcf-protection=none -Wno-bool-operation -Wno-shadow -Wno-sign-compare -Wno-subobject-linkage -Wno-tautological-compare -Wno-uninitialized -Wno-unused-but-set-parameter -Wno-unused-but-set-variable -Wno-unused-parameter -Wno-unused-variable      -include Vtestharness__pch.h.fast -c -o Vtestharness__Trace__10.o Vtestharness__Trace__10.cpp
/esat/studscratch/r1015498/Thesis/original_snax/snax_cluster/.pixi/envs/default/bin/x86_64-conda-linux-gnu-c++  -fvisibility-inlines-hidden -fmessage-length=0 -march=nocona -mtune=haswell -ftree-vectorize -fPIC -fstack-protector-strong -fno-plt -O2 -ffunction-sections -pipe -isystem /pixi/.pixi/envs/default/include -DNDEBUG -D_FORTIFY_SOURCE=2 -O2 -isystem /pixi/.pixi/envs/default/include -I.  -MMD -I/esat/studscratch/r1015498/Thesis/original_snax/snax_cluster/.pixi/envs/default/share/verilator/include -I/esat/studscratch/r1015498/Thesis/original_snax/snax_cluster/.pixi/envs/default/share/verilator/include/vltstd -DVM_COVERAGE=0 -DVM_SC=0 -DVM_TIMING=0 -DVM_TRACE=1 -DVM_TRACE_FST=0 -DVM_TRACE_VCD=1 -faligned-new -fcf-protection=none -Wno-bool-operation -Wno-shadow -Wno-sign-compare -Wno-subobject-linkage -Wno-tautological-compare -Wno-uninitialized -Wno-unused-but-set-parameter -Wno-unused-but-set-variable -Wno-unused-parameter -Wno-unused-variable      -include Vtestharness__pch.h.slow -c -o Vtestharness__ConstPool_0.o Vtestharness__ConstPool_0.cpp
/esat/studscratch/r1015498/Thesis/original_snax/snax_cluster/.pixi/envs/default/bin/x86_64-conda-linux-gnu-c++  -fvisibility-inlines-hidden -fmessage-length=0 -march=nocona -mtune=haswell -ftree-vectorize -fPIC -fstack-protector-strong -fno-plt -O2 -ffunction-sections -pipe -isystem /pixi/.pixi/envs/default/include -DNDEBUG -D_FORTIFY_SOURCE=2 -O2 -isystem /pixi/.pixi/envs/default/include -I.  -MMD -I/esat/studscratch/r1015498/Thesis/original_snax/snax_cluster/.pixi/envs/default/share/verilator/include -I/esat/studscratch/r1015498/Thesis/original_snax/snax_cluster/.pixi/envs/default/share/verilator/include/vltstd -DVM_COVERAGE=0 -DVM_SC=0 -DVM_TIMING=0 -DVM_TRACE=1 -DVM_TRACE_FST=0 -DVM_TRACE_VCD=1 -faligned-new -fcf-protection=none -Wno-bool-operation -Wno-shadow -Wno-sign-compare -Wno-subobject-linkage -Wno-tautological-compare -Wno-uninitialized -Wno-unused-but-set-parameter -Wno-unused-but-set-variable -Wno-unused-parameter -Wno-unused-variable      -include Vtestharness__pch.h.slow -c -o Vtestharness___024root__Slow.o Vtestharness___024root__Slow.cpp
/esat/studscratch/r1015498/Thesis/original_snax/snax_cluster/.pixi/envs/default/bin/x86_64-conda-linux-gnu-c++  -fvisibility-inlines-hidden -fmessage-length=0 -march=nocona -mtune=haswell -ftree-vectorize -fPIC -fstack-protector-strong -fno-plt -O2 -ffunction-sections -pipe -isystem /pixi/.pixi/envs/default/include -DNDEBUG -D_FORTIFY_SOURCE=2 -O2 -isystem /pixi/.pixi/envs/default/include -I.  -MMD -I/esat/studscratch/r1015498/Thesis/original_snax/snax_cluster/.pixi/envs/default/share/verilator/include -I/esat/studscratch/r1015498/Thesis/original_snax/snax_cluster/.pixi/envs/default/share/verilator/include/vltstd -DVM_COVERAGE=0 -DVM_SC=0 -DVM_TIMING=0 -DVM_TRACE=1 -DVM_TRACE_FST=0 -DVM_TRACE_VCD=1 -faligned-new -fcf-protection=none -Wno-bool-operation -Wno-shadow -Wno-sign-compare -Wno-subobject-linkage -Wno-tautological-compare -Wno-uninitialized -Wno-unused-but-set-parameter -Wno-unused-but-set-variable -Wno-unused-parameter -Wno-unused-variable      -include Vtestharness__pch.h.slow -c -o Vtestharness___024root__DepSet_hbc650c6c__0__Slow.o Vtestharness___024root__DepSet_hbc650c6c__0__Slow.cpp
/esat/studscratch/r1015498/Thesis/original_snax/snax_cluster/.pixi/envs/default/bin/x86_64-conda-linux-gnu-c++  -fvisibility-inlines-hidden -fmessage-length=0 -march=nocona -mtune=haswell -ftree-vectorize -fPIC -fstack-protector-strong -fno-plt -O2 -ffunction-sections -pipe -isystem /pixi/.pixi/envs/default/include -DNDEBUG -D_FORTIFY_SOURCE=2 -O2 -isystem /pixi/.pixi/envs/default/include -I.  -MMD -I/esat/studscratch/r1015498/Thesis/original_snax/snax_cluster/.pixi/envs/default/share/verilator/include -I/esat/studscratch/r1015498/Thesis/original_snax/snax_cluster/.pixi/envs/default/share/verilator/include/vltstd -DVM_COVERAGE=0 -DVM_SC=0 -DVM_TIMING=0 -DVM_TRACE=1 -DVM_TRACE_FST=0 -DVM_TRACE_VCD=1 -faligned-new -fcf-protection=none -Wno-bool-operation -Wno-shadow -Wno-sign-compare -Wno-subobject-linkage -Wno-tautological-compare -Wno-uninitialized -Wno-unused-but-set-parameter -Wno-unused-but-set-variable -Wno-unused-parameter -Wno-unused-variable      -include Vtestharness__pch.h.slow -c -o Vtestharness___024root__DepSet_hbc650c6c__1__Slow.o Vtestharness___024root__DepSet_hbc650c6c__1__Slow.cpp
/esat/studscratch/r1015498/Thesis/original_snax/snax_cluster/.pixi/envs/default/bin/x86_64-conda-linux-gnu-c++  -fvisibility-inlines-hidden -fmessage-length=0 -march=nocona -mtune=haswell -ftree-vectorize -fPIC -fstack-protector-strong -fno-plt -O2 -ffunction-sections -pipe -isystem /pixi/.pixi/envs/default/include -DNDEBUG -D_FORTIFY_SOURCE=2 -O2 -isystem /pixi/.pixi/envs/default/include -I.  -MMD -I/esat/studscratch/r1015498/Thesis/original_snax/snax_cluster/.pixi/envs/default/share/verilator/include -I/esat/studscratch/r1015498/Thesis/original_snax/snax_cluster/.pixi/envs/default/share/verilator/include/vltstd -DVM_COVERAGE=0 -DVM_SC=0 -DVM_TIMING=0 -DVM_TRACE=1 -DVM_TRACE_FST=0 -DVM_TRACE_VCD=1 -faligned-new -fcf-protection=none -Wno-bool-operation -Wno-shadow -Wno-sign-compare -Wno-subobject-linkage -Wno-tautological-compare -Wno-uninitialized -Wno-unused-but-set-parameter -Wno-unused-but-set-variable -Wno-unused-parameter -Wno-unused-variable      -include Vtestharness__pch.h.slow -c -o Vtestharness___024root__DepSet_hbc650c6c__2__Slow.o Vtestharness___024root__DepSet_hbc650c6c__2__Slow.cpp
/esat/studscratch/r1015498/Thesis/original_snax/snax_cluster/.pixi/envs/default/bin/x86_64-conda-linux-gnu-c++  -fvisibility-inlines-hidden -fmessage-length=0 -march=nocona -mtune=haswell -ftree-vectorize -fPIC -fstack-protector-strong -fno-plt -O2 -ffunction-sections -pipe -isystem /pixi/.pixi/envs/default/include -DNDEBUG -D_FORTIFY_SOURCE=2 -O2 -isystem /pixi/.pixi/envs/default/include -I.  -MMD -I/esat/studscratch/r1015498/Thesis/original_snax/snax_cluster/.pixi/envs/default/share/verilator/include -I/esat/studscratch/r1015498/Thesis/original_snax/snax_cluster/.pixi/envs/default/share/verilator/include/vltstd -DVM_COVERAGE=0 -DVM_SC=0 -DVM_TIMING=0 -DVM_TRACE=1 -DVM_TRACE_FST=0 -DVM_TRACE_VCD=1 -faligned-new -fcf-protection=none -Wno-bool-operation -Wno-shadow -Wno-sign-compare -Wno-subobject-linkage -Wno-tautological-compare -Wno-uninitialized -Wno-unused-but-set-parameter -Wno-unused-but-set-variable -Wno-unused-parameter -Wno-unused-variable      -include Vtestharness__pch.h.slow -c -o Vtestharness___024root__DepSet_hbc650c6c__3__Slow.o Vtestharness___024root__DepSet_hbc650c6c__3__Slow.cpp
/esat/studscratch/r1015498/Thesis/original_snax/snax_cluster/.pixi/envs/default/bin/x86_64-conda-linux-gnu-c++  -fvisibility-inlines-hidden -fmessage-length=0 -march=nocona -mtune=haswell -ftree-vectorize -fPIC -fstack-protector-strong -fno-plt -O2 -ffunction-sections -pipe -isystem /pixi/.pixi/envs/default/include -DNDEBUG -D_FORTIFY_SOURCE=2 -O2 -isystem /pixi/.pixi/envs/default/include -I.  -MMD -I/esat/studscratch/r1015498/Thesis/original_snax/snax_cluster/.pixi/envs/default/share/verilator/include -I/esat/studscratch/r1015498/Thesis/original_snax/snax_cluster/.pixi/envs/default/share/verilator/include/vltstd -DVM_COVERAGE=0 -DVM_SC=0 -DVM_TIMING=0 -DVM_TRACE=1 -DVM_TRACE_FST=0 -DVM_TRACE_VCD=1 -faligned-new -fcf-protection=none -Wno-bool-operation -Wno-shadow -Wno-sign-compare -Wno-subobject-linkage -Wno-tautological-compare -Wno-uninitialized -Wno-unused-but-set-parameter -Wno-unused-but-set-variable -Wno-unused-parameter -Wno-unused-variable      -include Vtestharness__pch.h.slow -c -o Vtestharness___024root__DepSet_hbc650c6c__4__Slow.o Vtestharness___024root__DepSet_hbc650c6c__4__Slow.cpp
/esat/studscratch/r1015498/Thesis/original_snax/snax_cluster/.pixi/envs/default/bin/x86_64-conda-linux-gnu-c++  -fvisibility-inlines-hidden -fmessage-length=0 -march=nocona -mtune=haswell -ftree-vectorize -fPIC -fstack-protector-strong -fno-plt -O2 -ffunction-sections -pipe -isystem /pixi/.pixi/envs/default/include -DNDEBUG -D_FORTIFY_SOURCE=2 -O2 -isystem /pixi/.pixi/envs/default/include -I.  -MMD -I/esat/studscratch/r1015498/Thesis/original_snax/snax_cluster/.pixi/envs/default/share/verilator/include -I/esat/studscratch/r1015498/Thesis/original_snax/snax_cluster/.pixi/envs/default/share/verilator/include/vltstd -DVM_COVERAGE=0 -DVM_SC=0 -DVM_TIMING=0 -DVM_TRACE=1 -DVM_TRACE_FST=0 -DVM_TRACE_VCD=1 -faligned-new -fcf-protection=none -Wno-bool-operation -Wno-shadow -Wno-sign-compare -Wno-subobject-linkage -Wno-tautological-compare -Wno-uninitialized -Wno-unused-but-set-parameter -Wno-unused-but-set-variable -Wno-unused-parameter -Wno-unused-variable      -include Vtestharness__pch.h.slow -c -o Vtestharness___024root__DepSet_hbc650c6c__5__Slow.o Vtestharness___024root__DepSet_hbc650c6c__5__Slow.cpp
/esat/studscratch/r1015498/Thesis/original_snax/snax_cluster/.pixi/envs/default/bin/x86_64-conda-linux-gnu-c++  -fvisibility-inlines-hidden -fmessage-length=0 -march=nocona -mtune=haswell -ftree-vectorize -fPIC -fstack-protector-strong -fno-plt -O2 -ffunction-sections -pipe -isystem /pixi/.pixi/envs/default/include -DNDEBUG -D_FORTIFY_SOURCE=2 -O2 -isystem /pixi/.pixi/envs/default/include -I.  -MMD -I/esat/studscratch/r1015498/Thesis/original_snax/snax_cluster/.pixi/envs/default/share/verilator/include -I/esat/studscratch/r1015498/Thesis/original_snax/snax_cluster/.pixi/envs/default/share/verilator/include/vltstd -DVM_COVERAGE=0 -DVM_SC=0 -DVM_TIMING=0 -DVM_TRACE=1 -DVM_TRACE_FST=0 -DVM_TRACE_VCD=1 -faligned-new -fcf-protection=none -Wno-bool-operation -Wno-shadow -Wno-sign-compare -Wno-subobject-linkage -Wno-tautological-compare -Wno-uninitialized -Wno-unused-but-set-parameter -Wno-unused-but-set-variable -Wno-unused-parameter -Wno-unused-variable      -include Vtestharness__pch.h.slow -c -o Vtestharness___024root__DepSet_h3e9cff1f__0__Slow.o Vtestharness___024root__DepSet_h3e9cff1f__0__Slow.cpp
/esat/studscratch/r1015498/Thesis/original_snax/snax_cluster/.pixi/envs/default/bin/x86_64-conda-linux-gnu-c++  -fvisibility-inlines-hidden -fmessage-length=0 -march=nocona -mtune=haswell -ftree-vectorize -fPIC -fstack-protector-strong -fno-plt -O2 -ffunction-sections -pipe -isystem /pixi/.pixi/envs/default/include -DNDEBUG -D_FORTIFY_SOURCE=2 -O2 -isystem /pixi/.pixi/envs/default/include -I.  -MMD -I/esat/studscratch/r1015498/Thesis/original_snax/snax_cluster/.pixi/envs/default/share/verilator/include -I/esat/studscratch/r1015498/Thesis/original_snax/snax_cluster/.pixi/envs/default/share/verilator/include/vltstd -DVM_COVERAGE=0 -DVM_SC=0 -DVM_TIMING=0 -DVM_TRACE=1 -DVM_TRACE_FST=0 -DVM_TRACE_VCD=1 -faligned-new -fcf-protection=none -Wno-bool-operation -Wno-shadow -Wno-sign-compare -Wno-subobject-linkage -Wno-tautological-compare -Wno-uninitialized -Wno-unused-but-set-parameter -Wno-unused-but-set-variable -Wno-unused-parameter -Wno-unused-variable      -include Vtestharness__pch.h.slow -c -o Vtestharness___024unit__Slow.o Vtestharness___024unit__Slow.cpp
/esat/studscratch/r1015498/Thesis/original_snax/snax_cluster/.pixi/envs/default/bin/x86_64-conda-linux-gnu-c++  -fvisibility-inlines-hidden -fmessage-length=0 -march=nocona -mtune=haswell -ftree-vectorize -fPIC -fstack-protector-strong -fno-plt -O2 -ffunction-sections -pipe -isystem /pixi/.pixi/envs/default/include -DNDEBUG -D_FORTIFY_SOURCE=2 -O2 -isystem /pixi/.pixi/envs/default/include -I.  -MMD -I/esat/studscratch/r1015498/Thesis/original_snax/snax_cluster/.pixi/envs/default/share/verilator/include -I/esat/studscratch/r1015498/Thesis/original_snax/snax_cluster/.pixi/envs/default/share/verilator/include/vltstd -DVM_COVERAGE=0 -DVM_SC=0 -DVM_TIMING=0 -DVM_TRACE=1 -DVM_TRACE_FST=0 -DVM_TRACE_VCD=1 -faligned-new -fcf-protection=none -Wno-bool-operation -Wno-shadow -Wno-sign-compare -Wno-subobject-linkage -Wno-tautological-compare -Wno-uninitialized -Wno-unused-but-set-parameter -Wno-unused-but-set-variable -Wno-unused-parameter -Wno-unused-variable      -include Vtestharness__pch.h.slow -c -o Vtestharness___024unit__DepSet_h32825d4c__0__Slow.o Vtestharness___024unit__DepSet_h32825d4c__0__Slow.cpp
/esat/studscratch/r1015498/Thesis/original_snax/snax_cluster/.pixi/envs/default/bin/x86_64-conda-linux-gnu-c++  -fvisibility-inlines-hidden -fmessage-length=0 -march=nocona -mtune=haswell -ftree-vectorize -fPIC -fstack-protector-strong -fno-plt -O2 -ffunction-sections -pipe -isystem /pixi/.pixi/envs/default/include -DNDEBUG -D_FORTIFY_SOURCE=2 -O2 -isystem /pixi/.pixi/envs/default/include -I.  -MMD -I/esat/studscratch/r1015498/Thesis/original_snax/snax_cluster/.pixi/envs/default/share/verilator/include -I/esat/studscratch/r1015498/Thesis/original_snax/snax_cluster/.pixi/envs/default/share/verilator/include/vltstd -DVM_COVERAGE=0 -DVM_SC=0 -DVM_TIMING=0 -DVM_TRACE=1 -DVM_TRACE_FST=0 -DVM_TRACE_VCD=1 -faligned-new -fcf-protection=none -Wno-bool-operation -Wno-shadow -Wno-sign-compare -Wno-subobject-linkage -Wno-tautological-compare -Wno-uninitialized -Wno-unused-but-set-parameter -Wno-unused-but-set-variable -Wno-unused-parameter -Wno-unused-variable      -include Vtestharness__pch.h.slow -c -o Vtestharness_snax_dual_versacore_int16x4_4lane_postproc_v2_cluster_pkg__Slow.o Vtestharness_snax_dual_versacore_int16x4_4lane_postproc_v2_cluster_pkg__Slow.cpp
/esat/studscratch/r1015498/Thesis/original_snax/snax_cluster/.pixi/envs/default/bin/x86_64-conda-linux-gnu-c++  -fvisibility-inlines-hidden -fmessage-length=0 -march=nocona -mtune=haswell -ftree-vectorize -fPIC -fstack-protector-strong -fno-plt -O2 -ffunction-sections -pipe -isystem /pixi/.pixi/envs/default/include -DNDEBUG -D_FORTIFY_SOURCE=2 -O2 -isystem /pixi/.pixi/envs/default/include -I.  -MMD -I/esat/studscratch/r1015498/Thesis/original_snax/snax_cluster/.pixi/envs/default/share/verilator/include -I/esat/studscratch/r1015498/Thesis/original_snax/snax_cluster/.pixi/envs/default/share/verilator/include/vltstd -DVM_COVERAGE=0 -DVM_SC=0 -DVM_TIMING=0 -DVM_TRACE=1 -DVM_TRACE_FST=0 -DVM_TRACE_VCD=1 -faligned-new -fcf-protection=none -Wno-bool-operation -Wno-shadow -Wno-sign-compare -Wno-subobject-linkage -Wno-tautological-compare -Wno-uninitialized -Wno-unused-but-set-parameter -Wno-unused-but-set-variable -Wno-unused-parameter -Wno-unused-variable      -include Vtestharness__pch.h.slow -c -o Vtestharness_snax_dual_versacore_int16x4_4lane_postproc_v2_cluster_pkg__DepSet_h06c3ba8c__0__Slow.o Vtestharness_snax_dual_versacore_int16x4_4lane_postproc_v2_cluster_pkg__DepSet_h06c3ba8c__0__Slow.cpp
/esat/studscratch/r1015498/Thesis/original_snax/snax_cluster/.pixi/envs/default/bin/x86_64-conda-linux-gnu-c++  -fvisibility-inlines-hidden -fmessage-length=0 -march=nocona -mtune=haswell -ftree-vectorize -fPIC -fstack-protector-strong -fno-plt -O2 -ffunction-sections -pipe -isystem /pixi/.pixi/envs/default/include -DNDEBUG -D_FORTIFY_SOURCE=2 -O2 -isystem /pixi/.pixi/envs/default/include -I.  -MMD -I/esat/studscratch/r1015498/Thesis/original_snax/snax_cluster/.pixi/envs/default/share/verilator/include -I/esat/studscratch/r1015498/Thesis/original_snax/snax_cluster/.pixi/envs/default/share/verilator/include/vltstd -DVM_COVERAGE=0 -DVM_SC=0 -DVM_TIMING=0 -DVM_TRACE=1 -DVM_TRACE_FST=0 -DVM_TRACE_VCD=1 -faligned-new -fcf-protection=none -Wno-bool-operation -Wno-shadow -Wno-sign-compare -Wno-subobject-linkage -Wno-tautological-compare -Wno-uninitialized -Wno-unused-but-set-parameter -Wno-unused-but-set-variable -Wno-unused-parameter -Wno-unused-variable      -include Vtestharness__pch.h.slow -c -o Vtestharness_idma_reg64_frontend_reg_pkg__Slow.o Vtestharness_idma_reg64_frontend_reg_pkg__Slow.cpp
/esat/studscratch/r1015498/Thesis/original_snax/snax_cluster/.pixi/envs/default/bin/x86_64-conda-linux-gnu-c++  -fvisibility-inlines-hidden -fmessage-length=0 -march=nocona -mtune=haswell -ftree-vectorize -fPIC -fstack-protector-strong -fno-plt -O2 -ffunction-sections -pipe -isystem /pixi/.pixi/envs/default/include -DNDEBUG -D_FORTIFY_SOURCE=2 -O2 -isystem /pixi/.pixi/envs/default/include -I.  -MMD -I/esat/studscratch/r1015498/Thesis/original_snax/snax_cluster/.pixi/envs/default/share/verilator/include -I/esat/studscratch/r1015498/Thesis/original_snax/snax_cluster/.pixi/envs/default/share/verilator/include/vltstd -DVM_COVERAGE=0 -DVM_SC=0 -DVM_TIMING=0 -DVM_TRACE=1 -DVM_TRACE_FST=0 -DVM_TRACE_VCD=1 -faligned-new -fcf-protection=none -Wno-bool-operation -Wno-shadow -Wno-sign-compare -Wno-subobject-linkage -Wno-tautological-compare -Wno-uninitialized -Wno-unused-but-set-parameter -Wno-unused-but-set-variable -Wno-unused-parameter -Wno-unused-variable      -include Vtestharness__pch.h.slow -c -o Vtestharness_idma_reg64_frontend_reg_pkg__DepSet_hd00c985c__0__Slow.o Vtestharness_idma_reg64_frontend_reg_pkg__DepSet_hd00c985c__0__Slow.cpp
/esat/studscratch/r1015498/Thesis/original_snax/snax_cluster/.pixi/envs/default/bin/x86_64-conda-linux-gnu-c++  -fvisibility-inlines-hidden -fmessage-length=0 -march=nocona -mtune=haswell -ftree-vectorize -fPIC -fstack-protector-strong -fno-plt -O2 -ffunction-sections -pipe -isystem /pixi/.pixi/envs/default/include -DNDEBUG -D_FORTIFY_SOURCE=2 -O2 -isystem /pixi/.pixi/envs/default/include -I.  -MMD -I/esat/studscratch/r1015498/Thesis/original_snax/snax_cluster/.pixi/envs/default/share/verilator/include -I/esat/studscratch/r1015498/Thesis/original_snax/snax_cluster/.pixi/envs/default/share/verilator/include/vltstd -DVM_COVERAGE=0 -DVM_SC=0 -DVM_TIMING=0 -DVM_TRACE=1 -DVM_TRACE_FST=0 -DVM_TRACE_VCD=1 -faligned-new -fcf-protection=none -Wno-bool-operation -Wno-shadow -Wno-sign-compare -Wno-subobject-linkage -Wno-tautological-compare -Wno-uninitialized -Wno-unused-but-set-parameter -Wno-unused-but-set-variable -Wno-unused-parameter -Wno-unused-variable      -include Vtestharness__pch.h.slow -c -o Vtestharness_snitch_amo_shim__Ae_D40_C1__Slow.o Vtestharness_snitch_amo_shim__Ae_D40_C1__Slow.cpp
/esat/studscratch/r1015498/Thesis/original_snax/snax_cluster/.pixi/envs/default/bin/x86_64-conda-linux-gnu-c++  -fvisibility-inlines-hidden -fmessage-length=0 -march=nocona -mtune=haswell -ftree-vectorize -fPIC -fstack-protector-strong -fno-plt -O2 -ffunction-sections -pipe -isystem /pixi/.pixi/envs/default/include -DNDEBUG -D_FORTIFY_SOURCE=2 -O2 -isystem /pixi/.pixi/envs/default/include -I.  -MMD -I/esat/studscratch/r1015498/Thesis/original_snax/snax_cluster/.pixi/envs/default/share/verilator/include -I/esat/studscratch/r1015498/Thesis/original_snax/snax_cluster/.pixi/envs/default/share/verilator/include/vltstd -DVM_COVERAGE=0 -DVM_SC=0 -DVM_TIMING=0 -DVM_TRACE=1 -DVM_TRACE_FST=0 -DVM_TRACE_VCD=1 -faligned-new -fcf-protection=none -Wno-bool-operation -Wno-shadow -Wno-sign-compare -Wno-subobject-linkage -Wno-tautological-compare -Wno-uninitialized -Wno-unused-but-set-parameter -Wno-unused-but-set-variable -Wno-unused-parameter -Wno-unused-variable      -include Vtestharness__pch.h.slow -c -o Vtestharness_snitch_amo_shim__Ae_D40_C1__DepSet_ha7a765ad__0__Slow.o Vtestharness_snitch_amo_shim__Ae_D40_C1__DepSet_ha7a765ad__0__Slow.cpp
/esat/studscratch/r1015498/Thesis/original_snax/snax_cluster/.pixi/envs/default/bin/x86_64-conda-linux-gnu-c++  -fvisibility-inlines-hidden -fmessage-length=0 -march=nocona -mtune=haswell -ftree-vectorize -fPIC -fstack-protector-strong -fno-plt -O2 -ffunction-sections -pipe -isystem /pixi/.pixi/envs/default/include -DNDEBUG -D_FORTIFY_SOURCE=2 -O2 -isystem /pixi/.pixi/envs/default/include -I.  -MMD -I/esat/studscratch/r1015498/Thesis/original_snax/snax_cluster/.pixi/envs/default/share/verilator/include -I/esat/studscratch/r1015498/Thesis/original_snax/snax_cluster/.pixi/envs/default/share/verilator/include/vltstd -DVM_COVERAGE=0 -DVM_SC=0 -DVM_TIMING=0 -DVM_TRACE=1 -DVM_TRACE_FST=0 -DVM_TRACE_VCD=1 -faligned-new -fcf-protection=none -Wno-bool-operation -Wno-shadow -Wno-sign-compare -Wno-subobject-linkage -Wno-tautological-compare -Wno-uninitialized -Wno-unused-but-set-parameter -Wno-unused-but-set-variable -Wno-unused-parameter -Wno-unused-variable      -include Vtestharness__pch.h.slow -c -o Vtestharness_snitch_amo_shim__Ae_D40_C1__DepSet_h555e9660__0__Slow.o Vtestharness_snitch_amo_shim__Ae_D40_C1__DepSet_h555e9660__0__Slow.cpp
/esat/studscratch/r1015498/Thesis/original_snax/snax_cluster/.pixi/envs/default/bin/x86_64-conda-linux-gnu-c++  -fvisibility-inlines-hidden -fmessage-length=0 -march=nocona -mtune=haswell -ftree-vectorize -fPIC -fstack-protector-strong -fno-plt -O2 -ffunction-sections -pipe -isystem /pixi/.pixi/envs/default/include -DNDEBUG -D_FORTIFY_SOURCE=2 -O2 -isystem /pixi/.pixi/envs/default/include -I.  -MMD -I/esat/studscratch/r1015498/Thesis/original_snax/snax_cluster/.pixi/envs/default/share/verilator/include -I/esat/studscratch/r1015498/Thesis/original_snax/snax_cluster/.pixi/envs/default/share/verilator/include/vltstd -DVM_COVERAGE=0 -DVM_SC=0 -DVM_TIMING=0 -DVM_TRACE=1 -DVM_TRACE_FST=0 -DVM_TRACE_VCD=1 -faligned-new -fcf-protection=none -Wno-bool-operation -Wno-shadow -Wno-sign-compare -Wno-subobject-linkage -Wno-tautological-compare -Wno-uninitialized -Wno-unused-but-set-parameter -Wno-unused-but-set-variable -Wno-unused-parameter -Wno-unused-variable      -include Vtestharness__pch.h.slow -c -o Vtestharness_VersaCore__Slow.o Vtestharness_VersaCore__Slow.cpp
/esat/studscratch/r1015498/Thesis/original_snax/snax_cluster/.pixi/envs/default/bin/x86_64-conda-linux-gnu-c++  -fvisibility-inlines-hidden -fmessage-length=0 -march=nocona -mtune=haswell -ftree-vectorize -fPIC -fstack-protector-strong -fno-plt -O2 -ffunction-sections -pipe -isystem /pixi/.pixi/envs/default/include -DNDEBUG -D_FORTIFY_SOURCE=2 -O2 -isystem /pixi/.pixi/envs/default/include -I.  -MMD -I/esat/studscratch/r1015498/Thesis/original_snax/snax_cluster/.pixi/envs/default/share/verilator/include -I/esat/studscratch/r1015498/Thesis/original_snax/snax_cluster/.pixi/envs/default/share/verilator/include/vltstd -DVM_COVERAGE=0 -DVM_SC=0 -DVM_TIMING=0 -DVM_TRACE=1 -DVM_TRACE_FST=0 -DVM_TRACE_VCD=1 -faligned-new -fcf-protection=none -Wno-bool-operation -Wno-shadow -Wno-sign-compare -Wno-subobject-linkage -Wno-tautological-compare -Wno-uninitialized -Wno-unused-but-set-parameter -Wno-unused-but-set-variable -Wno-unused-parameter -Wno-unused-variable      -include Vtestharness__pch.h.slow -c -o Vtestharness_VersaCore__DepSet_h0e34f730__0__Slow.o Vtestharness_VersaCore__DepSet_h0e34f730__0__Slow.cpp
/esat/studscratch/r1015498/Thesis/original_snax/snax_cluster/.pixi/envs/default/bin/x86_64-conda-linux-gnu-c++  -fvisibility-inlines-hidden -fmessage-length=0 -march=nocona -mtune=haswell -ftree-vectorize -fPIC -fstack-protector-strong -fno-plt -O2 -ffunction-sections -pipe -isystem /pixi/.pixi/envs/default/include -DNDEBUG -D_FORTIFY_SOURCE=2 -O2 -isystem /pixi/.pixi/envs/default/include -I.  -MMD -I/esat/studscratch/r1015498/Thesis/original_snax/snax_cluster/.pixi/envs/default/share/verilator/include -I/esat/studscratch/r1015498/Thesis/original_snax/snax_cluster/.pixi/envs/default/share/verilator/include/vltstd -DVM_COVERAGE=0 -DVM_SC=0 -DVM_TIMING=0 -DVM_TRACE=1 -DVM_TRACE_FST=0 -DVM_TRACE_VCD=1 -faligned-new -fcf-protection=none -Wno-bool-operation -Wno-shadow -Wno-sign-compare -Wno-subobject-linkage -Wno-tautological-compare -Wno-uninitialized -Wno-unused-but-set-parameter -Wno-unused-but-set-variable -Wno-unused-parameter -Wno-unused-variable      -include Vtestharness__pch.h.slow -c -o Vtestharness_VersaCore__DepSet_h218f0bea__0__Slow.o Vtestharness_VersaCore__DepSet_h218f0bea__0__Slow.cpp
/esat/studscratch/r1015498/Thesis/original_snax/snax_cluster/.pixi/envs/default/bin/x86_64-conda-linux-gnu-c++  -fvisibility-inlines-hidden -fmessage-length=0 -march=nocona -mtune=haswell -ftree-vectorize -fPIC -fstack-protector-strong -fno-plt -O2 -ffunction-sections -pipe -isystem /pixi/.pixi/envs/default/include -DNDEBUG -D_FORTIFY_SOURCE=2 -O2 -isystem /pixi/.pixi/envs/default/include -I.  -MMD -I/esat/studscratch/r1015498/Thesis/original_snax/snax_cluster/.pixi/envs/default/share/verilator/include -I/esat/studscratch/r1015498/Thesis/original_snax/snax_cluster/.pixi/envs/default/share/verilator/include/vltstd -DVM_COVERAGE=0 -DVM_SC=0 -DVM_TIMING=0 -DVM_TRACE=1 -DVM_TRACE_FST=0 -DVM_TRACE_VCD=1 -faligned-new -fcf-protection=none -Wno-bool-operation -Wno-shadow -Wno-sign-compare -Wno-subobject-linkage -Wno-tautological-compare -Wno-uninitialized -Wno-unused-but-set-parameter -Wno-unused-but-set-variable -Wno-unused-parameter -Wno-unused-variable      -include Vtestharness__pch.h.slow -c -o Vtestharness_REG_BUS__A30_D40__Slow.o Vtestharness_REG_BUS__A30_D40__Slow.cpp
/esat/studscratch/r1015498/Thesis/original_snax/snax_cluster/.pixi/envs/default/bin/x86_64-conda-linux-gnu-c++  -fvisibility-inlines-hidden -fmessage-length=0 -march=nocona -mtune=haswell -ftree-vectorize -fPIC -fstack-protector-strong -fno-plt -O2 -ffunction-sections -pipe -isystem /pixi/.pixi/envs/default/include -DNDEBUG -D_FORTIFY_SOURCE=2 -O2 -isystem /pixi/.pixi/envs/default/include -I.  -MMD -I/esat/studscratch/r1015498/Thesis/original_snax/snax_cluster/.pixi/envs/default/share/verilator/include -I/esat/studscratch/r1015498/Thesis/original_snax/snax_cluster/.pixi/envs/default/share/verilator/include/vltstd -DVM_COVERAGE=0 -DVM_SC=0 -DVM_TIMING=0 -DVM_TRACE=1 -DVM_TRACE_FST=0 -DVM_TRACE_VCD=1 -faligned-new -fcf-protection=none -Wno-bool-operation -Wno-shadow -Wno-sign-compare -Wno-subobject-linkage -Wno-tautological-compare -Wno-uninitialized -Wno-unused-but-set-parameter -Wno-unused-but-set-variable -Wno-unused-parameter -Wno-unused-variable      -include Vtestharness__pch.h.slow -c -o Vtestharness_REG_BUS__A30_D40__DepSet_h9b8387fd__0__Slow.o Vtestharness_REG_BUS__A30_D40__DepSet_h9b8387fd__0__Slow.cpp
/esat/studscratch/r1015498/Thesis/original_snax/snax_cluster/.pixi/envs/default/bin/x86_64-conda-linux-gnu-c++  -fvisibility-inlines-hidden -fmessage-length=0 -march=nocona -mtune=haswell -ftree-vectorize -fPIC -fstack-protector-strong -fno-plt -O2 -ffunction-sections -pipe -isystem /pixi/.pixi/envs/default/include -DNDEBUG -D_FORTIFY_SOURCE=2 -O2 -isystem /pixi/.pixi/envs/default/include -I.  -MMD -I/esat/studscratch/r1015498/Thesis/original_snax/snax_cluster/.pixi/envs/default/share/verilator/include -I/esat/studscratch/r1015498/Thesis/original_snax/snax_cluster/.pixi/envs/default/share/verilator/include/vltstd -DVM_COVERAGE=0 -DVM_SC=0 -DVM_TIMING=0 -DVM_TRACE=1 -DVM_TRACE_FST=0 -DVM_TRACE_VCD=1 -faligned-new -fcf-protection=none -Wno-bool-operation -Wno-shadow -Wno-sign-compare -Wno-subobject-linkage -Wno-tautological-compare -Wno-uninitialized -Wno-unused-but-set-parameter -Wno-unused-but-set-variable -Wno-unused-parameter -Wno-unused-variable      -include Vtestharness__pch.h.slow -c -o Vtestharness_REG_BUS__A30_D200__Slow.o Vtestharness_REG_BUS__A30_D200__Slow.cpp
/esat/studscratch/r1015498/Thesis/original_snax/snax_cluster/.pixi/envs/default/bin/x86_64-conda-linux-gnu-c++  -fvisibility-inlines-hidden -fmessage-length=0 -march=nocona -mtune=haswell -ftree-vectorize -fPIC -fstack-protector-strong -fno-plt -O2 -ffunction-sections -pipe -isystem /pixi/.pixi/envs/default/include -DNDEBUG -D_FORTIFY_SOURCE=2 -O2 -isystem /pixi/.pixi/envs/default/include -I.  -MMD -I/esat/studscratch/r1015498/Thesis/original_snax/snax_cluster/.pixi/envs/default/share/verilator/include -I/esat/studscratch/r1015498/Thesis/original_snax/snax_cluster/.pixi/envs/default/share/verilator/include/vltstd -DVM_COVERAGE=0 -DVM_SC=0 -DVM_TIMING=0 -DVM_TRACE=1 -DVM_TRACE_FST=0 -DVM_TRACE_VCD=1 -faligned-new -fcf-protection=none -Wno-bool-operation -Wno-shadow -Wno-sign-compare -Wno-subobject-linkage -Wno-tautological-compare -Wno-uninitialized -Wno-unused-but-set-parameter -Wno-unused-but-set-variable -Wno-unused-parameter -Wno-unused-variable      -include Vtestharness__pch.h.slow -c -o Vtestharness_REG_BUS__A30_D200__DepSet_h9af89066__0__Slow.o Vtestharness_REG_BUS__A30_D200__DepSet_h9af89066__0__Slow.cpp
/esat/studscratch/r1015498/Thesis/original_snax/snax_cluster/.pixi/envs/default/bin/x86_64-conda-linux-gnu-c++  -fvisibility-inlines-hidden -fmessage-length=0 -march=nocona -mtune=haswell -ftree-vectorize -fPIC -fstack-protector-strong -fno-plt -O2 -ffunction-sections -pipe -isystem /pixi/.pixi/envs/default/include -DNDEBUG -D_FORTIFY_SOURCE=2 -O2 -isystem /pixi/.pixi/envs/default/include -I.  -MMD -I/esat/studscratch/r1015498/Thesis/original_snax/snax_cluster/.pixi/envs/default/share/verilator/include -I/esat/studscratch/r1015498/Thesis/original_snax/snax_cluster/.pixi/envs/default/share/verilator/include/vltstd -DVM_COVERAGE=0 -DVM_SC=0 -DVM_TIMING=0 -DVM_TRACE=1 -DVM_TRACE_FST=0 -DVM_TRACE_VCD=1 -faligned-new -fcf-protection=none -Wno-bool-operation -Wno-shadow -Wno-sign-compare -Wno-subobject-linkage -Wno-tautological-compare -Wno-uninitialized -Wno-unused-but-set-parameter -Wno-unused-but-set-variable -Wno-unused-parameter -Wno-unused-variable      -include Vtestharness__pch.h.slow -c -o Vtestharness_axi_mux__pi52__Slow.o Vtestharness_axi_mux__pi52__Slow.cpp
/esat/studscratch/r1015498/Thesis/original_snax/snax_cluster/.pixi/envs/default/bin/x86_64-conda-linux-gnu-c++  -fvisibility-inlines-hidden -fmessage-length=0 -march=nocona -mtune=haswell -ftree-vectorize -fPIC -fstack-protector-strong -fno-plt -O2 -ffunction-sections -pipe -isystem /pixi/.pixi/envs/default/include -DNDEBUG -D_FORTIFY_SOURCE=2 -O2 -isystem /pixi/.pixi/envs/default/include -I.  -MMD -I/esat/studscratch/r1015498/Thesis/original_snax/snax_cluster/.pixi/envs/default/share/verilator/include -I/esat/studscratch/r1015498/Thesis/original_snax/snax_cluster/.pixi/envs/default/share/verilator/include/vltstd -DVM_COVERAGE=0 -DVM_SC=0 -DVM_TIMING=0 -DVM_TRACE=1 -DVM_TRACE_FST=0 -DVM_TRACE_VCD=1 -faligned-new -fcf-protection=none -Wno-bool-operation -Wno-shadow -Wno-sign-compare -Wno-subobject-linkage -Wno-tautological-compare -Wno-uninitialized -Wno-unused-but-set-parameter -Wno-unused-but-set-variable -Wno-unused-parameter -Wno-unused-variable      -include Vtestharness__pch.h.slow -c -o Vtestharness_axi_mux__pi52__DepSet_h39c09a6b__0__Slow.o Vtestharness_axi_mux__pi52__DepSet_h39c09a6b__0__Slow.cpp
/esat/studscratch/r1015498/Thesis/original_snax/snax_cluster/.pixi/envs/default/bin/x86_64-conda-linux-gnu-c++  -fvisibility-inlines-hidden -fmessage-length=0 -march=nocona -mtune=haswell -ftree-vectorize -fPIC -fstack-protector-strong -fno-plt -O2 -ffunction-sections -pipe -isystem /pixi/.pixi/envs/default/include -DNDEBUG -D_FORTIFY_SOURCE=2 -O2 -isystem /pixi/.pixi/envs/default/include -I.  -MMD -I/esat/studscratch/r1015498/Thesis/original_snax/snax_cluster/.pixi/envs/default/share/verilator/include -I/esat/studscratch/r1015498/Thesis/original_snax/snax_cluster/.pixi/envs/default/share/verilator/include/vltstd -DVM_COVERAGE=0 -DVM_SC=0 -DVM_TIMING=0 -DVM_TRACE=1 -DVM_TRACE_FST=0 -DVM_TRACE_VCD=1 -faligned-new -fcf-protection=none -Wno-bool-operation -Wno-shadow -Wno-sign-compare -Wno-subobject-linkage -Wno-tautological-compare -Wno-uninitialized -Wno-unused-but-set-parameter -Wno-unused-but-set-variable -Wno-unused-parameter -Wno-unused-variable      -include Vtestharness__pch.h.slow -c -o Vtestharness_axi_mux__pi52__DepSet_hc3376922__0__Slow.o Vtestharness_axi_mux__pi52__DepSet_hc3376922__0__Slow.cpp
/esat/studscratch/r1015498/Thesis/original_snax/snax_cluster/.pixi/envs/default/bin/x86_64-conda-linux-gnu-c++  -fvisibility-inlines-hidden -fmessage-length=0 -march=nocona -mtune=haswell -ftree-vectorize -fPIC -fstack-protector-strong -fno-plt -O2 -ffunction-sections -pipe -isystem /pixi/.pixi/envs/default/include -DNDEBUG -D_FORTIFY_SOURCE=2 -O2 -isystem /pixi/.pixi/envs/default/include -I.  -MMD -I/esat/studscratch/r1015498/Thesis/original_snax/snax_cluster/.pixi/envs/default/share/verilator/include -I/esat/studscratch/r1015498/Thesis/original_snax/snax_cluster/.pixi/envs/default/share/verilator/include/vltstd -DVM_COVERAGE=0 -DVM_SC=0 -DVM_TIMING=0 -DVM_TRACE=1 -DVM_TRACE_FST=0 -DVM_TRACE_VCD=1 -faligned-new -fcf-protection=none -Wno-bool-operation -Wno-shadow -Wno-sign-compare -Wno-subobject-linkage -Wno-tautological-compare -Wno-uninitialized -Wno-unused-but-set-parameter -Wno-unused-but-set-variable -Wno-unused-parameter -Wno-unused-variable      -include Vtestharness__pch.h.slow -c -o Vtestharness_axi_to_mem__pi54__Slow.o Vtestharness_axi_to_mem__pi54__Slow.cpp
/esat/studscratch/r1015498/Thesis/original_snax/snax_cluster/.pixi/envs/default/bin/x86_64-conda-linux-gnu-c++  -fvisibility-inlines-hidden -fmessage-length=0 -march=nocona -mtune=haswell -ftree-vectorize -fPIC -fstack-protector-strong -fno-plt -O2 -ffunction-sections -pipe -isystem /pixi/.pixi/envs/default/include -DNDEBUG -D_FORTIFY_SOURCE=2 -O2 -isystem /pixi/.pixi/envs/default/include -I.  -MMD -I/esat/studscratch/r1015498/Thesis/original_snax/snax_cluster/.pixi/envs/default/share/verilator/include -I/esat/studscratch/r1015498/Thesis/original_snax/snax_cluster/.pixi/envs/default/share/verilator/include/vltstd -DVM_COVERAGE=0 -DVM_SC=0 -DVM_TIMING=0 -DVM_TRACE=1 -DVM_TRACE_FST=0 -DVM_TRACE_VCD=1 -faligned-new -fcf-protection=none -Wno-bool-operation -Wno-shadow -Wno-sign-compare -Wno-subobject-linkage -Wno-tautological-compare -Wno-uninitialized -Wno-unused-but-set-parameter -Wno-unused-but-set-variable -Wno-unused-parameter -Wno-unused-variable      -include Vtestharness__pch.h.slow -c -o Vtestharness_axi_to_mem__pi54__DepSet_h2fc044c8__0__Slow.o Vtestharness_axi_to_mem__pi54__DepSet_h2fc044c8__0__Slow.cpp
/esat/studscratch/r1015498/Thesis/original_snax/snax_cluster/.pixi/envs/default/bin/x86_64-conda-linux-gnu-c++  -fvisibility-inlines-hidden -fmessage-length=0 -march=nocona -mtune=haswell -ftree-vectorize -fPIC -fstack-protector-strong -fno-plt -O2 -ffunction-sections -pipe -isystem /pixi/.pixi/envs/default/include -DNDEBUG -D_FORTIFY_SOURCE=2 -O2 -isystem /pixi/.pixi/envs/default/include -I.  -MMD -I/esat/studscratch/r1015498/Thesis/original_snax/snax_cluster/.pixi/envs/default/share/verilator/include -I/esat/studscratch/r1015498/Thesis/original_snax/snax_cluster/.pixi/envs/default/share/verilator/include/vltstd -DVM_COVERAGE=0 -DVM_SC=0 -DVM_TIMING=0 -DVM_TRACE=1 -DVM_TRACE_FST=0 -DVM_TRACE_VCD=1 -faligned-new -fcf-protection=none -Wno-bool-operation -Wno-shadow -Wno-sign-compare -Wno-subobject-linkage -Wno-tautological-compare -Wno-uninitialized -Wno-unused-but-set-parameter -Wno-unused-but-set-variable -Wno-unused-parameter -Wno-unused-variable      -include Vtestharness__pch.h.slow -c -o Vtestharness_axi_to_mem__pi54__DepSet_hcd37b783__0__Slow.o Vtestharness_axi_to_mem__pi54__DepSet_hcd37b783__0__Slow.cpp
/esat/studscratch/r1015498/Thesis/original_snax/snax_cluster/.pixi/envs/default/bin/x86_64-conda-linux-gnu-c++  -fvisibility-inlines-hidden -fmessage-length=0 -march=nocona -mtune=haswell -ftree-vectorize -fPIC -fstack-protector-strong -fno-plt -O2 -ffunction-sections -pipe -isystem /pixi/.pixi/envs/default/include -DNDEBUG -D_FORTIFY_SOURCE=2 -O2 -isystem /pixi/.pixi/envs/default/include -I.  -MMD -I/esat/studscratch/r1015498/Thesis/original_snax/snax_cluster/.pixi/envs/default/share/verilator/include -I/esat/studscratch/r1015498/Thesis/original_snax/snax_cluster/.pixi/envs/default/share/verilator/include/vltstd -DVM_COVERAGE=0 -DVM_SC=0 -DVM_TIMING=0 -DVM_TRACE=1 -DVM_TRACE_FST=0 -DVM_TRACE_VCD=1 -faligned-new -fcf-protection=none -Wno-bool-operation -Wno-shadow -Wno-sign-compare -Wno-subobject-linkage -Wno-tautological-compare -Wno-uninitialized -Wno-unused-but-set-parameter -Wno-unused-but-set-variable -Wno-unused-parameter -Wno-unused-variable      -include Vtestharness__pch.h.slow -c -o Vtestharness_axi_mux__pi71__Slow.o Vtestharness_axi_mux__pi71__Slow.cpp
/esat/studscratch/r1015498/Thesis/original_snax/snax_cluster/.pixi/envs/default/bin/x86_64-conda-linux-gnu-c++  -fvisibility-inlines-hidden -fmessage-length=0 -march=nocona -mtune=haswell -ftree-vectorize -fPIC -fstack-protector-strong -fno-plt -O2 -ffunction-sections -pipe -isystem /pixi/.pixi/envs/default/include -DNDEBUG -D_FORTIFY_SOURCE=2 -O2 -isystem /pixi/.pixi/envs/default/include -I.  -MMD -I/esat/studscratch/r1015498/Thesis/original_snax/snax_cluster/.pixi/envs/default/share/verilator/include -I/esat/studscratch/r1015498/Thesis/original_snax/snax_cluster/.pixi/envs/default/share/verilator/include/vltstd -DVM_COVERAGE=0 -DVM_SC=0 -DVM_TIMING=0 -DVM_TRACE=1 -DVM_TRACE_FST=0 -DVM_TRACE_VCD=1 -faligned-new -fcf-protection=none -Wno-bool-operation -Wno-shadow -Wno-sign-compare -Wno-subobject-linkage -Wno-tautological-compare -Wno-uninitialized -Wno-unused-but-set-parameter -Wno-unused-but-set-variable -Wno-unused-parameter -Wno-unused-variable      -include Vtestharness__pch.h.slow -c -o Vtestharness_axi_mux__pi71__DepSet_h07ad2274__0__Slow.o Vtestharness_axi_mux__pi71__DepSet_h07ad2274__0__Slow.cpp
/esat/studscratch/r1015498/Thesis/original_snax/snax_cluster/.pixi/envs/default/bin/x86_64-conda-linux-gnu-c++  -fvisibility-inlines-hidden -fmessage-length=0 -march=nocona -mtune=haswell -ftree-vectorize -fPIC -fstack-protector-strong -fno-plt -O2 -ffunction-sections -pipe -isystem /pixi/.pixi/envs/default/include -DNDEBUG -D_FORTIFY_SOURCE=2 -O2 -isystem /pixi/.pixi/envs/default/include -I.  -MMD -I/esat/studscratch/r1015498/Thesis/original_snax/snax_cluster/.pixi/envs/default/share/verilator/include -I/esat/studscratch/r1015498/Thesis/original_snax/snax_cluster/.pixi/envs/default/share/verilator/include/vltstd -DVM_COVERAGE=0 -DVM_SC=0 -DVM_TIMING=0 -DVM_TRACE=1 -DVM_TRACE_FST=0 -DVM_TRACE_VCD=1 -faligned-new -fcf-protection=none -Wno-bool-operation -Wno-shadow -Wno-sign-compare -Wno-subobject-linkage -Wno-tautological-compare -Wno-uninitialized -Wno-unused-but-set-parameter -Wno-unused-but-set-variable -Wno-unused-parameter -Wno-unused-variable      -include Vtestharness__pch.h.slow -c -o Vtestharness_axi_mux__pi71__DepSet_hb564d137__0__Slow.o Vtestharness_axi_mux__pi71__DepSet_hb564d137__0__Slow.cpp
/esat/studscratch/r1015498/Thesis/original_snax/snax_cluster/.pixi/envs/default/bin/x86_64-conda-linux-gnu-c++  -fvisibility-inlines-hidden -fmessage-length=0 -march=nocona -mtune=haswell -ftree-vectorize -fPIC -fstack-protector-strong -fno-plt -O2 -ffunction-sections -pipe -isystem /pixi/.pixi/envs/default/include -DNDEBUG -D_FORTIFY_SOURCE=2 -O2 -isystem /pixi/.pixi/envs/default/include -I.  -MMD -I/esat/studscratch/r1015498/Thesis/original_snax/snax_cluster/.pixi/envs/default/share/verilator/include -I/esat/studscratch/r1015498/Thesis/original_snax/snax_cluster/.pixi/envs/default/share/verilator/include/vltstd -DVM_COVERAGE=0 -DVM_SC=0 -DVM_TIMING=0 -DVM_TRACE=1 -DVM_TRACE_FST=0 -DVM_TRACE_VCD=1 -faligned-new -fcf-protection=none -Wno-bool-operation -Wno-shadow -Wno-sign-compare -Wno-subobject-linkage -Wno-tautological-compare -Wno-uninitialized -Wno-unused-but-set-parameter -Wno-unused-but-set-variable -Wno-unused-parameter -Wno-unused-variable      -include Vtestharness__pch.h.slow -c -o Vtestharness_ArbitrationTree__Slow.o Vtestharness_ArbitrationTree__Slow.cpp
/esat/studscratch/r1015498/Thesis/original_snax/snax_cluster/.pixi/envs/default/bin/x86_64-conda-linux-gnu-c++  -fvisibility-inlines-hidden -fmessage-length=0 -march=nocona -mtune=haswell -ftree-vectorize -fPIC -fstack-protector-strong -fno-plt -O2 -ffunction-sections -pipe -isystem /pixi/.pixi/envs/default/include -DNDEBUG -D_FORTIFY_SOURCE=2 -O2 -isystem /pixi/.pixi/envs/default/include -I.  -MMD -I/esat/studscratch/r1015498/Thesis/original_snax/snax_cluster/.pixi/envs/default/share/verilator/include -I/esat/studscratch/r1015498/Thesis/original_snax/snax_cluster/.pixi/envs/default/share/verilator/include/vltstd -DVM_COVERAGE=0 -DVM_SC=0 -DVM_TIMING=0 -DVM_TRACE=1 -DVM_TRACE_FST=0 -DVM_TRACE_VCD=1 -faligned-new -fcf-protection=none -Wno-bool-operation -Wno-shadow -Wno-sign-compare -Wno-subobject-linkage -Wno-tautological-compare -Wno-uninitialized -Wno-unused-but-set-parameter -Wno-unused-but-set-variable -Wno-unused-parameter -Wno-unused-variable      -include Vtestharness__pch.h.slow -c -o Vtestharness_ArbitrationTree__DepSet_h8a9e4758__0__Slow.o Vtestharness_ArbitrationTree__DepSet_h8a9e4758__0__Slow.cpp
/esat/studscratch/r1015498/Thesis/original_snax/snax_cluster/.pixi/envs/default/bin/x86_64-conda-linux-gnu-c++  -fvisibility-inlines-hidden -fmessage-length=0 -march=nocona -mtune=haswell -ftree-vectorize -fPIC -fstack-protector-strong -fno-plt -O2 -ffunction-sections -pipe -isystem /pixi/.pixi/envs/default/include -DNDEBUG -D_FORTIFY_SOURCE=2 -O2 -isystem /pixi/.pixi/envs/default/include -I.  -MMD -I/esat/studscratch/r1015498/Thesis/original_snax/snax_cluster/.pixi/envs/default/share/verilator/include -I/esat/studscratch/r1015498/Thesis/original_snax/snax_cluster/.pixi/envs/default/share/verilator/include/vltstd -DVM_COVERAGE=0 -DVM_SC=0 -DVM_TIMING=0 -DVM_TRACE=1 -DVM_TRACE_FST=0 -DVM_TRACE_VCD=1 -faligned-new -fcf-protection=none -Wno-bool-operation -Wno-shadow -Wno-sign-compare -Wno-subobject-linkage -Wno-tautological-compare -Wno-uninitialized -Wno-unused-but-set-parameter -Wno-unused-but-set-variable -Wno-unused-parameter -Wno-unused-variable      -include Vtestharness__pch.h.slow -c -o Vtestharness_snax_dual_versacore_int16x4_4lane_postproc_v2_cluster_Reader_AddressGenUnit__Slow.o Vtestharness_snax_dual_versacore_int16x4_4lane_postproc_v2_cluster_Reader_AddressGenUnit__Slow.cpp
/esat/studscratch/r1015498/Thesis/original_snax/snax_cluster/.pixi/envs/default/bin/x86_64-conda-linux-gnu-c++  -fvisibility-inlines-hidden -fmessage-length=0 -march=nocona -mtune=haswell -ftree-vectorize -fPIC -fstack-protector-strong -fno-plt -O2 -ffunction-sections -pipe -isystem /pixi/.pixi/envs/default/include -DNDEBUG -D_FORTIFY_SOURCE=2 -O2 -isystem /pixi/.pixi/envs/default/include -I.  -MMD -I/esat/studscratch/r1015498/Thesis/original_snax/snax_cluster/.pixi/envs/default/share/verilator/include -I/esat/studscratch/r1015498/Thesis/original_snax/snax_cluster/.pixi/envs/default/share/verilator/include/vltstd -DVM_COVERAGE=0 -DVM_SC=0 -DVM_TIMING=0 -DVM_TRACE=1 -DVM_TRACE_FST=0 -DVM_TRACE_VCD=1 -faligned-new -fcf-protection=none -Wno-bool-operation -Wno-shadow -Wno-sign-compare -Wno-subobject-linkage -Wno-tautological-compare -Wno-uninitialized -Wno-unused-but-set-parameter -Wno-unused-but-set-variable -Wno-unused-parameter -Wno-unused-variable      -include Vtestharness__pch.h.slow -c -o Vtestharness_snax_dual_versacore_int16x4_4lane_postproc_v2_cluster_Reader_AddressGenUnit__DepSet_h4b01010a__0__Slow.o Vtestharness_snax_dual_versacore_int16x4_4lane_postproc_v2_cluster_Reader_AddressGenUnit__DepSet_h4b01010a__0__Slow.cpp
/esat/studscratch/r1015498/Thesis/original_snax/snax_cluster/.pixi/envs/default/bin/x86_64-conda-linux-gnu-c++  -fvisibility-inlines-hidden -fmessage-length=0 -march=nocona -mtune=haswell -ftree-vectorize -fPIC -fstack-protector-strong -fno-plt -O2 -ffunction-sections -pipe -isystem /pixi/.pixi/envs/default/include -DNDEBUG -D_FORTIFY_SOURCE=2 -O2 -isystem /pixi/.pixi/envs/default/include -I.  -MMD -I/esat/studscratch/r1015498/Thesis/original_snax/snax_cluster/.pixi/envs/default/share/verilator/include -I/esat/studscratch/r1015498/Thesis/original_snax/snax_cluster/.pixi/envs/default/share/verilator/include/vltstd -DVM_COVERAGE=0 -DVM_SC=0 -DVM_TIMING=0 -DVM_TRACE=1 -DVM_TRACE_FST=0 -DVM_TRACE_VCD=1 -faligned-new -fcf-protection=none -Wno-bool-operation -Wno-shadow -Wno-sign-compare -Wno-subobject-linkage -Wno-tautological-compare -Wno-uninitialized -Wno-unused-but-set-parameter -Wno-unused-but-set-variable -Wno-unused-parameter -Wno-unused-variable      -include Vtestharness__pch.h.slow -c -o Vtestharness_snax_dual_versacore_int16x4_4lane_postproc_v2_cluster_Reader_AddressGenUnit__DepSet_hf1f8f1c1__0__Slow.o Vtestharness_snax_dual_versacore_int16x4_4lane_postproc_v2_cluster_Reader_AddressGenUnit__DepSet_hf1f8f1c1__0__Slow.cpp
/esat/studscratch/r1015498/Thesis/original_snax/snax_cluster/.pixi/envs/default/bin/x86_64-conda-linux-gnu-c++  -fvisibility-inlines-hidden -fmessage-length=0 -march=nocona -mtune=haswell -ftree-vectorize -fPIC -fstack-protector-strong -fno-plt -O2 -ffunction-sections -pipe -isystem /pixi/.pixi/envs/default/include -DNDEBUG -D_FORTIFY_SOURCE=2 -O2 -isystem /pixi/.pixi/envs/default/include -I.  -MMD -I/esat/studscratch/r1015498/Thesis/original_snax/snax_cluster/.pixi/envs/default/share/verilator/include -I/esat/studscratch/r1015498/Thesis/original_snax/snax_cluster/.pixi/envs/default/share/verilator/include/vltstd -DVM_COVERAGE=0 -DVM_SC=0 -DVM_TIMING=0 -DVM_TRACE=1 -DVM_TRACE_FST=0 -DVM_TRACE_VCD=1 -faligned-new -fcf-protection=none -Wno-bool-operation -Wno-shadow -Wno-sign-compare -Wno-subobject-linkage -Wno-tautological-compare -Wno-uninitialized -Wno-unused-but-set-parameter -Wno-unused-but-set-variable -Wno-unused-parameter -Wno-unused-variable      -include Vtestharness__pch.h.slow -c -o Vtestharness_axi_demux__pi49__Slow.o Vtestharness_axi_demux__pi49__Slow.cpp
/esat/studscratch/r1015498/Thesis/original_snax/snax_cluster/.pixi/envs/default/bin/x86_64-conda-linux-gnu-c++  -fvisibility-inlines-hidden -fmessage-length=0 -march=nocona -mtune=haswell -ftree-vectorize -fPIC -fstack-protector-strong -fno-plt -O2 -ffunction-sections -pipe -isystem /pixi/.pixi/envs/default/include -DNDEBUG -D_FORTIFY_SOURCE=2 -O2 -isystem /pixi/.pixi/envs/default/include -I.  -MMD -I/esat/studscratch/r1015498/Thesis/original_snax/snax_cluster/.pixi/envs/default/share/verilator/include -I/esat/studscratch/r1015498/Thesis/original_snax/snax_cluster/.pixi/envs/default/share/verilator/include/vltstd -DVM_COVERAGE=0 -DVM_SC=0 -DVM_TIMING=0 -DVM_TRACE=1 -DVM_TRACE_FST=0 -DVM_TRACE_VCD=1 -faligned-new -fcf-protection=none -Wno-bool-operation -Wno-shadow -Wno-sign-compare -Wno-subobject-linkage -Wno-tautological-compare -Wno-uninitialized -Wno-unused-but-set-parameter -Wno-unused-but-set-variable -Wno-unused-parameter -Wno-unused-variable      -include Vtestharness__pch.h.slow -c -o Vtestharness_axi_demux__pi49__DepSet_h175e771c__0__Slow.o Vtestharness_axi_demux__pi49__DepSet_h175e771c__0__Slow.cpp
/esat/studscratch/r1015498/Thesis/original_snax/snax_cluster/.pixi/envs/default/bin/x86_64-conda-linux-gnu-c++  -fvisibility-inlines-hidden -fmessage-length=0 -march=nocona -mtune=haswell -ftree-vectorize -fPIC -fstack-protector-strong -fno-plt -O2 -ffunction-sections -pipe -isystem /pixi/.pixi/envs/default/include -DNDEBUG -D_FORTIFY_SOURCE=2 -O2 -isystem /pixi/.pixi/envs/default/include -I.  -MMD -I/esat/studscratch/r1015498/Thesis/original_snax/snax_cluster/.pixi/envs/default/share/verilator/include -I/esat/studscratch/r1015498/Thesis/original_snax/snax_cluster/.pixi/envs/default/share/verilator/include/vltstd -DVM_COVERAGE=0 -DVM_SC=0 -DVM_TIMING=0 -DVM_TRACE=1 -DVM_TRACE_FST=0 -DVM_TRACE_VCD=1 -faligned-new -fcf-protection=none -Wno-bool-operation -Wno-shadow -Wno-sign-compare -Wno-subobject-linkage -Wno-tautological-compare -Wno-uninitialized -Wno-unused-but-set-parameter -Wno-unused-but-set-variable -Wno-unused-parameter -Wno-unused-variable      -include Vtestharness__pch.h.slow -c -o Vtestharness_axi_demux__pi49__DepSet_ha5b583cf__0__Slow.o Vtestharness_axi_demux__pi49__DepSet_ha5b583cf__0__Slow.cpp
/esat/studscratch/r1015498/Thesis/original_snax/snax_cluster/.pixi/envs/default/bin/x86_64-conda-linux-gnu-c++  -fvisibility-inlines-hidden -fmessage-length=0 -march=nocona -mtune=haswell -ftree-vectorize -fPIC -fstack-protector-strong -fno-plt -O2 -ffunction-sections -pipe -isystem /pixi/.pixi/envs/default/include -DNDEBUG -D_FORTIFY_SOURCE=2 -O2 -isystem /pixi/.pixi/envs/default/include -I.  -MMD -I/esat/studscratch/r1015498/Thesis/original_snax/snax_cluster/.pixi/envs/default/share/verilator/include -I/esat/studscratch/r1015498/Thesis/original_snax/snax_cluster/.pixi/envs/default/share/verilator/include/vltstd -DVM_COVERAGE=0 -DVM_SC=0 -DVM_TIMING=0 -DVM_TRACE=1 -DVM_TRACE_FST=0 -DVM_TRACE_VCD=1 -faligned-new -fcf-protection=none -Wno-bool-operation -Wno-shadow -Wno-sign-compare -Wno-subobject-linkage -Wno-tautological-compare -Wno-uninitialized -Wno-unused-but-set-parameter -Wno-unused-but-set-variable -Wno-unused-parameter -Wno-unused-variable      -include Vtestharness__pch.h.slow -c -o Vtestharness_axi_demux__pi68__Slow.o Vtestharness_axi_demux__pi68__Slow.cpp
/esat/studscratch/r1015498/Thesis/original_snax/snax_cluster/.pixi/envs/default/bin/x86_64-conda-linux-gnu-c++  -fvisibility-inlines-hidden -fmessage-length=0 -march=nocona -mtune=haswell -ftree-vectorize -fPIC -fstack-protector-strong -fno-plt -O2 -ffunction-sections -pipe -isystem /pixi/.pixi/envs/default/include -DNDEBUG -D_FORTIFY_SOURCE=2 -O2 -isystem /pixi/.pixi/envs/default/include -I.  -MMD -I/esat/studscratch/r1015498/Thesis/original_snax/snax_cluster/.pixi/envs/default/share/verilator/include -I/esat/studscratch/r1015498/Thesis/original_snax/snax_cluster/.pixi/envs/default/share/verilator/include/vltstd -DVM_COVERAGE=0 -DVM_SC=0 -DVM_TIMING=0 -DVM_TRACE=1 -DVM_TRACE_FST=0 -DVM_TRACE_VCD=1 -faligned-new -fcf-protection=none -Wno-bool-operation -Wno-shadow -Wno-sign-compare -Wno-subobject-linkage -Wno-tautological-compare -Wno-uninitialized -Wno-unused-but-set-parameter -Wno-unused-but-set-variable -Wno-unused-parameter -Wno-unused-variable      -include Vtestharness__pch.h.slow -c -o Vtestharness_axi_demux__pi68__DepSet_h052ce7bf__0__Slow.o Vtestharness_axi_demux__pi68__DepSet_h052ce7bf__0__Slow.cpp
/esat/studscratch/r1015498/Thesis/original_snax/snax_cluster/.pixi/envs/default/bin/x86_64-conda-linux-gnu-c++  -fvisibility-inlines-hidden -fmessage-length=0 -march=nocona -mtune=haswell -ftree-vectorize -fPIC -fstack-protector-strong -fno-plt -O2 -ffunction-sections -pipe -isystem /pixi/.pixi/envs/default/include -DNDEBUG -D_FORTIFY_SOURCE=2 -O2 -isystem /pixi/.pixi/envs/default/include -I.  -MMD -I/esat/studscratch/r1015498/Thesis/original_snax/snax_cluster/.pixi/envs/default/share/verilator/include -I/esat/studscratch/r1015498/Thesis/original_snax/snax_cluster/.pixi/envs/default/share/verilator/include/vltstd -DVM_COVERAGE=0 -DVM_SC=0 -DVM_TIMING=0 -DVM_TRACE=1 -DVM_TRACE_FST=0 -DVM_TRACE_VCD=1 -faligned-new -fcf-protection=none -Wno-bool-operation -Wno-shadow -Wno-sign-compare -Wno-subobject-linkage -Wno-tautological-compare -Wno-uninitialized -Wno-unused-but-set-parameter -Wno-unused-but-set-variable -Wno-unused-parameter -Wno-unused-variable      -include Vtestharness__pch.h.slow -c -o Vtestharness_axi_demux__pi68__DepSet_hb7e3146e__0__Slow.o Vtestharness_axi_demux__pi68__DepSet_hb7e3146e__0__Slow.cpp
/esat/studscratch/r1015498/Thesis/original_snax/snax_cluster/.pixi/envs/default/bin/x86_64-conda-linux-gnu-c++  -fvisibility-inlines-hidden -fmessage-length=0 -march=nocona -mtune=haswell -ftree-vectorize -fPIC -fstack-protector-strong -fno-plt -O2 -ffunction-sections -pipe -isystem /pixi/.pixi/envs/default/include -DNDEBUG -D_FORTIFY_SOURCE=2 -O2 -isystem /pixi/.pixi/envs/default/include -I.  -MMD -I/esat/studscratch/r1015498/Thesis/original_snax/snax_cluster/.pixi/envs/default/share/verilator/include -I/esat/studscratch/r1015498/Thesis/original_snax/snax_cluster/.pixi/envs/default/share/verilator/include/vltstd -DVM_COVERAGE=0 -DVM_SC=0 -DVM_TIMING=0 -DVM_TRACE=1 -DVM_TRACE_FST=0 -DVM_TRACE_VCD=1 -faligned-new -fcf-protection=none -Wno-bool-operation -Wno-shadow -Wno-sign-compare -Wno-subobject-linkage -Wno-tautological-compare -Wno-uninitialized -Wno-unused-but-set-parameter -Wno-unused-but-set-variable -Wno-unused-parameter -Wno-unused-variable      -include Vtestharness__pch.h.slow -c -o Vtestharness_axi_err_slv__pi69__Slow.o Vtestharness_axi_err_slv__pi69__Slow.cpp
/esat/studscratch/r1015498/Thesis/original_snax/snax_cluster/.pixi/envs/default/bin/x86_64-conda-linux-gnu-c++  -fvisibility-inlines-hidden -fmessage-length=0 -march=nocona -mtune=haswell -ftree-vectorize -fPIC -fstack-protector-strong -fno-plt -O2 -ffunction-sections -pipe -isystem /pixi/.pixi/envs/default/include -DNDEBUG -D_FORTIFY_SOURCE=2 -O2 -isystem /pixi/.pixi/envs/default/include -I.  -MMD -I/esat/studscratch/r1015498/Thesis/original_snax/snax_cluster/.pixi/envs/default/share/verilator/include -I/esat/studscratch/r1015498/Thesis/original_snax/snax_cluster/.pixi/envs/default/share/verilator/include/vltstd -DVM_COVERAGE=0 -DVM_SC=0 -DVM_TIMING=0 -DVM_TRACE=1 -DVM_TRACE_FST=0 -DVM_TRACE_VCD=1 -faligned-new -fcf-protection=none -Wno-bool-operation -Wno-shadow -Wno-sign-compare -Wno-subobject-linkage -Wno-tautological-compare -Wno-uninitialized -Wno-unused-but-set-parameter -Wno-unused-but-set-variable -Wno-unused-parameter -Wno-unused-variable      -include Vtestharness__pch.h.slow -c -o Vtestharness_axi_err_slv__pi69__DepSet_h5d489146__0__Slow.o Vtestharness_axi_err_slv__pi69__DepSet_h5d489146__0__Slow.cpp
/esat/studscratch/r1015498/Thesis/original_snax/snax_cluster/.pixi/envs/default/bin/x86_64-conda-linux-gnu-c++  -fvisibility-inlines-hidden -fmessage-length=0 -march=nocona -mtune=haswell -ftree-vectorize -fPIC -fstack-protector-strong -fno-plt -O2 -ffunction-sections -pipe -isystem /pixi/.pixi/envs/default/include -DNDEBUG -D_FORTIFY_SOURCE=2 -O2 -isystem /pixi/.pixi/envs/default/include -I.  -MMD -I/esat/studscratch/r1015498/Thesis/original_snax/snax_cluster/.pixi/envs/default/share/verilator/include -I/esat/studscratch/r1015498/Thesis/original_snax/snax_cluster/.pixi/envs/default/share/verilator/include/vltstd -DVM_COVERAGE=0 -DVM_SC=0 -DVM_TIMING=0 -DVM_TRACE=1 -DVM_TRACE_FST=0 -DVM_TRACE_VCD=1 -faligned-new -fcf-protection=none -Wno-bool-operation -Wno-shadow -Wno-sign-compare -Wno-subobject-linkage -Wno-tautological-compare -Wno-uninitialized -Wno-unused-but-set-parameter -Wno-unused-but-set-variable -Wno-unused-parameter -Wno-unused-variable      -include Vtestharness__pch.h.slow -c -o Vtestharness_silu_out16_balanced_pkg__Slow.o Vtestharness_silu_out16_balanced_pkg__Slow.cpp
/esat/studscratch/r1015498/Thesis/original_snax/snax_cluster/.pixi/envs/default/bin/x86_64-conda-linux-gnu-c++  -fvisibility-inlines-hidden -fmessage-length=0 -march=nocona -mtune=haswell -ftree-vectorize -fPIC -fstack-protector-strong -fno-plt -O2 -ffunction-sections -pipe -isystem /pixi/.pixi/envs/default/include -DNDEBUG -D_FORTIFY_SOURCE=2 -O2 -isystem /pixi/.pixi/envs/default/include -I.  -MMD -I/esat/studscratch/r1015498/Thesis/original_snax/snax_cluster/.pixi/envs/default/share/verilator/include -I/esat/studscratch/r1015498/Thesis/original_snax/snax_cluster/.pixi/envs/default/share/verilator/include/vltstd -DVM_COVERAGE=0 -DVM_SC=0 -DVM_TIMING=0 -DVM_TRACE=1 -DVM_TRACE_FST=0 -DVM_TRACE_VCD=1 -faligned-new -fcf-protection=none -Wno-bool-operation -Wno-shadow -Wno-sign-compare -Wno-subobject-linkage -Wno-tautological-compare -Wno-uninitialized -Wno-unused-but-set-parameter -Wno-unused-but-set-variable -Wno-unused-parameter -Wno-unused-variable      -include Vtestharness__pch.h.slow -c -o Vtestharness_silu_out16_balanced_pkg__DepSet_h377ad8d1__0__Slow.o Vtestharness_silu_out16_balanced_pkg__DepSet_h377ad8d1__0__Slow.cpp
/esat/studscratch/r1015498/Thesis/original_snax/snax_cluster/.pixi/envs/default/bin/x86_64-conda-linux-gnu-c++  -fvisibility-inlines-hidden -fmessage-length=0 -march=nocona -mtune=haswell -ftree-vectorize -fPIC -fstack-protector-strong -fno-plt -O2 -ffunction-sections -pipe -isystem /pixi/.pixi/envs/default/include -DNDEBUG -D_FORTIFY_SOURCE=2 -O2 -isystem /pixi/.pixi/envs/default/include -I.  -MMD -I/esat/studscratch/r1015498/Thesis/original_snax/snax_cluster/.pixi/envs/default/share/verilator/include -I/esat/studscratch/r1015498/Thesis/original_snax/snax_cluster/.pixi/envs/default/share/verilator/include/vltstd -DVM_COVERAGE=0 -DVM_SC=0 -DVM_TIMING=0 -DVM_TRACE=1 -DVM_TRACE_FST=0 -DVM_TRACE_VCD=1 -faligned-new -fcf-protection=none -Wno-bool-operation -Wno-shadow -Wno-sign-compare -Wno-subobject-linkage -Wno-tautological-compare -Wno-uninitialized -Wno-unused-but-set-parameter -Wno-unused-but-set-variable -Wno-unused-parameter -Wno-unused-variable      -include Vtestharness__pch.h.slow -c -o Vtestharness_tc_sram_impl__pi55__Slow.o Vtestharness_tc_sram_impl__pi55__Slow.cpp
/esat/studscratch/r1015498/Thesis/original_snax/snax_cluster/.pixi/envs/default/bin/x86_64-conda-linux-gnu-c++  -fvisibility-inlines-hidden -fmessage-length=0 -march=nocona -mtune=haswell -ftree-vectorize -fPIC -fstack-protector-strong -fno-plt -O2 -ffunction-sections -pipe -isystem /pixi/.pixi/envs/default/include -DNDEBUG -D_FORTIFY_SOURCE=2 -O2 -isystem /pixi/.pixi/envs/default/include -I.  -MMD -I/esat/studscratch/r1015498/Thesis/original_snax/snax_cluster/.pixi/envs/default/share/verilator/include -I/esat/studscratch/r1015498/Thesis/original_snax/snax_cluster/.pixi/envs/default/share/verilator/include/vltstd -DVM_COVERAGE=0 -DVM_SC=0 -DVM_TIMING=0 -DVM_TRACE=1 -DVM_TRACE_FST=0 -DVM_TRACE_VCD=1 -faligned-new -fcf-protection=none -Wno-bool-operation -Wno-shadow -Wno-sign-compare -Wno-subobject-linkage -Wno-tautological-compare -Wno-uninitialized -Wno-unused-but-set-parameter -Wno-unused-but-set-variable -Wno-unused-parameter -Wno-unused-variable      -include Vtestharness__pch.h.slow -c -o Vtestharness_tc_sram_impl__pi55__DepSet_h9739d717__0__Slow.o Vtestharness_tc_sram_impl__pi55__DepSet_h9739d717__0__Slow.cpp
/esat/studscratch/r1015498/Thesis/original_snax/snax_cluster/.pixi/envs/default/bin/x86_64-conda-linux-gnu-c++  -fvisibility-inlines-hidden -fmessage-length=0 -march=nocona -mtune=haswell -ftree-vectorize -fPIC -fstack-protector-strong -fno-plt -O2 -ffunction-sections -pipe -isystem /pixi/.pixi/envs/default/include -DNDEBUG -D_FORTIFY_SOURCE=2 -O2 -isystem /pixi/.pixi/envs/default/include -I.  -MMD -I/esat/studscratch/r1015498/Thesis/original_snax/snax_cluster/.pixi/envs/default/share/verilator/include -I/esat/studscratch/r1015498/Thesis/original_snax/snax_cluster/.pixi/envs/default/share/verilator/include/vltstd -DVM_COVERAGE=0 -DVM_SC=0 -DVM_TIMING=0 -DVM_TRACE=1 -DVM_TRACE_FST=0 -DVM_TRACE_VCD=1 -faligned-new -fcf-protection=none -Wno-bool-operation -Wno-shadow -Wno-sign-compare -Wno-subobject-linkage -Wno-tautological-compare -Wno-uninitialized -Wno-unused-but-set-parameter -Wno-unused-but-set-variable -Wno-unused-parameter -Wno-unused-variable      -include Vtestharness__pch.h.slow -c -o Vtestharness_axi_burst_splitter_counters__pi176__Slow.o Vtestharness_axi_burst_splitter_counters__pi176__Slow.cpp
/esat/studscratch/r1015498/Thesis/original_snax/snax_cluster/.pixi/envs/default/bin/x86_64-conda-linux-gnu-c++  -fvisibility-inlines-hidden -fmessage-length=0 -march=nocona -mtune=haswell -ftree-vectorize -fPIC -fstack-protector-strong -fno-plt -O2 -ffunction-sections -pipe -isystem /pixi/.pixi/envs/default/include -DNDEBUG -D_FORTIFY_SOURCE=2 -O2 -isystem /pixi/.pixi/envs/default/include -I.  -MMD -I/esat/studscratch/r1015498/Thesis/original_snax/snax_cluster/.pixi/envs/default/share/verilator/include -I/esat/studscratch/r1015498/Thesis/original_snax/snax_cluster/.pixi/envs/default/share/verilator/include/vltstd -DVM_COVERAGE=0 -DVM_SC=0 -DVM_TIMING=0 -DVM_TRACE=1 -DVM_TRACE_FST=0 -DVM_TRACE_VCD=1 -faligned-new -fcf-protection=none -Wno-bool-operation -Wno-shadow -Wno-sign-compare -Wno-subobject-linkage -Wno-tautological-compare -Wno-uninitialized -Wno-unused-but-set-parameter -Wno-unused-but-set-variable -Wno-unused-parameter -Wno-unused-variable      -include Vtestharness__pch.h.slow -c -o Vtestharness_axi_burst_splitter_counters__pi176__DepSet_h689d8cbc__0__Slow.o Vtestharness_axi_burst_splitter_counters__pi176__DepSet_h689d8cbc__0__Slow.cpp
/esat/studscratch/r1015498/Thesis/original_snax/snax_cluster/.pixi/envs/default/bin/x86_64-conda-linux-gnu-c++  -fvisibility-inlines-hidden -fmessage-length=0 -march=nocona -mtune=haswell -ftree-vectorize -fPIC -fstack-protector-strong -fno-plt -O2 -ffunction-sections -pipe -isystem /pixi/.pixi/envs/default/include -DNDEBUG -D_FORTIFY_SOURCE=2 -O2 -isystem /pixi/.pixi/envs/default/include -I.  -MMD -I/esat/studscratch/r1015498/Thesis/original_snax/snax_cluster/.pixi/envs/default/share/verilator/include -I/esat/studscratch/r1015498/Thesis/original_snax/snax_cluster/.pixi/envs/default/share/verilator/include/vltstd -DVM_COVERAGE=0 -DVM_SC=0 -DVM_TIMING=0 -DVM_TRACE=1 -DVM_TRACE_FST=0 -DVM_TRACE_VCD=1 -faligned-new -fcf-protection=none -Wno-bool-operation -Wno-shadow -Wno-sign-compare -Wno-subobject-linkage -Wno-tautological-compare -Wno-uninitialized -Wno-unused-but-set-parameter -Wno-unused-but-set-variable -Wno-unused-parameter -Wno-unused-variable      -include Vtestharness__pch.h.slow -c -o Vtestharness_axi_burst_splitter_counters__pi176__DepSet_h689d8cbc__1__Slow.o Vtestharness_axi_burst_splitter_counters__pi176__DepSet_h689d8cbc__1__Slow.cpp
/esat/studscratch/r1015498/Thesis/original_snax/snax_cluster/.pixi/envs/default/bin/x86_64-conda-linux-gnu-c++  -fvisibility-inlines-hidden -fmessage-length=0 -march=nocona -mtune=haswell -ftree-vectorize -fPIC -fstack-protector-strong -fno-plt -O2 -ffunction-sections -pipe -isystem /pixi/.pixi/envs/default/include -DNDEBUG -D_FORTIFY_SOURCE=2 -O2 -isystem /pixi/.pixi/envs/default/include -I.  -MMD -I/esat/studscratch/r1015498/Thesis/original_snax/snax_cluster/.pixi/envs/default/share/verilator/include -I/esat/studscratch/r1015498/Thesis/original_snax/snax_cluster/.pixi/envs/default/share/verilator/include/vltstd -DVM_COVERAGE=0 -DVM_SC=0 -DVM_TIMING=0 -DVM_TRACE=1 -DVM_TRACE_FST=0 -DVM_TRACE_VCD=1 -faligned-new -fcf-protection=none -Wno-bool-operation -Wno-shadow -Wno-sign-compare -Wno-subobject-linkage -Wno-tautological-compare -Wno-uninitialized -Wno-unused-but-set-parameter -Wno-unused-but-set-variable -Wno-unused-parameter -Wno-unused-variable      -include Vtestharness__pch.h.slow -c -o Vtestharness_axi_burst_splitter_counters__pi178__Slow.o Vtestharness_axi_burst_splitter_counters__pi178__Slow.cpp
/esat/studscratch/r1015498/Thesis/original_snax/snax_cluster/.pixi/envs/default/bin/x86_64-conda-linux-gnu-c++  -fvisibility-inlines-hidden -fmessage-length=0 -march=nocona -mtune=haswell -ftree-vectorize -fPIC -fstack-protector-strong -fno-plt -O2 -ffunction-sections -pipe -isystem /pixi/.pixi/envs/default/include -DNDEBUG -D_FORTIFY_SOURCE=2 -O2 -isystem /pixi/.pixi/envs/default/include -I.  -MMD -I/esat/studscratch/r1015498/Thesis/original_snax/snax_cluster/.pixi/envs/default/share/verilator/include -I/esat/studscratch/r1015498/Thesis/original_snax/snax_cluster/.pixi/envs/default/share/verilator/include/vltstd -DVM_COVERAGE=0 -DVM_SC=0 -DVM_TIMING=0 -DVM_TRACE=1 -DVM_TRACE_FST=0 -DVM_TRACE_VCD=1 -faligned-new -fcf-protection=none -Wno-bool-operation -Wno-shadow -Wno-sign-compare -Wno-subobject-linkage -Wno-tautological-compare -Wno-uninitialized -Wno-unused-but-set-parameter -Wno-unused-but-set-variable -Wno-unused-parameter -Wno-unused-variable      -include Vtestharness__pch.h.slow -c -o Vtestharness_axi_burst_splitter_counters__pi178__DepSet_h6ab8951f__0__Slow.o Vtestharness_axi_burst_splitter_counters__pi178__DepSet_h6ab8951f__0__Slow.cpp
/esat/studscratch/r1015498/Thesis/original_snax/snax_cluster/.pixi/envs/default/bin/x86_64-conda-linux-gnu-c++  -fvisibility-inlines-hidden -fmessage-length=0 -march=nocona -mtune=haswell -ftree-vectorize -fPIC -fstack-protector-strong -fno-plt -O2 -ffunction-sections -pipe -isystem /pixi/.pixi/envs/default/include -DNDEBUG -D_FORTIFY_SOURCE=2 -O2 -isystem /pixi/.pixi/envs/default/include -I.  -MMD -I/esat/studscratch/r1015498/Thesis/original_snax/snax_cluster/.pixi/envs/default/share/verilator/include -I/esat/studscratch/r1015498/Thesis/original_snax/snax_cluster/.pixi/envs/default/share/verilator/include/vltstd -DVM_COVERAGE=0 -DVM_SC=0 -DVM_TIMING=0 -DVM_TRACE=1 -DVM_TRACE_FST=0 -DVM_TRACE_VCD=1 -faligned-new -fcf-protection=none -Wno-bool-operation -Wno-shadow -Wno-sign-compare -Wno-subobject-linkage -Wno-tautological-compare -Wno-uninitialized -Wno-unused-but-set-parameter -Wno-unused-but-set-variable -Wno-unused-parameter -Wno-unused-variable      -include Vtestharness__pch.h.slow -c -o Vtestharness_axi_burst_splitter_counters__pi178__DepSet_h6ab8951f__1__Slow.o Vtestharness_axi_burst_splitter_counters__pi178__DepSet_h6ab8951f__1__Slow.cpp
/esat/studscratch/r1015498/Thesis/original_snax/snax_cluster/.pixi/envs/default/bin/x86_64-conda-linux-gnu-c++  -fvisibility-inlines-hidden -fmessage-length=0 -march=nocona -mtune=haswell -ftree-vectorize -fPIC -fstack-protector-strong -fno-plt -O2 -ffunction-sections -pipe -isystem /pixi/.pixi/envs/default/include -DNDEBUG -D_FORTIFY_SOURCE=2 -O2 -isystem /pixi/.pixi/envs/default/include -I.  -MMD -I/esat/studscratch/r1015498/Thesis/original_snax/snax_cluster/.pixi/envs/default/share/verilator/include -I/esat/studscratch/r1015498/Thesis/original_snax/snax_cluster/.pixi/envs/default/share/verilator/include/vltstd -DVM_COVERAGE=0 -DVM_SC=0 -DVM_TIMING=0 -DVM_TRACE=1 -DVM_TRACE_FST=0 -DVM_TRACE_VCD=1 -faligned-new -fcf-protection=none -Wno-bool-operation -Wno-shadow -Wno-sign-compare -Wno-subobject-linkage -Wno-tautological-compare -Wno-uninitialized -Wno-unused-but-set-parameter -Wno-unused-but-set-variable -Wno-unused-parameter -Wno-unused-variable      -include Vtestharness__pch.h.slow -c -o Vtestharness_axi_demux_id_counters__pi193__Slow.o Vtestharness_axi_demux_id_counters__pi193__Slow.cpp
/esat/studscratch/r1015498/Thesis/original_snax/snax_cluster/.pixi/envs/default/bin/x86_64-conda-linux-gnu-c++  -fvisibility-inlines-hidden -fmessage-length=0 -march=nocona -mtune=haswell -ftree-vectorize -fPIC -fstack-protector-strong -fno-plt -O2 -ffunction-sections -pipe -isystem /pixi/.pixi/envs/default/include -DNDEBUG -D_FORTIFY_SOURCE=2 -O2 -isystem /pixi/.pixi/envs/default/include -I.  -MMD -I/esat/studscratch/r1015498/Thesis/original_snax/snax_cluster/.pixi/envs/default/share/verilator/include -I/esat/studscratch/r1015498/Thesis/original_snax/snax_cluster/.pixi/envs/default/share/verilator/include/vltstd -DVM_COVERAGE=0 -DVM_SC=0 -DVM_TIMING=0 -DVM_TRACE=1 -DVM_TRACE_FST=0 -DVM_TRACE_VCD=1 -faligned-new -fcf-protection=none -Wno-bool-operation -Wno-shadow -Wno-sign-compare -Wno-subobject-linkage -Wno-tautological-compare -Wno-uninitialized -Wno-unused-but-set-parameter -Wno-unused-but-set-variable -Wno-unused-parameter -Wno-unused-variable      -include Vtestharness__pch.h.slow -c -o Vtestharness_axi_demux_id_counters__pi193__DepSet_h3f309f5b__0__Slow.o Vtestharness_axi_demux_id_counters__pi193__DepSet_h3f309f5b__0__Slow.cpp
/esat/studscratch/r1015498/Thesis/original_snax/snax_cluster/.pixi/envs/default/bin/x86_64-conda-linux-gnu-c++  -fvisibility-inlines-hidden -fmessage-length=0 -march=nocona -mtune=haswell -ftree-vectorize -fPIC -fstack-protector-strong -fno-plt -O2 -ffunction-sections -pipe -isystem /pixi/.pixi/envs/default/include -DNDEBUG -D_FORTIFY_SOURCE=2 -O2 -isystem /pixi/.pixi/envs/default/include -I.  -MMD -I/esat/studscratch/r1015498/Thesis/original_snax/snax_cluster/.pixi/envs/default/share/verilator/include -I/esat/studscratch/r1015498/Thesis/original_snax/snax_cluster/.pixi/envs/default/share/verilator/include/vltstd -DVM_COVERAGE=0 -DVM_SC=0 -DVM_TIMING=0 -DVM_TRACE=1 -DVM_TRACE_FST=0 -DVM_TRACE_VCD=1 -faligned-new -fcf-protection=none -Wno-bool-operation -Wno-shadow -Wno-sign-compare -Wno-subobject-linkage -Wno-tautological-compare -Wno-uninitialized -Wno-unused-but-set-parameter -Wno-unused-but-set-variable -Wno-unused-parameter -Wno-unused-variable      -include Vtestharness__pch.h.slow -c -o Vtestharness_axi_demux_id_counters__pi194__Slow.o Vtestharness_axi_demux_id_counters__pi194__Slow.cpp
/esat/studscratch/r1015498/Thesis/original_snax/snax_cluster/.pixi/envs/default/bin/x86_64-conda-linux-gnu-c++  -fvisibility-inlines-hidden -fmessage-length=0 -march=nocona -mtune=haswell -ftree-vectorize -fPIC -fstack-protector-strong -fno-plt -O2 -ffunction-sections -pipe -isystem /pixi/.pixi/envs/default/include -DNDEBUG -D_FORTIFY_SOURCE=2 -O2 -isystem /pixi/.pixi/envs/default/include -I.  -MMD -I/esat/studscratch/r1015498/Thesis/original_snax/snax_cluster/.pixi/envs/default/share/verilator/include -I/esat/studscratch/r1015498/Thesis/original_snax/snax_cluster/.pixi/envs/default/share/verilator/include/vltstd -DVM_COVERAGE=0 -DVM_SC=0 -DVM_TIMING=0 -DVM_TRACE=1 -DVM_TRACE_FST=0 -DVM_TRACE_VCD=1 -faligned-new -fcf-protection=none -Wno-bool-operation -Wno-shadow -Wno-sign-compare -Wno-subobject-linkage -Wno-tautological-compare -Wno-uninitialized -Wno-unused-but-set-parameter -Wno-unused-but-set-variable -Wno-unused-parameter -Wno-unused-variable      -include Vtestharness__pch.h.slow -c -o Vtestharness_axi_demux_id_counters__pi194__DepSet_h63e1f3b1__0__Slow.o Vtestharness_axi_demux_id_counters__pi194__DepSet_h63e1f3b1__0__Slow.cpp
/esat/studscratch/r1015498/Thesis/original_snax/snax_cluster/.pixi/envs/default/bin/x86_64-conda-linux-gnu-c++  -fvisibility-inlines-hidden -fmessage-length=0 -march=nocona -mtune=haswell -ftree-vectorize -fPIC -fstack-protector-strong -fno-plt -O2 -ffunction-sections -pipe -isystem /pixi/.pixi/envs/default/include -DNDEBUG -D_FORTIFY_SOURCE=2 -O2 -isystem /pixi/.pixi/envs/default/include -I.  -MMD -I/esat/studscratch/r1015498/Thesis/original_snax/snax_cluster/.pixi/envs/default/share/verilator/include -I/esat/studscratch/r1015498/Thesis/original_snax/snax_cluster/.pixi/envs/default/share/verilator/include/vltstd -DVM_COVERAGE=0 -DVM_SC=0 -DVM_TIMING=0 -DVM_TRACE=1 -DVM_TRACE_FST=0 -DVM_TRACE_VCD=1 -faligned-new -fcf-protection=none -Wno-bool-operation -Wno-shadow -Wno-sign-compare -Wno-subobject-linkage -Wno-tautological-compare -Wno-uninitialized -Wno-unused-but-set-parameter -Wno-unused-but-set-variable -Wno-unused-parameter -Wno-unused-variable      -include Vtestharness__pch.h.slow -c -o Vtestharness_axi_demux_id_counters__pi194__DepSet_h1918007c__0__Slow.o Vtestharness_axi_demux_id_counters__pi194__DepSet_h1918007c__0__Slow.cpp
/esat/studscratch/r1015498/Thesis/original_snax/snax_cluster/.pixi/envs/default/bin/x86_64-conda-linux-gnu-c++  -fvisibility-inlines-hidden -fmessage-length=0 -march=nocona -mtune=haswell -ftree-vectorize -fPIC -fstack-protector-strong -fno-plt -O2 -ffunction-sections -pipe -isystem /pixi/.pixi/envs/default/include -DNDEBUG -D_FORTIFY_SOURCE=2 -O2 -isystem /pixi/.pixi/envs/default/include -I.  -MMD -I/esat/studscratch/r1015498/Thesis/original_snax/snax_cluster/.pixi/envs/default/share/verilator/include -I/esat/studscratch/r1015498/Thesis/original_snax/snax_cluster/.pixi/envs/default/share/verilator/include/vltstd -DVM_COVERAGE=0 -DVM_SC=0 -DVM_TIMING=0 -DVM_TRACE=1 -DVM_TRACE_FST=0 -DVM_TRACE_VCD=1 -faligned-new -fcf-protection=none -Wno-bool-operation -Wno-shadow -Wno-sign-compare -Wno-subobject-linkage -Wno-tautological-compare -Wno-uninitialized -Wno-unused-but-set-parameter -Wno-unused-but-set-variable -Wno-unused-parameter -Wno-unused-variable      -include Vtestharness__pch.h.slow -c -o Vtestharness__Syms.o Vtestharness__Syms.cpp
/esat/studscratch/r1015498/Thesis/original_snax/snax_cluster/.pixi/envs/default/bin/x86_64-conda-linux-gnu-c++  -fvisibility-inlines-hidden -fmessage-length=0 -march=nocona -mtune=haswell -ftree-vectorize -fPIC -fstack-protector-strong -fno-plt -O2 -ffunction-sections -pipe -isystem /pixi/.pixi/envs/default/include -DNDEBUG -D_FORTIFY_SOURCE=2 -O2 -isystem /pixi/.pixi/envs/default/include -I.  -MMD -I/esat/studscratch/r1015498/Thesis/original_snax/snax_cluster/.pixi/envs/default/share/verilator/include -I/esat/studscratch/r1015498/Thesis/original_snax/snax_cluster/.pixi/envs/default/share/verilator/include/vltstd -DVM_COVERAGE=0 -DVM_SC=0 -DVM_TIMING=0 -DVM_TRACE=1 -DVM_TRACE_FST=0 -DVM_TRACE_VCD=1 -faligned-new -fcf-protection=none -Wno-bool-operation -Wno-shadow -Wno-sign-compare -Wno-subobject-linkage -Wno-tautological-compare -Wno-uninitialized -Wno-unused-but-set-parameter -Wno-unused-but-set-variable -Wno-unused-parameter -Wno-unused-variable      -include Vtestharness__pch.h.slow -c -o Vtestharness__Trace__0__Slow.o Vtestharness__Trace__0__Slow.cpp
/esat/studscratch/r1015498/Thesis/original_snax/snax_cluster/.pixi/envs/default/bin/x86_64-conda-linux-gnu-c++  -fvisibility-inlines-hidden -fmessage-length=0 -march=nocona -mtune=haswell -ftree-vectorize -fPIC -fstack-protector-strong -fno-plt -O2 -ffunction-sections -pipe -isystem /pixi/.pixi/envs/default/include -DNDEBUG -D_FORTIFY_SOURCE=2 -O2 -isystem /pixi/.pixi/envs/default/include -I.  -MMD -I/esat/studscratch/r1015498/Thesis/original_snax/snax_cluster/.pixi/envs/default/share/verilator/include -I/esat/studscratch/r1015498/Thesis/original_snax/snax_cluster/.pixi/envs/default/share/verilator/include/vltstd -DVM_COVERAGE=0 -DVM_SC=0 -DVM_TIMING=0 -DVM_TRACE=1 -DVM_TRACE_FST=0 -DVM_TRACE_VCD=1 -faligned-new -fcf-protection=none -Wno-bool-operation -Wno-shadow -Wno-sign-compare -Wno-subobject-linkage -Wno-tautological-compare -Wno-uninitialized -Wno-unused-but-set-parameter -Wno-unused-but-set-variable -Wno-unused-parameter -Wno-unused-variable      -include Vtestharness__pch.h.slow -c -o Vtestharness__TraceDecls__0__Slow.o Vtestharness__TraceDecls__0__Slow.cpp
/esat/studscratch/r1015498/Thesis/original_snax/snax_cluster/.pixi/envs/default/bin/x86_64-conda-linux-gnu-c++  -fvisibility-inlines-hidden -fmessage-length=0 -march=nocona -mtune=haswell -ftree-vectorize -fPIC -fstack-protector-strong -fno-plt -O2 -ffunction-sections -pipe -isystem /pixi/.pixi/envs/default/include -DNDEBUG -D_FORTIFY_SOURCE=2 -O2 -isystem /pixi/.pixi/envs/default/include -I.  -MMD -I/esat/studscratch/r1015498/Thesis/original_snax/snax_cluster/.pixi/envs/default/share/verilator/include -I/esat/studscratch/r1015498/Thesis/original_snax/snax_cluster/.pixi/envs/default/share/verilator/include/vltstd -DVM_COVERAGE=0 -DVM_SC=0 -DVM_TIMING=0 -DVM_TRACE=1 -DVM_TRACE_FST=0 -DVM_TRACE_VCD=1 -faligned-new -fcf-protection=none -Wno-bool-operation -Wno-shadow -Wno-sign-compare -Wno-subobject-linkage -Wno-tautological-compare -Wno-uninitialized -Wno-unused-but-set-parameter -Wno-unused-but-set-variable -Wno-unused-parameter -Wno-unused-variable      -include Vtestharness__pch.h.slow -c -o Vtestharness__Trace__1__Slow.o Vtestharness__Trace__1__Slow.cpp
/esat/studscratch/r1015498/Thesis/original_snax/snax_cluster/.pixi/envs/default/bin/x86_64-conda-linux-gnu-c++  -fvisibility-inlines-hidden -fmessage-length=0 -march=nocona -mtune=haswell -ftree-vectorize -fPIC -fstack-protector-strong -fno-plt -O2 -ffunction-sections -pipe -isystem /pixi/.pixi/envs/default/include -DNDEBUG -D_FORTIFY_SOURCE=2 -O2 -isystem /pixi/.pixi/envs/default/include -I.  -MMD -I/esat/studscratch/r1015498/Thesis/original_snax/snax_cluster/.pixi/envs/default/share/verilator/include -I/esat/studscratch/r1015498/Thesis/original_snax/snax_cluster/.pixi/envs/default/share/verilator/include/vltstd -DVM_COVERAGE=0 -DVM_SC=0 -DVM_TIMING=0 -DVM_TRACE=1 -DVM_TRACE_FST=0 -DVM_TRACE_VCD=1 -faligned-new -fcf-protection=none -Wno-bool-operation -Wno-shadow -Wno-sign-compare -Wno-subobject-linkage -Wno-tautological-compare -Wno-uninitialized -Wno-unused-but-set-parameter -Wno-unused-but-set-variable -Wno-unused-parameter -Wno-unused-variable      -include Vtestharness__pch.h.slow -c -o Vtestharness__Trace__2__Slow.o Vtestharness__Trace__2__Slow.cpp
/esat/studscratch/r1015498/Thesis/original_snax/snax_cluster/.pixi/envs/default/bin/x86_64-conda-linux-gnu-c++  -fvisibility-inlines-hidden -fmessage-length=0 -march=nocona -mtune=haswell -ftree-vectorize -fPIC -fstack-protector-strong -fno-plt -O2 -ffunction-sections -pipe -isystem /pixi/.pixi/envs/default/include -DNDEBUG -D_FORTIFY_SOURCE=2 -O2 -isystem /pixi/.pixi/envs/default/include -I.  -MMD -I/esat/studscratch/r1015498/Thesis/original_snax/snax_cluster/.pixi/envs/default/share/verilator/include -I/esat/studscratch/r1015498/Thesis/original_snax/snax_cluster/.pixi/envs/default/share/verilator/include/vltstd -DVM_COVERAGE=0 -DVM_SC=0 -DVM_TIMING=0 -DVM_TRACE=1 -DVM_TRACE_FST=0 -DVM_TRACE_VCD=1 -faligned-new -fcf-protection=none -Wno-bool-operation -Wno-shadow -Wno-sign-compare -Wno-subobject-linkage -Wno-tautological-compare -Wno-uninitialized -Wno-unused-but-set-parameter -Wno-unused-but-set-variable -Wno-unused-parameter -Wno-unused-variable      -include Vtestharness__pch.h.slow -c -o Vtestharness__Trace__3__Slow.o Vtestharness__Trace__3__Slow.cpp
/esat/studscratch/r1015498/Thesis/original_snax/snax_cluster/.pixi/envs/default/bin/x86_64-conda-linux-gnu-c++  -fvisibility-inlines-hidden -fmessage-length=0 -march=nocona -mtune=haswell -ftree-vectorize -fPIC -fstack-protector-strong -fno-plt -O2 -ffunction-sections -pipe -isystem /pixi/.pixi/envs/default/include -DNDEBUG -D_FORTIFY_SOURCE=2 -O2 -isystem /pixi/.pixi/envs/default/include -I.  -MMD -I/esat/studscratch/r1015498/Thesis/original_snax/snax_cluster/.pixi/envs/default/share/verilator/include -I/esat/studscratch/r1015498/Thesis/original_snax/snax_cluster/.pixi/envs/default/share/verilator/include/vltstd -DVM_COVERAGE=0 -DVM_SC=0 -DVM_TIMING=0 -DVM_TRACE=1 -DVM_TRACE_FST=0 -DVM_TRACE_VCD=1 -faligned-new -fcf-protection=none -Wno-bool-operation -Wno-shadow -Wno-sign-compare -Wno-subobject-linkage -Wno-tautological-compare -Wno-uninitialized -Wno-unused-but-set-parameter -Wno-unused-but-set-variable -Wno-unused-parameter -Wno-unused-variable      -include Vtestharness__pch.h.slow -c -o Vtestharness__Trace__4__Slow.o Vtestharness__Trace__4__Slow.cpp
/esat/studscratch/r1015498/Thesis/original_snax/snax_cluster/.pixi/envs/default/bin/x86_64-conda-linux-gnu-c++  -fvisibility-inlines-hidden -fmessage-length=0 -march=nocona -mtune=haswell -ftree-vectorize -fPIC -fstack-protector-strong -fno-plt -O2 -ffunction-sections -pipe -isystem /pixi/.pixi/envs/default/include -DNDEBUG -D_FORTIFY_SOURCE=2 -O2 -isystem /pixi/.pixi/envs/default/include -I.  -MMD -I/esat/studscratch/r1015498/Thesis/original_snax/snax_cluster/.pixi/envs/default/share/verilator/include -I/esat/studscratch/r1015498/Thesis/original_snax/snax_cluster/.pixi/envs/default/share/verilator/include/vltstd -DVM_COVERAGE=0 -DVM_SC=0 -DVM_TIMING=0 -DVM_TRACE=1 -DVM_TRACE_FST=0 -DVM_TRACE_VCD=1 -faligned-new -fcf-protection=none -Wno-bool-operation -Wno-shadow -Wno-sign-compare -Wno-subobject-linkage -Wno-tautological-compare -Wno-uninitialized -Wno-unused-but-set-parameter -Wno-unused-but-set-variable -Wno-unused-parameter -Wno-unused-variable      -include Vtestharness__pch.h.slow -c -o Vtestharness__Trace__5__Slow.o Vtestharness__Trace__5__Slow.cpp
/esat/studscratch/r1015498/Thesis/original_snax/snax_cluster/.pixi/envs/default/bin/x86_64-conda-linux-gnu-c++  -fvisibility-inlines-hidden -fmessage-length=0 -march=nocona -mtune=haswell -ftree-vectorize -fPIC -fstack-protector-strong -fno-plt -O2 -ffunction-sections -pipe -isystem /pixi/.pixi/envs/default/include -DNDEBUG -D_FORTIFY_SOURCE=2 -O2 -isystem /pixi/.pixi/envs/default/include -I.  -MMD -I/esat/studscratch/r1015498/Thesis/original_snax/snax_cluster/.pixi/envs/default/share/verilator/include -I/esat/studscratch/r1015498/Thesis/original_snax/snax_cluster/.pixi/envs/default/share/verilator/include/vltstd -DVM_COVERAGE=0 -DVM_SC=0 -DVM_TIMING=0 -DVM_TRACE=1 -DVM_TRACE_FST=0 -DVM_TRACE_VCD=1 -faligned-new -fcf-protection=none -Wno-bool-operation -Wno-shadow -Wno-sign-compare -Wno-subobject-linkage -Wno-tautological-compare -Wno-uninitialized -Wno-unused-but-set-parameter -Wno-unused-but-set-variable -Wno-unused-parameter -Wno-unused-variable      -include Vtestharness__pch.h.slow -c -o Vtestharness__Trace__6__Slow.o Vtestharness__Trace__6__Slow.cpp
/esat/studscratch/r1015498/Thesis/original_snax/snax_cluster/.pixi/envs/default/bin/x86_64-conda-linux-gnu-c++  -fvisibility-inlines-hidden -fmessage-length=0 -march=nocona -mtune=haswell -ftree-vectorize -fPIC -fstack-protector-strong -fno-plt -O2 -ffunction-sections -pipe -isystem /pixi/.pixi/envs/default/include -DNDEBUG -D_FORTIFY_SOURCE=2 -O2 -isystem /pixi/.pixi/envs/default/include -I.  -MMD -I/esat/studscratch/r1015498/Thesis/original_snax/snax_cluster/.pixi/envs/default/share/verilator/include -I/esat/studscratch/r1015498/Thesis/original_snax/snax_cluster/.pixi/envs/default/share/verilator/include/vltstd -DVM_COVERAGE=0 -DVM_SC=0 -DVM_TIMING=0 -DVM_TRACE=1 -DVM_TRACE_FST=0 -DVM_TRACE_VCD=1 -faligned-new -fcf-protection=none -Wno-bool-operation -Wno-shadow -Wno-sign-compare -Wno-subobject-linkage -Wno-tautological-compare -Wno-uninitialized -Wno-unused-but-set-parameter -Wno-unused-but-set-variable -Wno-unused-parameter -Wno-unused-variable      -include Vtestharness__pch.h.slow -c -o Vtestharness__Trace__7__Slow.o Vtestharness__Trace__7__Slow.cpp
/esat/studscratch/r1015498/Thesis/original_snax/snax_cluster/.pixi/envs/default/bin/x86_64-conda-linux-gnu-c++  -fvisibility-inlines-hidden -fmessage-length=0 -march=nocona -mtune=haswell -ftree-vectorize -fPIC -fstack-protector-strong -fno-plt -O2 -ffunction-sections -pipe -isystem /pixi/.pixi/envs/default/include -DNDEBUG -D_FORTIFY_SOURCE=2 -O2 -isystem /pixi/.pixi/envs/default/include -I.  -MMD -I/esat/studscratch/r1015498/Thesis/original_snax/snax_cluster/.pixi/envs/default/share/verilator/include -I/esat/studscratch/r1015498/Thesis/original_snax/snax_cluster/.pixi/envs/default/share/verilator/include/vltstd -DVM_COVERAGE=0 -DVM_SC=0 -DVM_TIMING=0 -DVM_TRACE=1 -DVM_TRACE_FST=0 -DVM_TRACE_VCD=1 -faligned-new -fcf-protection=none -Wno-bool-operation -Wno-shadow -Wno-sign-compare -Wno-subobject-linkage -Wno-tautological-compare -Wno-uninitialized -Wno-unused-but-set-parameter -Wno-unused-but-set-variable -Wno-unused-parameter -Wno-unused-variable      -include Vtestharness__pch.h.slow -c -o Vtestharness__Trace__8__Slow.o Vtestharness__Trace__8__Slow.cpp
/esat/studscratch/r1015498/Thesis/original_snax/snax_cluster/.pixi/envs/default/bin/x86_64-conda-linux-gnu-c++  -fvisibility-inlines-hidden -fmessage-length=0 -march=nocona -mtune=haswell -ftree-vectorize -fPIC -fstack-protector-strong -fno-plt -O2 -ffunction-sections -pipe -isystem /pixi/.pixi/envs/default/include -DNDEBUG -D_FORTIFY_SOURCE=2 -O2 -isystem /pixi/.pixi/envs/default/include -I.  -MMD -I/esat/studscratch/r1015498/Thesis/original_snax/snax_cluster/.pixi/envs/default/share/verilator/include -I/esat/studscratch/r1015498/Thesis/original_snax/snax_cluster/.pixi/envs/default/share/verilator/include/vltstd -DVM_COVERAGE=0 -DVM_SC=0 -DVM_TIMING=0 -DVM_TRACE=1 -DVM_TRACE_FST=0 -DVM_TRACE_VCD=1 -faligned-new -fcf-protection=none -Wno-bool-operation -Wno-shadow -Wno-sign-compare -Wno-subobject-linkage -Wno-tautological-compare -Wno-uninitialized -Wno-unused-but-set-parameter -Wno-unused-but-set-variable -Wno-unused-parameter -Wno-unused-variable      -include Vtestharness__pch.h.slow -c -o Vtestharness__Trace__9__Slow.o Vtestharness__Trace__9__Slow.cpp
/esat/studscratch/r1015498/Thesis/original_snax/snax_cluster/.pixi/envs/default/bin/x86_64-conda-linux-gnu-c++  -fvisibility-inlines-hidden -fmessage-length=0 -march=nocona -mtune=haswell -ftree-vectorize -fPIC -fstack-protector-strong -fno-plt -O2 -ffunction-sections -pipe -isystem /pixi/.pixi/envs/default/include -DNDEBUG -D_FORTIFY_SOURCE=2 -O2 -isystem /pixi/.pixi/envs/default/include -I.  -MMD -I/esat/studscratch/r1015498/Thesis/original_snax/snax_cluster/.pixi/envs/default/share/verilator/include -I/esat/studscratch/r1015498/Thesis/original_snax/snax_cluster/.pixi/envs/default/share/verilator/include/vltstd -DVM_COVERAGE=0 -DVM_SC=0 -DVM_TIMING=0 -DVM_TRACE=1 -DVM_TRACE_FST=0 -DVM_TRACE_VCD=1 -faligned-new -fcf-protection=none -Wno-bool-operation -Wno-shadow -Wno-sign-compare -Wno-subobject-linkage -Wno-tautological-compare -Wno-uninitialized -Wno-unused-but-set-parameter -Wno-unused-but-set-variable -Wno-unused-parameter -Wno-unused-variable      -include Vtestharness__pch.h.slow -c -o Vtestharness__Trace__10__Slow.o Vtestharness__Trace__10__Slow.cpp
/esat/studscratch/r1015498/Thesis/original_snax/snax_cluster/.pixi/envs/default/bin/x86_64-conda-linux-gnu-c++  -fvisibility-inlines-hidden -fmessage-length=0 -march=nocona -mtune=haswell -ftree-vectorize -fPIC -fstack-protector-strong -fno-plt -O2 -ffunction-sections -pipe -isystem /pixi/.pixi/envs/default/include -DNDEBUG -D_FORTIFY_SOURCE=2 -O2 -isystem /pixi/.pixi/envs/default/include -I.  -MMD -I/esat/studscratch/r1015498/Thesis/original_snax/snax_cluster/.pixi/envs/default/share/verilator/include -I/esat/studscratch/r1015498/Thesis/original_snax/snax_cluster/.pixi/envs/default/share/verilator/include/vltstd -DVM_COVERAGE=0 -DVM_SC=0 -DVM_TIMING=0 -DVM_TRACE=1 -DVM_TRACE_FST=0 -DVM_TRACE_VCD=1 -faligned-new -fcf-protection=none -Wno-bool-operation -Wno-shadow -Wno-sign-compare -Wno-subobject-linkage -Wno-tautological-compare -Wno-uninitialized -Wno-unused-but-set-parameter -Wno-unused-but-set-variable -Wno-unused-parameter -Wno-unused-variable      -include Vtestharness__pch.h.slow -c -o Vtestharness__Trace__11__Slow.o Vtestharness__Trace__11__Slow.cpp
/esat/studscratch/r1015498/Thesis/original_snax/snax_cluster/.pixi/envs/default/bin/x86_64-conda-linux-gnu-c++  -fvisibility-inlines-hidden -fmessage-length=0 -march=nocona -mtune=haswell -ftree-vectorize -fPIC -fstack-protector-strong -fno-plt -O2 -ffunction-sections -pipe -isystem /pixi/.pixi/envs/default/include -DNDEBUG -D_FORTIFY_SOURCE=2 -O2 -isystem /pixi/.pixi/envs/default/include -I.  -MMD -I/esat/studscratch/r1015498/Thesis/original_snax/snax_cluster/.pixi/envs/default/share/verilator/include -I/esat/studscratch/r1015498/Thesis/original_snax/snax_cluster/.pixi/envs/default/share/verilator/include/vltstd -DVM_COVERAGE=0 -DVM_SC=0 -DVM_TIMING=0 -DVM_TRACE=1 -DVM_TRACE_FST=0 -DVM_TRACE_VCD=1 -faligned-new -fcf-protection=none -Wno-bool-operation -Wno-shadow -Wno-sign-compare -Wno-subobject-linkage -Wno-tautological-compare -Wno-uninitialized -Wno-unused-but-set-parameter -Wno-unused-but-set-variable -Wno-unused-parameter -Wno-unused-variable      -include Vtestharness__pch.h.slow -c -o Vtestharness__Trace__12__Slow.o Vtestharness__Trace__12__Slow.cpp
/esat/studscratch/r1015498/Thesis/original_snax/snax_cluster/.pixi/envs/default/bin/x86_64-conda-linux-gnu-c++  -fvisibility-inlines-hidden -fmessage-length=0 -march=nocona -mtune=haswell -ftree-vectorize -fPIC -fstack-protector-strong -fno-plt -O2 -ffunction-sections -pipe -isystem /pixi/.pixi/envs/default/include -DNDEBUG -D_FORTIFY_SOURCE=2 -O2 -isystem /pixi/.pixi/envs/default/include -I.  -MMD -I/esat/studscratch/r1015498/Thesis/original_snax/snax_cluster/.pixi/envs/default/share/verilator/include -I/esat/studscratch/r1015498/Thesis/original_snax/snax_cluster/.pixi/envs/default/share/verilator/include/vltstd -DVM_COVERAGE=0 -DVM_SC=0 -DVM_TIMING=0 -DVM_TRACE=1 -DVM_TRACE_FST=0 -DVM_TRACE_VCD=1 -faligned-new -fcf-protection=none -Wno-bool-operation -Wno-shadow -Wno-sign-compare -Wno-subobject-linkage -Wno-tautological-compare -Wno-uninitialized -Wno-unused-but-set-parameter -Wno-unused-but-set-variable -Wno-unused-parameter -Wno-unused-variable      -include Vtestharness__pch.h.slow -c -o Vtestharness__Trace__13__Slow.o Vtestharness__Trace__13__Slow.cpp
/esat/studscratch/r1015498/Thesis/original_snax/snax_cluster/.pixi/envs/default/bin/x86_64-conda-linux-gnu-c++  -fvisibility-inlines-hidden -fmessage-length=0 -march=nocona -mtune=haswell -ftree-vectorize -fPIC -fstack-protector-strong -fno-plt -O2 -ffunction-sections -pipe -isystem /pixi/.pixi/envs/default/include -DNDEBUG -D_FORTIFY_SOURCE=2 -O2 -isystem /pixi/.pixi/envs/default/include -I.  -MMD -I/esat/studscratch/r1015498/Thesis/original_snax/snax_cluster/.pixi/envs/default/share/verilator/include -I/esat/studscratch/r1015498/Thesis/original_snax/snax_cluster/.pixi/envs/default/share/verilator/include/vltstd -DVM_COVERAGE=0 -DVM_SC=0 -DVM_TIMING=0 -DVM_TRACE=1 -DVM_TRACE_FST=0 -DVM_TRACE_VCD=1 -faligned-new -fcf-protection=none -Wno-bool-operation -Wno-shadow -Wno-sign-compare -Wno-subobject-linkage -Wno-tautological-compare -Wno-uninitialized -Wno-unused-but-set-parameter -Wno-unused-but-set-variable -Wno-unused-parameter -Wno-unused-variable      -include Vtestharness__pch.h.slow -c -o Vtestharness__Trace__14__Slow.o Vtestharness__Trace__14__Slow.cpp
/esat/studscratch/r1015498/Thesis/original_snax/snax_cluster/.pixi/envs/default/bin/x86_64-conda-linux-gnu-c++  -fvisibility-inlines-hidden -fmessage-length=0 -march=nocona -mtune=haswell -ftree-vectorize -fPIC -fstack-protector-strong -fno-plt -O2 -ffunction-sections -pipe -isystem /pixi/.pixi/envs/default/include -DNDEBUG -D_FORTIFY_SOURCE=2 -O2 -isystem /pixi/.pixi/envs/default/include -I.  -MMD -I/esat/studscratch/r1015498/Thesis/original_snax/snax_cluster/.pixi/envs/default/share/verilator/include -I/esat/studscratch/r1015498/Thesis/original_snax/snax_cluster/.pixi/envs/default/share/verilator/include/vltstd -DVM_COVERAGE=0 -DVM_SC=0 -DVM_TIMING=0 -DVM_TRACE=1 -DVM_TRACE_FST=0 -DVM_TRACE_VCD=1 -faligned-new -fcf-protection=none -Wno-bool-operation -Wno-shadow -Wno-sign-compare -Wno-subobject-linkage -Wno-tautological-compare -Wno-uninitialized -Wno-unused-but-set-parameter -Wno-unused-but-set-variable -Wno-unused-parameter -Wno-unused-variable      -include Vtestharness__pch.h.slow -c -o Vtestharness__Trace__15__Slow.o Vtestharness__Trace__15__Slow.cpp
/esat/studscratch/r1015498/Thesis/original_snax/snax_cluster/.pixi/envs/default/bin/x86_64-conda-linux-gnu-c++  -fvisibility-inlines-hidden -fmessage-length=0 -march=nocona -mtune=haswell -ftree-vectorize -fPIC -fstack-protector-strong -fno-plt -O2 -ffunction-sections -pipe -isystem /pixi/.pixi/envs/default/include -DNDEBUG -D_FORTIFY_SOURCE=2 -O2 -isystem /pixi/.pixi/envs/default/include -I.  -MMD -I/esat/studscratch/r1015498/Thesis/original_snax/snax_cluster/.pixi/envs/default/share/verilator/include -I/esat/studscratch/r1015498/Thesis/original_snax/snax_cluster/.pixi/envs/default/share/verilator/include/vltstd -DVM_COVERAGE=0 -DVM_SC=0 -DVM_TIMING=0 -DVM_TRACE=1 -DVM_TRACE_FST=0 -DVM_TRACE_VCD=1 -faligned-new -fcf-protection=none -Wno-bool-operation -Wno-shadow -Wno-sign-compare -Wno-subobject-linkage -Wno-tautological-compare -Wno-uninitialized -Wno-unused-but-set-parameter -Wno-unused-but-set-variable -Wno-unused-parameter -Wno-unused-variable      -include Vtestharness__pch.h.slow -c -o Vtestharness__Trace__16__Slow.o Vtestharness__Trace__16__Slow.cpp
rm libVtestharness.verilator_deplist.tmp Vtestharness__ALL.verilator_deplist.tmp libverilated.verilator_deplist.tmp
make[1]: Leaving directory '/esat/studscratch/r1015498/Thesis/original_snax/snax_cluster/target/snitch_cluster/work-vlt'
- V e r i l a t i o n   R e p o r t: Verilator 5.034 2025-02-24 rev conda-forge build 0
- Verilator: Built from 1902.602 MB sources in 693 modules, into 187.779 MB in 190 C++ files needing 0.363 MB
- Verilator: Walltime 245.146 s (elab=3.071, cvt=42.979, bld=195.633); cpu 60.722 s on 36 threads; alloced 1339.082 MB
touch work-vlt/Vtestharness__ALL.a
mkdir -p work-vlt/tb/
mkdir -p work-vlt/tb/
mkdir -p work-vlt/tb/
mkdir -p work-vlt/tb/
mkdir -p work-vlt/tb/
/pixi/.pixi/envs/default/bin/x86_64-conda-linux-gnu-c++ -fvisibility-inlines-hidden -fmessage-length=0 -march=nocona -mtune=haswell -ftree-vectorize -fPIC -fstack-protector-strong -fno-plt -O2 -ffunction-sections -pipe -isystem /pixi/.pixi/envs/default/include -std=c++20 -pthread -latomic -I work-vlt -I /pixi/.pixi/envs/default/share/verilator/include -I /pixi/.pixi/envs/default/share/verilator/include/vltstd -I work-vlt/riscv-isa-sim/include -I /esat/studscratch/r1015498/Thesis/original_snax/snax_cluster/target/snitch_cluster/../../target/common/test -I /esat/studscratch/r1015498/Thesis/original_snax/snax_cluster/target/snitch_cluster//test -c /esat/studscratch/r1015498/Thesis/original_snax/snax_cluster/target/snitch_cluster/../../target/common/test/bootrom.cc -o work-vlt/tb/bootrom.o
/pixi/.pixi/envs/default/bin/x86_64-conda-linux-gnu-c++ -fvisibility-inlines-hidden -fmessage-length=0 -march=nocona -mtune=haswell -ftree-vectorize -fPIC -fstack-protector-strong -fno-plt -O2 -ffunction-sections -pipe -isystem /pixi/.pixi/envs/default/include -std=c++20 -pthread -latomic -I work-vlt -I /pixi/.pixi/envs/default/share/verilator/include -I /pixi/.pixi/envs/default/share/verilator/include/vltstd -I work-vlt/riscv-isa-sim/include -I /esat/studscratch/r1015498/Thesis/original_snax/snax_cluster/target/snitch_cluster/../../target/common/test -I /esat/studscratch/r1015498/Thesis/original_snax/snax_cluster/target/snitch_cluster//test -c /esat/studscratch/r1015498/Thesis/original_snax/snax_cluster/target/snitch_cluster/../../target/common/test/ipc.cc -o work-vlt/tb/ipc.o
/pixi/.pixi/envs/default/bin/x86_64-conda-linux-gnu-c++ -fvisibility-inlines-hidden -fmessage-length=0 -march=nocona -mtune=haswell -ftree-vectorize -fPIC -fstack-protector-strong -fno-plt -O2 -ffunction-sections -pipe -isystem /pixi/.pixi/envs/default/include -std=c++20 -pthread -latomic -I work-vlt -I /pixi/.pixi/envs/default/share/verilator/include -I /pixi/.pixi/envs/default/share/verilator/include/vltstd -I work-vlt/riscv-isa-sim/include -I /esat/studscratch/r1015498/Thesis/original_snax/snax_cluster/target/snitch_cluster/../../target/common/test -I /esat/studscratch/r1015498/Thesis/original_snax/snax_cluster/target/snitch_cluster//test -c /esat/studscratch/r1015498/Thesis/original_snax/snax_cluster/target/snitch_cluster/../../target/common/test/common_lib.cc -o work-vlt/tb/common_lib.o
/pixi/.pixi/envs/default/bin/x86_64-conda-linux-gnu-c++ -fvisibility-inlines-hidden -fmessage-length=0 -march=nocona -mtune=haswell -ftree-vectorize -fPIC -fstack-protector-strong -fno-plt -O2 -ffunction-sections -pipe -isystem /pixi/.pixi/envs/default/include -std=c++20 -pthread -latomic -I work-vlt -I /pixi/.pixi/envs/default/share/verilator/include -I /pixi/.pixi/envs/default/share/verilator/include/vltstd -I work-vlt/riscv-isa-sim/include -I /esat/studscratch/r1015498/Thesis/original_snax/snax_cluster/target/snitch_cluster/../../target/common/test -I /esat/studscratch/r1015498/Thesis/original_snax/snax_cluster/target/snitch_cluster//test -c /esat/studscratch/r1015498/Thesis/original_snax/snax_cluster/target/snitch_cluster/../../target/common/test/verilator_lib.cc -o work-vlt/tb/verilator_lib.o
/pixi/.pixi/envs/default/bin/x86_64-conda-linux-gnu-c++ -fvisibility-inlines-hidden -fmessage-length=0 -march=nocona -mtune=haswell -ftree-vectorize -fPIC -fstack-protector-strong -fno-plt -O2 -ffunction-sections -pipe -isystem /pixi/.pixi/envs/default/include -std=c++20 -pthread -latomic -I work-vlt -I /pixi/.pixi/envs/default/share/verilator/include -I /pixi/.pixi/envs/default/share/verilator/include/vltstd -I work-vlt/riscv-isa-sim/include -I /esat/studscratch/r1015498/Thesis/original_snax/snax_cluster/target/snitch_cluster/../../target/common/test -I /esat/studscratch/r1015498/Thesis/original_snax/snax_cluster/target/snitch_cluster//test -c /esat/studscratch/r1015498/Thesis/original_snax/snax_cluster/target/snitch_cluster/../../target/common/test/tb_bin.cc -o work-vlt/tb/tb_bin.o
mkdir -p bin/
/pixi/.pixi/envs/default/bin/x86_64-conda-linux-gnu-c++ -Wl,-O2 -Wl,--sort-common -Wl,--as-needed -Wl,-z,relro -Wl,-z,now -Wl,--disable-new-dtags -Wl,--gc-sections -Wl,--allow-shlib-undefined -Wl,-rpath,/pixi/.pixi/envs/default/lib -Wl,-rpath-link,/pixi/.pixi/envs/default/lib -L/pixi/.pixi/envs/default/lib -std=c++20 -pthread -latomic -L work-vlt/lib -o bin/snitch_cluster.vlt work-vlt/tb/bootrom.o work-vlt/tb/ipc.o work-vlt/tb/common_lib.o work-vlt/tb/verilator_lib.o work-vlt/tb/tb_bin.o work-vlt/vlt/verilated.o work-vlt/vlt/verilated_dpi.o work-vlt/vlt/verilated_vcd_c.o work-vlt/vlt/verilated_timing.o work-vlt/vlt/verilated_threads.o work-vlt/generated/bootdata.o work-vlt/Vtestharness__ALL.a -lfesvr 
make: Leaving directory '/esat/studscratch/r1015498/Thesis/original_snax/snax_cluster/target/snitch_cluster'
