=== SNAXGEN BENDER TARGETS ===
=== RTL GEN ===
make: Entering directory '/esat/studscratch/r1015498/Thesis/original_snax/snax_cluster/target/snitch_cluster'
-------------------------------------------------------------
Generating streamers, CSR managers, wrappers, and testharness
-------------------------------------------------------------
/esat/studscratch/r1015498/Thesis/original_snax/snax_cluster/target/snitch_cluster/../../util/snaxgen/snaxgen.py --cfg_path="/esat/studscratch/r1015498/Thesis/original_snax/snax_cluster/target/snitch_cluster/cfg/snax_dual_versacore_int16x4_multidim_spatial_k8_8x4_4lane.hjson" \
	--tpl_path="/esat/studscratch/r1015498/Thesis/original_snax/snax_cluster/target/snitch_cluster/../../hw/templates/" \
	--test_path="/esat/studscratch/r1015498/Thesis/original_snax/snax_cluster/target/snitch_cluster/../../target/snitch_cluster/test/" \
	--chisel_path="/esat/studscratch/r1015498/Thesis/original_snax/snax_cluster/target/snitch_cluster/../../hw/chisel/" \
	--bypass_accgen="false" \
	--disable_header_gen="false" \
	--gen_path="/esat/studscratch/r1015498/Thesis/original_snax/snax_cluster/target/snitch_cluster/generated/"
[info] welcome to sbt 1.11.3 (N/A Java 23.0.2-internal)
[info] loading settings for project chisel-build from plugins.sbt...
[info] loading project definition from /esat/studscratch/r1015498/Thesis/original_snax/snax_cluster/hw/chisel/project
[info] loading settings for project root from build.sbt...
2026-05-06 00:59:27,694 pool-4-thread-30 ERROR Could not reconfigure JMX java.lang.NullPointerException
	at java.base/java.util.Objects.requireNonNull(Objects.java:220)
	at java.base/sun.nio.fs.UnixFileSystem.getPath(UnixFileSystem.java:296)
	at java.base/java.nio.file.Path.of(Path.java:148)
	at java.base/java.nio.file.Paths.get(Paths.java:69)
	at java.base/jdk.internal.platform.CgroupUtil.lambda$readStringValue$1(CgroupUtil.java:67)
	at java.base/java.security.AccessController.doPrivileged(AccessController.java:571)
	at java.base/jdk.internal.platform.CgroupUtil.readStringValue(CgroupUtil.java:69)
	at java.base/jdk.internal.platform.CgroupSubsystemController.getStringValue(CgroupSubsystemController.java:65)
	at java.base/jdk.internal.platform.CgroupSubsystemController.getLongValue(CgroupSubsystemController.java:124)
	at java.base/jdk.internal.platform.cgroupv1.CgroupV1Subsystem.getLongValue(CgroupV1Subsystem.java:190)
	at java.base/jdk.internal.platform.cgroupv1.CgroupV1Subsystem.getHierarchical(CgroupV1Subsystem.java:160)
	at java.base/jdk.internal.platform.cgroupv1.CgroupV1Subsystem.initSubSystem(CgroupV1Subsystem.java:85)
	at java.base/jdk.internal.platform.cgroupv1.CgroupV1Subsystem.getInstance(CgroupV1Subsystem.java:61)
	at java.base/jdk.internal.platform.CgroupSubsystemFactory.create(CgroupSubsystemFactory.java:119)
	at java.base/jdk.internal.platform.CgroupSubsystemFactory.create(CgroupSubsystemFactory.java:89)
	at java.base/jdk.internal.platform.CgroupMetrics.getInstance(CgroupMetrics.java:193)
	at java.base/jdk.internal.platform.SystemMetrics.instance(SystemMetrics.java:29)
	at java.base/jdk.internal.platform.Metrics.systemMetrics(Metrics.java:58)
	at java.base/jdk.internal.platform.Container.metrics(Container.java:43)
	at jdk.management/com.sun.management.internal.OperatingSystemImpl.<init>(OperatingSystemImpl.java:175)
	at jdk.management/com.sun.management.internal.PlatformMBeanProviderImpl.getOperatingSystemMXBean(PlatformMBeanProviderImpl.java:280)
	at jdk.management/com.sun.management.internal.PlatformMBeanProviderImpl$3.nameToMBeanMap(PlatformMBeanProviderImpl.java:199)
	at java.management/java.lang.management.ManagementFactory.lambda$getPlatformMBeanServer$0(ManagementFactory.java:491)
	at java.base/java.util.stream.ReferencePipeline$7$1FlatMap.accept(ReferencePipeline.java:289)
	at java.base/java.util.stream.ReferencePipeline$2$1.accept(ReferencePipeline.java:197)
	at java.base/java.util.HashMap$ValueSpliterator.forEachRemaining(HashMap.java:1788)
	at java.base/java.util.stream.AbstractPipeline.copyInto(AbstractPipeline.java:570)
	at java.base/java.util.stream.AbstractPipeline.wrapAndCopyInto(AbstractPipeline.java:560)
	at java.base/java.util.stream.ForEachOps$ForEachOp.evaluateSequential(ForEachOps.java:151)
	at java.base/java.util.stream.ForEachOps$ForEachOp$OfRef.evaluateSequential(ForEachOps.java:174)
	at java.base/java.util.stream.AbstractPipeline.evaluate(AbstractPipeline.java:265)
	at java.base/java.util.stream.ReferencePipeline.forEach(ReferencePipeline.java:636)
	at java.management/java.lang.management.ManagementFactory.getPlatformMBeanServer(ManagementFactory.java:492)
	at org.apache.logging.log4j.core.jmx.Server.reregisterMBeansAfterReconfigure(Server.java:140)
	at org.apache.logging.log4j.core.LoggerContext.setConfiguration(LoggerContext.java:637)
	at org.apache.logging.log4j.core.LoggerContext.reconfigure(LoggerContext.java:699)
	at org.apache.logging.log4j.core.LoggerContext.reconfigure(LoggerContext.java:716)
	at org.apache.logging.log4j.core.LoggerContext.start(LoggerContext.java:270)
	at org.apache.logging.log4j.core.impl.Log4jContextFactory.getContext(Log4jContextFactory.java:155)
	at org.apache.logging.log4j.core.impl.Log4jContextFactory.getContext(Log4jContextFactory.java:47)
	at org.apache.logging.log4j.LogManager.getContext(LogManager.java:196)
	at org.apache.logging.log4j.spi.AbstractLoggerAdapter.getContext(AbstractLoggerAdapter.java:137)
	at org.apache.logging.slf4j.Log4jLoggerFactory.getContext(Log4jLoggerFactory.java:55)
	at org.apache.logging.log4j.spi.AbstractLoggerAdapter.getLogger(AbstractLoggerAdapter.java:47)
	at org.apache.logging.slf4j.Log4jLoggerFactory.getLogger(Log4jLoggerFactory.java:33)
	at org.slf4j.LoggerFactory.getLogger(LoggerFactory.java:363)
	at org.slf4j.LoggerFactory.getLogger(LoggerFactory.java:388)
	at org.eclipse.jgit.util.FS.<clinit>(FS.java:89)
	at scalafix.internal.sbt.JGitCompletion.<init>(JGitCompletions.scala:19)
	at scalafix.internal.sbt.ScalafixCompletions.gitDiffParser$lzycompute(ScalafixCompletions.scala:99)
	at scalafix.internal.sbt.ScalafixCompletions.gitDiffParser(ScalafixCompletions.scala:98)
	at scalafix.internal.sbt.ScalafixCompletions.parser(ScalafixCompletions.scala:166)
	at scalafix.sbt.ScalafixPlugin$.$anonfun$scalafixInputTask$1(ScalafixPlugin.scala:349)
	at scala.Function1.$anonfun$compose$1(Function1.scala:49)
	at scala.Function1.$anonfun$compose$1(Function1.scala:49)
	at sbt.internal.util.EvaluateSettings$MixedNode.evaluate0(INode.scala:229)
	at sbt.internal.util.EvaluateSettings$INode.evaluate(INode.scala:171)
	at sbt.internal.util.EvaluateSettings.$anonfun$submitEvaluate$1(INode.scala:88)
	at sbt.internal.util.EvaluateSettings.sbt$internal$util$EvaluateSettings$$run0(INode.scala:100)
	at sbt.internal.util.EvaluateSettings$$anon$3.run(INode.scala:95)
	at java.base/java.util.concurrent.ThreadPoolExecutor.runWorker(ThreadPoolExecutor.java:1144)
	at java.base/java.util.concurrent.ThreadPoolExecutor$Worker.run(ThreadPoolExecutor.java:642)
	at java.base/java.lang.Thread.run(Thread.java:1575)

[info] set current project to snax-streamer (in build file:/esat/studscratch/r1015498/Thesis/original_snax/snax_cluster/hw/chisel/)
[info] running snax.reqRspManager.ReqRspManagerGen /esat/studscratch/r1015498/Thesis/original_snax/snax_cluster/target/snitch_cluster/generated/snax_dual_versacore_swiglu/
[[33mwarn[0m] src/main/scala/snax/reqRspManager/ReqRspManager.scala 130:13: [W004] Dynamic index with width 33 is too wide for Vec of size 23 (expected index width 5).
[[33mwarn[0m]         regs(BaseAddr + i.U) := (regs(BaseAddr + i.U) & ~mask) | (datas(i) & mask)
[[33mwarn[0m]             ^
[[33mwarn[0m] src/main/scala/snax/reqRspManager/ReqRspManager.scala 130:38: [W004] Dynamic index with width 33 is too wide for Vec of size 23 (expected index width 5).
[[33mwarn[0m]         regs(BaseAddr + i.U) := (regs(BaseAddr + i.U) & ~mask) | (datas(i) & mask)
[[33mwarn[0m]                                      ^
[[33mwarn[0m] src/main/scala/snax/reqRspManager/ReqRspManager.scala 170:48: [W004] Dynamic index with width 32 is too wide for Vec of size 25 (expected index width 5).
[[33mwarn[0m]     io.reqRspIO.rsp.bits.data   := allRegisters(io.reqRspIO.req.bits.addr)
[[33mwarn[0m]                                                ^
[[33mwarn[0m] There were [33m3 warning(s)[0m during hardware elaboration.
[success] Total time: 5 s, completed May 6, 2026, 12:59:32 AM
[info] welcome to sbt 1.11.3 (N/A Java 23.0.2-internal)
[info] loading settings for project chisel-build from plugins.sbt...
[info] loading project definition from /esat/studscratch/r1015498/Thesis/original_snax/snax_cluster/hw/chisel/project
[info] loading settings for project root from build.sbt...
2026-05-06 00:59:38,724 pool-4-thread-12 ERROR Could not reconfigure JMX java.lang.NullPointerException
	at java.base/java.util.Objects.requireNonNull(Objects.java:220)
	at java.base/sun.nio.fs.UnixFileSystem.getPath(UnixFileSystem.java:296)
	at java.base/java.nio.file.Path.of(Path.java:148)
	at java.base/java.nio.file.Paths.get(Paths.java:69)
	at java.base/jdk.internal.platform.CgroupUtil.lambda$readStringValue$1(CgroupUtil.java:67)
	at java.base/java.security.AccessController.doPrivileged(AccessController.java:571)
	at java.base/jdk.internal.platform.CgroupUtil.readStringValue(CgroupUtil.java:69)
	at java.base/jdk.internal.platform.CgroupSubsystemController.getStringValue(CgroupSubsystemController.java:65)
	at java.base/jdk.internal.platform.CgroupSubsystemController.getLongValue(CgroupSubsystemController.java:124)
	at java.base/jdk.internal.platform.cgroupv1.CgroupV1Subsystem.getLongValue(CgroupV1Subsystem.java:190)
	at java.base/jdk.internal.platform.cgroupv1.CgroupV1Subsystem.getHierarchical(CgroupV1Subsystem.java:160)
	at java.base/jdk.internal.platform.cgroupv1.CgroupV1Subsystem.initSubSystem(CgroupV1Subsystem.java:85)
	at java.base/jdk.internal.platform.cgroupv1.CgroupV1Subsystem.getInstance(CgroupV1Subsystem.java:61)
	at java.base/jdk.internal.platform.CgroupSubsystemFactory.create(CgroupSubsystemFactory.java:119)
	at java.base/jdk.internal.platform.CgroupSubsystemFactory.create(CgroupSubsystemFactory.java:89)
	at java.base/jdk.internal.platform.CgroupMetrics.getInstance(CgroupMetrics.java:193)
	at java.base/jdk.internal.platform.SystemMetrics.instance(SystemMetrics.java:29)
	at java.base/jdk.internal.platform.Metrics.systemMetrics(Metrics.java:58)
	at java.base/jdk.internal.platform.Container.metrics(Container.java:43)
	at jdk.management/com.sun.management.internal.OperatingSystemImpl.<init>(OperatingSystemImpl.java:175)
	at jdk.management/com.sun.management.internal.PlatformMBeanProviderImpl.getOperatingSystemMXBean(PlatformMBeanProviderImpl.java:280)
	at jdk.management/com.sun.management.internal.PlatformMBeanProviderImpl$3.nameToMBeanMap(PlatformMBeanProviderImpl.java:199)
	at java.management/java.lang.management.ManagementFactory.lambda$getPlatformMBeanServer$0(ManagementFactory.java:491)
	at java.base/java.util.stream.ReferencePipeline$7$1FlatMap.accept(ReferencePipeline.java:289)
	at java.base/java.util.stream.ReferencePipeline$2$1.accept(ReferencePipeline.java:197)
	at java.base/java.util.HashMap$ValueSpliterator.forEachRemaining(HashMap.java:1788)
	at java.base/java.util.stream.AbstractPipeline.copyInto(AbstractPipeline.java:570)
	at java.base/java.util.stream.AbstractPipeline.wrapAndCopyInto(AbstractPipeline.java:560)
	at java.base/java.util.stream.ForEachOps$ForEachOp.evaluateSequential(ForEachOps.java:151)
	at java.base/java.util.stream.ForEachOps$ForEachOp$OfRef.evaluateSequential(ForEachOps.java:174)
	at java.base/java.util.stream.AbstractPipeline.evaluate(AbstractPipeline.java:265)
	at java.base/java.util.stream.ReferencePipeline.forEach(ReferencePipeline.java:636)
	at java.management/java.lang.management.ManagementFactory.getPlatformMBeanServer(ManagementFactory.java:492)
	at org.apache.logging.log4j.core.jmx.Server.reregisterMBeansAfterReconfigure(Server.java:140)
	at org.apache.logging.log4j.core.LoggerContext.setConfiguration(LoggerContext.java:637)
	at org.apache.logging.log4j.core.LoggerContext.reconfigure(LoggerContext.java:699)
	at org.apache.logging.log4j.core.LoggerContext.reconfigure(LoggerContext.java:716)
	at org.apache.logging.log4j.core.LoggerContext.start(LoggerContext.java:270)
	at org.apache.logging.log4j.core.impl.Log4jContextFactory.getContext(Log4jContextFactory.java:155)
	at org.apache.logging.log4j.core.impl.Log4jContextFactory.getContext(Log4jContextFactory.java:47)
	at org.apache.logging.log4j.LogManager.getContext(LogManager.java:196)
	at org.apache.logging.log4j.spi.AbstractLoggerAdapter.getContext(AbstractLoggerAdapter.java:137)
	at org.apache.logging.slf4j.Log4jLoggerFactory.getContext(Log4jLoggerFactory.java:55)
	at org.apache.logging.log4j.spi.AbstractLoggerAdapter.getLogger(AbstractLoggerAdapter.java:47)
	at org.apache.logging.slf4j.Log4jLoggerFactory.getLogger(Log4jLoggerFactory.java:33)
	at org.slf4j.LoggerFactory.getLogger(LoggerFactory.java:363)
	at org.slf4j.LoggerFactory.getLogger(LoggerFactory.java:388)
	at org.eclipse.jgit.util.FS.<clinit>(FS.java:89)
	at scalafix.internal.sbt.JGitCompletion.<init>(JGitCompletions.scala:19)
	at scalafix.internal.sbt.ScalafixCompletions.gitDiffParser$lzycompute(ScalafixCompletions.scala:99)
	at scalafix.internal.sbt.ScalafixCompletions.gitDiffParser(ScalafixCompletions.scala:98)
	at scalafix.internal.sbt.ScalafixCompletions.parser(ScalafixCompletions.scala:166)
	at scalafix.sbt.ScalafixPlugin$.$anonfun$scalafixAllInputTask$1(ScalafixPlugin.scala:305)
	at scala.Function1.$anonfun$compose$1(Function1.scala:49)
	at scala.Function1.$anonfun$compose$1(Function1.scala:49)
	at sbt.internal.util.EvaluateSettings$MixedNode.evaluate0(INode.scala:229)
	at sbt.internal.util.EvaluateSettings$INode.evaluate(INode.scala:171)
	at sbt.internal.util.EvaluateSettings.$anonfun$submitEvaluate$1(INode.scala:88)
	at sbt.internal.util.EvaluateSettings.sbt$internal$util$EvaluateSettings$$run0(INode.scala:100)
	at sbt.internal.util.EvaluateSettings$$anon$3.run(INode.scala:95)
	at java.base/java.util.concurrent.ThreadPoolExecutor.runWorker(ThreadPoolExecutor.java:1144)
	at java.base/java.util.concurrent.ThreadPoolExecutor$Worker.run(ThreadPoolExecutor.java:642)
	at java.base/java.lang.Thread.run(Thread.java:1575)

[info] set current project to snax-streamer (in build file:/esat/studscratch/r1015498/Thesis/original_snax/snax_cluster/hw/chisel/)
[info] running snax.streamer.StreamerGen --streamercfg {} --hw-target-dir /esat/studscratch/r1015498/Thesis/original_snax/snax_cluster/target/snitch_cluster/generated/snax_dual_versacore_swiglu/
[[33mwarn[0m] src/main/scala/snax/reqRspManager/ReqRspManager.scala 130:13: [W004] Dynamic index with width 33 is too wide for Vec of size 73 (expected index width 7).
[[33mwarn[0m]         regs(BaseAddr + i.U) := (regs(BaseAddr + i.U) & ~mask) | (datas(i) & mask)
[[33mwarn[0m]             ^
[[33mwarn[0m] src/main/scala/snax/reqRspManager/ReqRspManager.scala 130:38: [W004] Dynamic index with width 33 is too wide for Vec of size 73 (expected index width 7).
[[33mwarn[0m]         regs(BaseAddr + i.U) := (regs(BaseAddr + i.U) & ~mask) | (datas(i) & mask)
[[33mwarn[0m]                                      ^
[[33mwarn[0m] src/main/scala/snax/reqRspManager/ReqRspManager.scala 170:48: [W004] Dynamic index with width 32 is too wide for Vec of size 77 (expected index width 7).
[[33mwarn[0m]     io.reqRspIO.rsp.bits.data   := allRegisters(io.reqRspIO.req.bits.addr)
[[33mwarn[0m]                                                ^
[[33mwarn[0m] There were [33m3 warning(s)[0m during hardware elaboration.
[success] Total time: 6 s, completed May 6, 2026, 12:59:44 AM
[info] welcome to sbt 1.11.3 (N/A Java 23.0.2-internal)
[info] loading settings for project chisel_acc-build from plugins.sbt...
[info] loading project definition from /esat/studscratch/r1015498/Thesis/original_snax/snax_cluster/hw/chisel_acc/project
[info] loading settings for project root from build.sbt...
[info] loading settings for project chisel-float-build from plugins.sbt...
[info] loading project definition from /esat/studscratch/r1015498/Thesis/original_snax/snax_cluster/hw/chisel_acc/subprojects/chisel-float/project
[info] loading settings for project chiselFloat from build.sbt...
2026-05-06 00:59:51,456 pool-6-thread-20 ERROR Could not reconfigure JMX java.lang.NullPointerException
	at java.base/java.util.Objects.requireNonNull(Objects.java:220)
	at java.base/sun.nio.fs.UnixFileSystem.getPath(UnixFileSystem.java:296)
	at java.base/java.nio.file.Path.of(Path.java:148)
	at java.base/java.nio.file.Paths.get(Paths.java:69)
	at java.base/jdk.internal.platform.CgroupUtil.lambda$readStringValue$1(CgroupUtil.java:67)
	at java.base/java.security.AccessController.doPrivileged(AccessController.java:571)
	at java.base/jdk.internal.platform.CgroupUtil.readStringValue(CgroupUtil.java:69)
	at java.base/jdk.internal.platform.CgroupSubsystemController.getStringValue(CgroupSubsystemController.java:65)
	at java.base/jdk.internal.platform.CgroupSubsystemController.getLongValue(CgroupSubsystemController.java:124)
	at java.base/jdk.internal.platform.cgroupv1.CgroupV1Subsystem.getLongValue(CgroupV1Subsystem.java:190)
	at java.base/jdk.internal.platform.cgroupv1.CgroupV1Subsystem.getHierarchical(CgroupV1Subsystem.java:160)
	at java.base/jdk.internal.platform.cgroupv1.CgroupV1Subsystem.initSubSystem(CgroupV1Subsystem.java:85)
	at java.base/jdk.internal.platform.cgroupv1.CgroupV1Subsystem.getInstance(CgroupV1Subsystem.java:61)
	at java.base/jdk.internal.platform.CgroupSubsystemFactory.create(CgroupSubsystemFactory.java:119)
	at java.base/jdk.internal.platform.CgroupSubsystemFactory.create(CgroupSubsystemFactory.java:89)
	at java.base/jdk.internal.platform.CgroupMetrics.getInstance(CgroupMetrics.java:193)
	at java.base/jdk.internal.platform.SystemMetrics.instance(SystemMetrics.java:29)
	at java.base/jdk.internal.platform.Metrics.systemMetrics(Metrics.java:58)
	at java.base/jdk.internal.platform.Container.metrics(Container.java:43)
	at jdk.management/com.sun.management.internal.OperatingSystemImpl.<init>(OperatingSystemImpl.java:175)
	at jdk.management/com.sun.management.internal.PlatformMBeanProviderImpl.getOperatingSystemMXBean(PlatformMBeanProviderImpl.java:280)
	at jdk.management/com.sun.management.internal.PlatformMBeanProviderImpl$3.nameToMBeanMap(PlatformMBeanProviderImpl.java:199)
	at java.management/java.lang.management.ManagementFactory.lambda$getPlatformMBeanServer$0(ManagementFactory.java:491)
	at java.base/java.util.stream.ReferencePipeline$7$1FlatMap.accept(ReferencePipeline.java:289)
	at java.base/java.util.stream.ReferencePipeline$2$1.accept(ReferencePipeline.java:197)
	at java.base/java.util.HashMap$ValueSpliterator.forEachRemaining(HashMap.java:1788)
	at java.base/java.util.stream.AbstractPipeline.copyInto(AbstractPipeline.java:570)
	at java.base/java.util.stream.AbstractPipeline.wrapAndCopyInto(AbstractPipeline.java:560)
	at java.base/java.util.stream.ForEachOps$ForEachOp.evaluateSequential(ForEachOps.java:151)
	at java.base/java.util.stream.ForEachOps$ForEachOp$OfRef.evaluateSequential(ForEachOps.java:174)
	at java.base/java.util.stream.AbstractPipeline.evaluate(AbstractPipeline.java:265)
	at java.base/java.util.stream.ReferencePipeline.forEach(ReferencePipeline.java:636)
	at java.management/java.lang.management.ManagementFactory.getPlatformMBeanServer(ManagementFactory.java:492)
	at org.apache.logging.log4j.core.jmx.Server.reregisterMBeansAfterReconfigure(Server.java:140)
	at org.apache.logging.log4j.core.LoggerContext.setConfiguration(LoggerContext.java:637)
	at org.apache.logging.log4j.core.LoggerContext.reconfigure(LoggerContext.java:699)
	at org.apache.logging.log4j.core.LoggerContext.reconfigure(LoggerContext.java:716)
	at org.apache.logging.log4j.core.LoggerContext.start(LoggerContext.java:270)
	at org.apache.logging.log4j.core.impl.Log4jContextFactory.getContext(Log4jContextFactory.java:155)
	at org.apache.logging.log4j.core.impl.Log4jContextFactory.getContext(Log4jContextFactory.java:47)
	at org.apache.logging.log4j.LogManager.getContext(LogManager.java:196)
	at org.apache.logging.log4j.spi.AbstractLoggerAdapter.getContext(AbstractLoggerAdapter.java:137)
	at org.apache.logging.slf4j.Log4jLoggerFactory.getContext(Log4jLoggerFactory.java:55)
	at org.apache.logging.log4j.spi.AbstractLoggerAdapter.getLogger(AbstractLoggerAdapter.java:47)
	at org.apache.logging.slf4j.Log4jLoggerFactory.getLogger(Log4jLoggerFactory.java:33)
	at org.slf4j.LoggerFactory.getLogger(LoggerFactory.java:363)
	at org.slf4j.LoggerFactory.getLogger(LoggerFactory.java:388)
	at org.eclipse.jgit.util.FS.<clinit>(FS.java:89)
	at scalafix.internal.sbt.JGitCompletion.<init>(JGitCompletions.scala:19)
	at scalafix.internal.sbt.ScalafixCompletions.gitDiffParser$lzycompute(ScalafixCompletions.scala:99)
	at scalafix.internal.sbt.ScalafixCompletions.gitDiffParser(ScalafixCompletions.scala:98)
	at scalafix.internal.sbt.ScalafixCompletions.parser(ScalafixCompletions.scala:166)
	at scalafix.sbt.ScalafixPlugin$.$anonfun$scalafixAllInputTask$1(ScalafixPlugin.scala:305)
	at scala.Function1.$anonfun$compose$1(Function1.scala:49)
	at scala.Function1.$anonfun$compose$1(Function1.scala:49)
	at sbt.internal.util.EvaluateSettings$MixedNode.evaluate0(INode.scala:229)
	at sbt.internal.util.EvaluateSettings$INode.evaluate(INode.scala:171)
	at sbt.internal.util.EvaluateSettings.$anonfun$submitEvaluate$1(INode.scala:88)
	at sbt.internal.util.EvaluateSettings.sbt$internal$util$EvaluateSettings$$run0(INode.scala:100)
	at sbt.internal.util.EvaluateSettings$$anon$3.run(INode.scala:95)
	at java.base/java.util.concurrent.ThreadPoolExecutor.runWorker(ThreadPoolExecutor.java:1144)
	at java.base/java.util.concurrent.ThreadPoolExecutor$Worker.run(ThreadPoolExecutor.java:642)
	at java.base/java.lang.Thread.run(Thread.java:1575)

[info] set current project to snax-accelerators (in build file:/esat/studscratch/r1015498/Thesis/original_snax/snax_cluster/hw/chisel_acc/)
[info] running snax_acc.versacore.DualVersaCoreSwigluGen --versacoreCfg {"snax_acc_name":"snax_dual_versacore_swiglu","bender_target":["snax_dual_versacore_swiglu"],"snax_tcdm_ports":34,"sparse_interconnect_config":[[16,1],[8,1],[8,1],[1,1],[1,1]],"snax_num_rw_csr":23,"snax_num_ro_csr":2,"snax_versacore_mac_num":[256],"snax_versacore_input_a_element_width":[16],"snax_versacore_input_a_data_type":["SInt"],"snax_versacore_input_b_element_width":[4],"snax_versacore_input_b_data_type":["SInt"],"snax_versacore_input_c_element_width":[32],"snax_versacore_input_c_data_type":["SInt"],"snax_versacore_output_d_element_width":[32],"snax_versacore_output_d_data_type":["SInt"],"snax_versacore_array_input_a_width":1024,"snax_versacore_array_input_b_width":512,"snax_versacore_array_input_c_width":1024,"snax_versacore_array_output_d_width":1024,"snax_versacore_serial_a_width":1024,"snax_versacore_serial_b_width":512,"snax_versacore_serial_c_d_width":1024,"snax_versacore_adder_tree_delay":0,"snax_versacore_spatial_unrolling":[[[8,8,4],[4,8,8],[2,8,16]]],"snax_versacore_temporal_unrolling":["output_stationary"],"snax_dual_versacore_postproc_lanes":4,"snax_streamer_cfg":{"data_reader_params":{"spatial_bounds":[[2,8],[2,4],[2,4]],"temporal_dim":[6,4,4],"num_channel":[16,8,8],"fifo_depth":[8,8,8],"configurable_channel":[1,1,1],"tcdm_logic_word_size":[[256,128,64],[256,128,64],[256,128,64]]},"data_writer_params":{"spatial_bounds":[[1],[1]],"temporal_dim":[4,4],"num_channel":[1,1],"fifo_depth":[1,1],"configurable_channel":[1,1],"tcdm_logic_word_size":[[256,128,64],[256,128,64]]},"snax_library_name":"dual-versacore-swiglu"},"granularity_a":4,"granularity_b":2,"granularity_c_d":2,"tcdm_data_width":64,"tcdm_dma_data_width":512,"tcdm_depth":16384,"tcdm_num_banks":64,"tcdm_addr_width":23,"tag_name":"snax_dual_versacore_swiglu","streamer_csr_num":77} --hw-target-dir /esat/studscratch/r1015498/Thesis/original_snax/snax_cluster/target/snitch_cluster/generated/snax_dual_versacore_swiglu/
[[33mwarn[0m] src/main/scala/snax_acc/versacore/VersaCore.scala 131:21: [W004] Dynamic index with width 32 is too wide for Vec of size 1 (expected index width 0).
[[33mwarn[0m]     val dim = dimRom(dataTypeIdx)(dimIdx)
[[33mwarn[0m]                     ^
[[33mwarn[0m] src/main/scala/snax_acc/versacore/VersaCore.scala 131:34: [W004] Dynamic index with width 32 is too wide for Vec of size 3 (expected index width 2).
[[33mwarn[0m]     val dim = dimRom(dataTypeIdx)(dimIdx)
[[33mwarn[0m]                                  ^
[[33mwarn[0m] src/main/scala/snax_acc/versacore/VersaCore.scala 132:35: [W004] Dynamic index with width 32 is too wide for Vec of size 1 (expected index width 0).
[[33mwarn[0m]     dim(0) * dim(2) * elemWidthSeq(dataTypeIdx)
[[33mwarn[0m]                                   ^
[[33mwarn[0m] src/main/scala/snax_acc/versacore/VersaCore.scala 212:21: [W004] Dynamic index with width 32 is too wide for Vec of size 1 (expected index width 0).
[[33mwarn[0m]     val dim = dimRom(dataTypeIdx)(dimIdx)
[[33mwarn[0m]                     ^
[[33mwarn[0m] src/main/scala/snax_acc/versacore/VersaCore.scala 212:34: [W004] Dynamic index with width 32 is too wide for Vec of size 3 (expected index width 2).
[[33mwarn[0m]     val dim = dimRom(dataTypeIdx)(dimIdx)
[[33mwarn[0m]                                  ^
[[33mwarn[0m] src/main/scala/snax_acc/versacore/VersaCore.scala 213:35: [W004] Dynamic index with width 32 is too wide for Vec of size 1 (expected index width 0).
[[33mwarn[0m]     dim(0) * dim(1) * elemWidthSeq(dataTypeIdx)
[[33mwarn[0m]                                   ^
[[33mwarn[0m] src/main/scala/snax_acc/versacore/VersaCore.scala 241:21: [W004] Dynamic index with width 32 is too wide for Vec of size 1 (expected index width 0).
[[33mwarn[0m]     val dim = dimRom(dataTypeIdx)(dimIdx)
[[33mwarn[0m]                     ^
[[33mwarn[0m] src/main/scala/snax_acc/versacore/VersaCore.scala 241:34: [W004] Dynamic index with width 32 is too wide for Vec of size 3 (expected index width 2).
[[33mwarn[0m]     val dim = dimRom(dataTypeIdx)(dimIdx)
[[33mwarn[0m]                                  ^
[[33mwarn[0m] src/main/scala/snax_acc/versacore/VersaCore.scala 242:35: [W004] Dynamic index with width 32 is too wide for Vec of size 1 (expected index width 0).
[[33mwarn[0m]     dim(1) * dim(2) * elemWidthSeq(dataTypeIdx)
[[33mwarn[0m]                                   ^
[[33mwarn[0m] src/main/scala/snax_acc/versacore/Array.scala 185:21: [W004] Dynamic index with width 32 is too wide for Vec of size 1 (expected index width 0).
[[33mwarn[0m]     val dim = dimRom(dataTypeIdx)(dimIdx)
[[33mwarn[0m]                     ^
[[33mwarn[0m] src/main/scala/snax_acc/versacore/Array.scala 185:34: [W004] Dynamic index with width 32 is too wide for Vec of size 3 (expected index width 2).
[[33mwarn[0m]     val dim = dimRom(dataTypeIdx)(dimIdx)
[[33mwarn[0m]                                  ^
[[33mwarn[0m] src/main/scala/snax_acc/versacore/AdderTree.scala 95:19: [W004] Dynamic index with width 4 is too wide for Vec of size 4 (expected index width 2).
[[33mwarn[0m]   io.out := layers(realStageNum)
[[33mwarn[0m]                   ^
[[33mwarn[0m] There were [33m12 warning(s)[0m during hardware elaboration.
Copied resource: silu_out16_balanced_pkg.sv -> /esat/studscratch/r1015498/Thesis/original_snax/snax_cluster/target/snitch_cluster/generated/snax_dual_versacore_swiglu//silu_out16_balanced_pkg.sv
Copied resource: silu_multilane.sv -> /esat/studscratch/r1015498/Thesis/original_snax/snax_cluster/target/snitch_cluster/generated/snax_dual_versacore_swiglu//silu_multilane.sv
Copied resource: silu_top.sv -> /esat/studscratch/r1015498/Thesis/original_snax/snax_cluster/target/snitch_cluster/generated/snax_dual_versacore_swiglu//silu_top.sv
Copied resource: partition_detector.sv -> /esat/studscratch/r1015498/Thesis/original_snax/snax_cluster/target/snitch_cluster/generated/snax_dual_versacore_swiglu//partition_detector.sv
Copied resource: param_selector.sv -> /esat/studscratch/r1015498/Thesis/original_snax/snax_cluster/target/snitch_cluster/generated/snax_dual_versacore_swiglu//param_selector.sv
Copied resource: horner_stage.sv -> /esat/studscratch/r1015498/Thesis/original_snax/snax_cluster/target/snitch_cluster/generated/snax_dual_versacore_swiglu//horner_stage.sv
Copied resource: rescale_down_32to16.sv -> /esat/studscratch/r1015498/Thesis/original_snax/snax_cluster/target/snitch_cluster/generated/snax_dual_versacore_swiglu//rescale_down_32to16.sv
Copied resource: elem_mul_16b.sv -> /esat/studscratch/r1015498/Thesis/original_snax/snax_cluster/target/snitch_cluster/generated/snax_dual_versacore_swiglu//elem_mul_16b.sv
Generated wrapper file: /esat/studscratch/r1015498/Thesis/original_snax/snax_cluster/target/snitch_cluster/generated/snax_dual_versacore_swiglu/snax_dual_versacore_swiglu_shell_wrapper.sv
Generated header file: /esat/studscratch/r1015498/Thesis/original_snax/snax_cluster/target/snitch_cluster/generated/snax_dual_versacore_swiglu//../../sw/snax/dual-versacore-swiglu/include/snax_dual_versacore_stationarity.h
[success] Total time: 8 s, completed May 6, 2026, 12:59:59 AM
[info] welcome to sbt 1.11.3 (N/A Java 23.0.2-internal)
[info] loading settings for project chisel-build from plugins.sbt...
[info] loading project definition from /esat/studscratch/r1015498/Thesis/original_snax/snax_cluster/hw/chisel/project
[info] loading settings for project root from build.sbt...
2026-05-06 01:00:05,442 pool-4-thread-11 ERROR Could not reconfigure JMX java.lang.NullPointerException
	at java.base/java.util.Objects.requireNonNull(Objects.java:220)
	at java.base/sun.nio.fs.UnixFileSystem.getPath(UnixFileSystem.java:296)
	at java.base/java.nio.file.Path.of(Path.java:148)
	at java.base/java.nio.file.Paths.get(Paths.java:69)
	at java.base/jdk.internal.platform.CgroupUtil.lambda$readStringValue$1(CgroupUtil.java:67)
	at java.base/java.security.AccessController.doPrivileged(AccessController.java:571)
	at java.base/jdk.internal.platform.CgroupUtil.readStringValue(CgroupUtil.java:69)
	at java.base/jdk.internal.platform.CgroupSubsystemController.getStringValue(CgroupSubsystemController.java:65)
	at java.base/jdk.internal.platform.CgroupSubsystemController.getLongValue(CgroupSubsystemController.java:124)
	at java.base/jdk.internal.platform.cgroupv1.CgroupV1Subsystem.getLongValue(CgroupV1Subsystem.java:190)
	at java.base/jdk.internal.platform.cgroupv1.CgroupV1Subsystem.getHierarchical(CgroupV1Subsystem.java:160)
	at java.base/jdk.internal.platform.cgroupv1.CgroupV1Subsystem.initSubSystem(CgroupV1Subsystem.java:85)
	at java.base/jdk.internal.platform.cgroupv1.CgroupV1Subsystem.getInstance(CgroupV1Subsystem.java:61)
	at java.base/jdk.internal.platform.CgroupSubsystemFactory.create(CgroupSubsystemFactory.java:119)
	at java.base/jdk.internal.platform.CgroupSubsystemFactory.create(CgroupSubsystemFactory.java:89)
	at java.base/jdk.internal.platform.CgroupMetrics.getInstance(CgroupMetrics.java:193)
	at java.base/jdk.internal.platform.SystemMetrics.instance(SystemMetrics.java:29)
	at java.base/jdk.internal.platform.Metrics.systemMetrics(Metrics.java:58)
	at java.base/jdk.internal.platform.Container.metrics(Container.java:43)
	at jdk.management/com.sun.management.internal.OperatingSystemImpl.<init>(OperatingSystemImpl.java:175)
	at jdk.management/com.sun.management.internal.PlatformMBeanProviderImpl.getOperatingSystemMXBean(PlatformMBeanProviderImpl.java:280)
	at jdk.management/com.sun.management.internal.PlatformMBeanProviderImpl$3.nameToMBeanMap(PlatformMBeanProviderImpl.java:199)
	at java.management/java.lang.management.ManagementFactory.lambda$getPlatformMBeanServer$0(ManagementFactory.java:491)
	at java.base/java.util.stream.ReferencePipeline$7$1FlatMap.accept(ReferencePipeline.java:289)
	at java.base/java.util.stream.ReferencePipeline$2$1.accept(ReferencePipeline.java:197)
	at java.base/java.util.HashMap$ValueSpliterator.forEachRemaining(HashMap.java:1788)
	at java.base/java.util.stream.AbstractPipeline.copyInto(AbstractPipeline.java:570)
	at java.base/java.util.stream.AbstractPipeline.wrapAndCopyInto(AbstractPipeline.java:560)
	at java.base/java.util.stream.ForEachOps$ForEachOp.evaluateSequential(ForEachOps.java:151)
	at java.base/java.util.stream.ForEachOps$ForEachOp$OfRef.evaluateSequential(ForEachOps.java:174)
	at java.base/java.util.stream.AbstractPipeline.evaluate(AbstractPipeline.java:265)
	at java.base/java.util.stream.ReferencePipeline.forEach(ReferencePipeline.java:636)
	at java.management/java.lang.management.ManagementFactory.getPlatformMBeanServer(ManagementFactory.java:492)
	at org.apache.logging.log4j.core.jmx.Server.reregisterMBeansAfterReconfigure(Server.java:140)
	at org.apache.logging.log4j.core.LoggerContext.setConfiguration(LoggerContext.java:637)
	at org.apache.logging.log4j.core.LoggerContext.reconfigure(LoggerContext.java:699)
	at org.apache.logging.log4j.core.LoggerContext.reconfigure(LoggerContext.java:716)
	at org.apache.logging.log4j.core.LoggerContext.start(LoggerContext.java:270)
	at org.apache.logging.log4j.core.impl.Log4jContextFactory.getContext(Log4jContextFactory.java:155)
	at org.apache.logging.log4j.core.impl.Log4jContextFactory.getContext(Log4jContextFactory.java:47)
	at org.apache.logging.log4j.LogManager.getContext(LogManager.java:196)
	at org.apache.logging.log4j.spi.AbstractLoggerAdapter.getContext(AbstractLoggerAdapter.java:137)
	at org.apache.logging.slf4j.Log4jLoggerFactory.getContext(Log4jLoggerFactory.java:55)
	at org.apache.logging.log4j.spi.AbstractLoggerAdapter.getLogger(AbstractLoggerAdapter.java:47)
	at org.apache.logging.slf4j.Log4jLoggerFactory.getLogger(Log4jLoggerFactory.java:33)
	at org.slf4j.LoggerFactory.getLogger(LoggerFactory.java:363)
	at org.slf4j.LoggerFactory.getLogger(LoggerFactory.java:388)
	at org.eclipse.jgit.util.FS.<clinit>(FS.java:89)
	at scalafix.internal.sbt.JGitCompletion.<init>(JGitCompletions.scala:19)
	at scalafix.internal.sbt.ScalafixCompletions.gitDiffParser$lzycompute(ScalafixCompletions.scala:99)
	at scalafix.internal.sbt.ScalafixCompletions.gitDiffParser(ScalafixCompletions.scala:98)
	at scalafix.internal.sbt.ScalafixCompletions.parser(ScalafixCompletions.scala:166)
	at scalafix.sbt.ScalafixPlugin$.$anonfun$scalafixAllInputTask$1(ScalafixPlugin.scala:305)
	at scala.Function1.$anonfun$compose$1(Function1.scala:49)
	at scala.Function1.$anonfun$compose$1(Function1.scala:49)
	at sbt.internal.util.EvaluateSettings$MixedNode.evaluate0(INode.scala:229)
	at sbt.internal.util.EvaluateSettings$INode.evaluate(INode.scala:171)
	at sbt.internal.util.EvaluateSettings.$anonfun$submitEvaluate$1(INode.scala:88)
	at sbt.internal.util.EvaluateSettings.sbt$internal$util$EvaluateSettings$$run0(INode.scala:100)
	at sbt.internal.util.EvaluateSettings$$anon$3.run(INode.scala:95)
	at java.base/java.util.concurrent.ThreadPoolExecutor.runWorker(ThreadPoolExecutor.java:1144)
	at java.base/java.util.concurrent.ThreadPoolExecutor$Worker.run(ThreadPoolExecutor.java:642)
	at java.base/java.lang.Thread.run(Thread.java:1575)

[info] set current project to snax-streamer (in build file:/esat/studscratch/r1015498/Thesis/original_snax/snax_cluster/hw/chisel/)
[info] running snax.xdma.xdmaTop.XDMATopGen --clusterName snax_dual_versacore_int16x4_4lane_postproc_v2_cluster --tcdmDataWidth 64 --axiDataWidth 512 --axiAddrWidth 48 --tcdmSize 8192 --xdmaCfg {"bender_target":["snax_dual_versacore_int16x4_4lane_postproc_v2_cluster_xdma"],"cfg_io_width":32,"max_multicast":16,"max_dimension":5,"max_mem_size":4096,"reader_buffer":12,"writer_buffer":12,"reader_agu_temporal_dimension":5,"writer_agu_temporal_dimension":5,"writer_extensions":{"HasVerilogMemset":{}},"reader_extensions":{}} --hw-target-dir /esat/studscratch/r1015498/Thesis/original_snax/snax_cluster/target/snitch_cluster/generated/snax_dual_versacore_int16x4_4lane_postproc_v2_cluster_xdma/ --sw-target-dir /esat/studscratch/r1015498/Thesis/original_snax/snax_cluster/target/snitch_cluster/generated/../sw/snax/xdma/include/snax-xdma-addr.h
[[33mwarn[0m] src/main/scala/snax/reqRspManager/ReqRspManager.scala 130:13: [W004] Dynamic index with width 33 is too wide for Vec of size 62 (expected index width 6).
[[33mwarn[0m]         regs(BaseAddr + i.U) := (regs(BaseAddr + i.U) & ~mask) | (datas(i) & mask)
[[33mwarn[0m]             ^
[[33mwarn[0m] src/main/scala/snax/reqRspManager/ReqRspManager.scala 130:38: [W004] Dynamic index with width 33 is too wide for Vec of size 62 (expected index width 6).
[[33mwarn[0m]         regs(BaseAddr + i.U) := (regs(BaseAddr + i.U) & ~mask) | (datas(i) & mask)
[[33mwarn[0m]                                      ^
[[33mwarn[0m] src/main/scala/snax/reqRspManager/ReqRspManager.scala 170:48: [W004] Dynamic index with width 32 is too wide for Vec of size 69 (expected index width 7).
[[33mwarn[0m]     io.reqRspIO.rsp.bits.data   := allRegisters(io.reqRspIO.req.bits.addr)
[[33mwarn[0m]                                                ^
[[33mwarn[0m] src/main/scala/snax/xdma/xdmaIO/XDMACfgIO.scala 372:20: [W004] Dynamic index with width 4 is too wide for Vec of size 1 (expected index width 0).
[[33mwarn[0m]           frameBody(frameCounter.io.value) := io.cfgIn.bits(readerwriterParam.axiParam.dataWidth - 1, 5)
[[33mwarn[0m]                    ^
[[33mwarn[0m] There were [33m4 warning(s)[0m during hardware elaboration.
[success] Total time: 8 s, completed May 6, 2026, 1:00:13 AM
[info] welcome to sbt 1.11.3 (N/A Java 23.0.2-internal)
[info] loading settings for project chisel-build from plugins.sbt...
[info] loading project definition from /esat/studscratch/r1015498/Thesis/original_snax/snax_cluster/hw/chisel/project
[info] loading settings for project root from build.sbt...
2026-05-06 01:00:19,313 pool-4-thread-20 ERROR Could not reconfigure JMX java.lang.NullPointerException
	at java.base/java.util.Objects.requireNonNull(Objects.java:220)
	at java.base/sun.nio.fs.UnixFileSystem.getPath(UnixFileSystem.java:296)
	at java.base/java.nio.file.Path.of(Path.java:148)
	at java.base/java.nio.file.Paths.get(Paths.java:69)
	at java.base/jdk.internal.platform.CgroupUtil.lambda$readStringValue$1(CgroupUtil.java:67)
	at java.base/java.security.AccessController.doPrivileged(AccessController.java:571)
	at java.base/jdk.internal.platform.CgroupUtil.readStringValue(CgroupUtil.java:69)
	at java.base/jdk.internal.platform.CgroupSubsystemController.getStringValue(CgroupSubsystemController.java:65)
	at java.base/jdk.internal.platform.CgroupSubsystemController.getLongValue(CgroupSubsystemController.java:124)
	at java.base/jdk.internal.platform.cgroupv1.CgroupV1Subsystem.getLongValue(CgroupV1Subsystem.java:190)
	at java.base/jdk.internal.platform.cgroupv1.CgroupV1Subsystem.getHierarchical(CgroupV1Subsystem.java:160)
	at java.base/jdk.internal.platform.cgroupv1.CgroupV1Subsystem.initSubSystem(CgroupV1Subsystem.java:85)
	at java.base/jdk.internal.platform.cgroupv1.CgroupV1Subsystem.getInstance(CgroupV1Subsystem.java:61)
	at java.base/jdk.internal.platform.CgroupSubsystemFactory.create(CgroupSubsystemFactory.java:119)
	at java.base/jdk.internal.platform.CgroupSubsystemFactory.create(CgroupSubsystemFactory.java:89)
	at java.base/jdk.internal.platform.CgroupMetrics.getInstance(CgroupMetrics.java:193)
	at java.base/jdk.internal.platform.SystemMetrics.instance(SystemMetrics.java:29)
	at java.base/jdk.internal.platform.Metrics.systemMetrics(Metrics.java:58)
	at java.base/jdk.internal.platform.Container.metrics(Container.java:43)
	at jdk.management/com.sun.management.internal.OperatingSystemImpl.<init>(OperatingSystemImpl.java:175)
	at jdk.management/com.sun.management.internal.PlatformMBeanProviderImpl.getOperatingSystemMXBean(PlatformMBeanProviderImpl.java:280)
	at jdk.management/com.sun.management.internal.PlatformMBeanProviderImpl$3.nameToMBeanMap(PlatformMBeanProviderImpl.java:199)
	at java.management/java.lang.management.ManagementFactory.lambda$getPlatformMBeanServer$0(ManagementFactory.java:491)
	at java.base/java.util.stream.ReferencePipeline$7$1FlatMap.accept(ReferencePipeline.java:289)
	at java.base/java.util.stream.ReferencePipeline$2$1.accept(ReferencePipeline.java:197)
	at java.base/java.util.HashMap$ValueSpliterator.forEachRemaining(HashMap.java:1788)
	at java.base/java.util.stream.AbstractPipeline.copyInto(AbstractPipeline.java:570)
	at java.base/java.util.stream.AbstractPipeline.wrapAndCopyInto(AbstractPipeline.java:560)
	at java.base/java.util.stream.ForEachOps$ForEachOp.evaluateSequential(ForEachOps.java:151)
	at java.base/java.util.stream.ForEachOps$ForEachOp$OfRef.evaluateSequential(ForEachOps.java:174)
	at java.base/java.util.stream.AbstractPipeline.evaluate(AbstractPipeline.java:265)
	at java.base/java.util.stream.ReferencePipeline.forEach(ReferencePipeline.java:636)
	at java.management/java.lang.management.ManagementFactory.getPlatformMBeanServer(ManagementFactory.java:492)
	at org.apache.logging.log4j.core.jmx.Server.reregisterMBeansAfterReconfigure(Server.java:140)
	at org.apache.logging.log4j.core.LoggerContext.setConfiguration(LoggerContext.java:637)
	at org.apache.logging.log4j.core.LoggerContext.reconfigure(LoggerContext.java:699)
	at org.apache.logging.log4j.core.LoggerContext.reconfigure(LoggerContext.java:716)
	at org.apache.logging.log4j.core.LoggerContext.start(LoggerContext.java:270)
	at org.apache.logging.log4j.core.impl.Log4jContextFactory.getContext(Log4jContextFactory.java:155)
	at org.apache.logging.log4j.core.impl.Log4jContextFactory.getContext(Log4jContextFactory.java:47)
	at org.apache.logging.log4j.LogManager.getContext(LogManager.java:196)
	at org.apache.logging.log4j.spi.AbstractLoggerAdapter.getContext(AbstractLoggerAdapter.java:137)
	at org.apache.logging.slf4j.Log4jLoggerFactory.getContext(Log4jLoggerFactory.java:55)
	at org.apache.logging.log4j.spi.AbstractLoggerAdapter.getLogger(AbstractLoggerAdapter.java:47)
	at org.apache.logging.slf4j.Log4jLoggerFactory.getLogger(Log4jLoggerFactory.java:33)
	at org.slf4j.LoggerFactory.getLogger(LoggerFactory.java:363)
	at org.slf4j.LoggerFactory.getLogger(LoggerFactory.java:388)
	at org.eclipse.jgit.util.FS.<clinit>(FS.java:89)
	at scalafix.internal.sbt.JGitCompletion.<init>(JGitCompletions.scala:19)
	at scalafix.internal.sbt.ScalafixCompletions.gitDiffParser$lzycompute(ScalafixCompletions.scala:99)
	at scalafix.internal.sbt.ScalafixCompletions.gitDiffParser(ScalafixCompletions.scala:98)
	at scalafix.internal.sbt.ScalafixCompletions.parser(ScalafixCompletions.scala:166)
	at scalafix.sbt.ScalafixPlugin$.$anonfun$scalafixAllInputTask$1(ScalafixPlugin.scala:305)
	at scala.Function1.$anonfun$compose$1(Function1.scala:49)
	at scala.Function1.$anonfun$compose$1(Function1.scala:49)
	at sbt.internal.util.EvaluateSettings$MixedNode.evaluate0(INode.scala:229)
	at sbt.internal.util.EvaluateSettings$INode.evaluate(INode.scala:171)
	at sbt.internal.util.EvaluateSettings.$anonfun$submitEvaluate$1(INode.scala:88)
	at sbt.internal.util.EvaluateSettings.sbt$internal$util$EvaluateSettings$$run0(INode.scala:100)
	at sbt.internal.util.EvaluateSettings$$anon$3.run(INode.scala:95)
	at java.base/java.util.concurrent.ThreadPoolExecutor.runWorker(ThreadPoolExecutor.java:1144)
	at java.base/java.util.concurrent.ThreadPoolExecutor$Worker.run(ThreadPoolExecutor.java:642)
	at java.base/java.lang.Thread.run(Thread.java:1575)

[info] set current project to snax-streamer (in build file:/esat/studscratch/r1015498/Thesis/original_snax/snax_cluster/hw/chisel/)
[info] running snax.sparse_interconnect.SparseInterconnectGen --NumInp 53 --NumOut 64 --memAddrWidth 14 --tcdmAddrWidth 23 --dataWidth 64 --strbWidth 8 --priorityWidth 1 --sparseConfig "[[16, 1], [8, 1], [8, 1], [1, 1], [1, 1], [16, 1], [1, 1], [1, 1], [1, 1]]" --hw-target-dir /esat/studscratch/r1015498/Thesis/original_snax/snax_cluster/target/snitch_cluster/generated/
SparseConfig String: [[16, 1], [8, 1], [8, 1], [1, 1], [1, 1], [16, 1], [1, 1], [1, 1], [1, 1]]
Parsed SparseConfig: snax.sparse_interconnect.SparseConfig@15e61e16
Routing outputs for input 0: port 0, index 0, sparse_port_access_granularity 1
Routing outputs for input 0: port 0, index 0, sparse_out 0, out 0
Routing outputs for input 0: port 0, index 0, sparse_out 1, out 1
Routing outputs for input 0: port 0, index 0, sparse_out 2, out 2
Routing outputs for input 0: port 0, index 0, sparse_out 3, out 3
Routing outputs for input 0: port 0, index 0, sparse_out 4, out 4
Routing outputs for input 0: port 0, index 0, sparse_out 5, out 5
Routing outputs for input 0: port 0, index 0, sparse_out 6, out 6
Routing outputs for input 0: port 0, index 0, sparse_out 7, out 7
Routing outputs for input 0: port 0, index 0, sparse_out 8, out 8
Routing outputs for input 0: port 0, index 0, sparse_out 9, out 9
Routing outputs for input 0: port 0, index 0, sparse_out 10, out 10
Routing outputs for input 0: port 0, index 0, sparse_out 11, out 11
Routing outputs for input 0: port 0, index 0, sparse_out 12, out 12
Routing outputs for input 0: port 0, index 0, sparse_out 13, out 13
Routing outputs for input 0: port 0, index 0, sparse_out 14, out 14
Routing outputs for input 0: port 0, index 0, sparse_out 15, out 15
Routing outputs for input 0: port 0, index 0, sparse_out 16, out 16
Routing outputs for input 0: port 0, index 0, sparse_out 17, out 17
Routing outputs for input 0: port 0, index 0, sparse_out 18, out 18
Routing outputs for input 0: port 0, index 0, sparse_out 19, out 19
Routing outputs for input 0: port 0, index 0, sparse_out 20, out 20
Routing outputs for input 0: port 0, index 0, sparse_out 21, out 21
Routing outputs for input 0: port 0, index 0, sparse_out 22, out 22
Routing outputs for input 0: port 0, index 0, sparse_out 23, out 23
Routing outputs for input 0: port 0, index 0, sparse_out 24, out 24
Routing outputs for input 0: port 0, index 0, sparse_out 25, out 25
Routing outputs for input 0: port 0, index 0, sparse_out 26, out 26
Routing outputs for input 0: port 0, index 0, sparse_out 27, out 27
Routing outputs for input 0: port 0, index 0, sparse_out 28, out 28
Routing outputs for input 0: port 0, index 0, sparse_out 29, out 29
Routing outputs for input 0: port 0, index 0, sparse_out 30, out 30
Routing outputs for input 0: port 0, index 0, sparse_out 31, out 31
Routing outputs for input 0: port 0, index 0, sparse_out 32, out 32
Routing outputs for input 0: port 0, index 0, sparse_out 33, out 33
Routing outputs for input 0: port 0, index 0, sparse_out 34, out 34
Routing outputs for input 0: port 0, index 0, sparse_out 35, out 35
Routing outputs for input 0: port 0, index 0, sparse_out 36, out 36
Routing outputs for input 0: port 0, index 0, sparse_out 37, out 37
Routing outputs for input 0: port 0, index 0, sparse_out 38, out 38
Routing outputs for input 0: port 0, index 0, sparse_out 39, out 39
Routing outputs for input 0: port 0, index 0, sparse_out 40, out 40
Routing outputs for input 0: port 0, index 0, sparse_out 41, out 41
Routing outputs for input 0: port 0, index 0, sparse_out 42, out 42
Routing outputs for input 0: port 0, index 0, sparse_out 43, out 43
Routing outputs for input 0: port 0, index 0, sparse_out 44, out 44
Routing outputs for input 0: port 0, index 0, sparse_out 45, out 45
Routing outputs for input 0: port 0, index 0, sparse_out 46, out 46
Routing outputs for input 0: port 0, index 0, sparse_out 47, out 47
Routing outputs for input 0: port 0, index 0, sparse_out 48, out 48
Routing outputs for input 0: port 0, index 0, sparse_out 49, out 49
Routing outputs for input 0: port 0, index 0, sparse_out 50, out 50
Routing outputs for input 0: port 0, index 0, sparse_out 51, out 51
Routing outputs for input 0: port 0, index 0, sparse_out 52, out 52
Routing outputs for input 0: port 0, index 0, sparse_out 53, out 53
Routing outputs for input 0: port 0, index 0, sparse_out 54, out 54
Routing outputs for input 0: port 0, index 0, sparse_out 55, out 55
Routing outputs for input 0: port 0, index 0, sparse_out 56, out 56
Routing outputs for input 0: port 0, index 0, sparse_out 57, out 57
Routing outputs for input 0: port 0, index 0, sparse_out 58, out 58
Routing outputs for input 0: port 0, index 0, sparse_out 59, out 59
Routing outputs for input 0: port 0, index 0, sparse_out 60, out 60
Routing outputs for input 0: port 0, index 0, sparse_out 61, out 61
Routing outputs for input 0: port 0, index 0, sparse_out 62, out 62
Routing outputs for input 0: port 0, index 0, sparse_out 63, out 63
Routing outputs for input 1: port 0, index 1, sparse_port_access_granularity 1
Routing outputs for input 1: port 0, index 1, sparse_out 0, out 0
Routing outputs for input 1: port 0, index 1, sparse_out 1, out 1
Routing outputs for input 1: port 0, index 1, sparse_out 2, out 2
Routing outputs for input 1: port 0, index 1, sparse_out 3, out 3
Routing outputs for input 1: port 0, index 1, sparse_out 4, out 4
Routing outputs for input 1: port 0, index 1, sparse_out 5, out 5
Routing outputs for input 1: port 0, index 1, sparse_out 6, out 6
Routing outputs for input 1: port 0, index 1, sparse_out 7, out 7
Routing outputs for input 1: port 0, index 1, sparse_out 8, out 8
Routing outputs for input 1: port 0, index 1, sparse_out 9, out 9
Routing outputs for input 1: port 0, index 1, sparse_out 10, out 10
Routing outputs for input 1: port 0, index 1, sparse_out 11, out 11
Routing outputs for input 1: port 0, index 1, sparse_out 12, out 12
Routing outputs for input 1: port 0, index 1, sparse_out 13, out 13
Routing outputs for input 1: port 0, index 1, sparse_out 14, out 14
Routing outputs for input 1: port 0, index 1, sparse_out 15, out 15
Routing outputs for input 1: port 0, index 1, sparse_out 16, out 16
Routing outputs for input 1: port 0, index 1, sparse_out 17, out 17
Routing outputs for input 1: port 0, index 1, sparse_out 18, out 18
Routing outputs for input 1: port 0, index 1, sparse_out 19, out 19
Routing outputs for input 1: port 0, index 1, sparse_out 20, out 20
Routing outputs for input 1: port 0, index 1, sparse_out 21, out 21
Routing outputs for input 1: port 0, index 1, sparse_out 22, out 22
Routing outputs for input 1: port 0, index 1, sparse_out 23, out 23
Routing outputs for input 1: port 0, index 1, sparse_out 24, out 24
Routing outputs for input 1: port 0, index 1, sparse_out 25, out 25
Routing outputs for input 1: port 0, index 1, sparse_out 26, out 26
Routing outputs for input 1: port 0, index 1, sparse_out 27, out 27
Routing outputs for input 1: port 0, index 1, sparse_out 28, out 28
Routing outputs for input 1: port 0, index 1, sparse_out 29, out 29
Routing outputs for input 1: port 0, index 1, sparse_out 30, out 30
Routing outputs for input 1: port 0, index 1, sparse_out 31, out 31
Routing outputs for input 1: port 0, index 1, sparse_out 32, out 32
Routing outputs for input 1: port 0, index 1, sparse_out 33, out 33
Routing outputs for input 1: port 0, index 1, sparse_out 34, out 34
Routing outputs for input 1: port 0, index 1, sparse_out 35, out 35
Routing outputs for input 1: port 0, index 1, sparse_out 36, out 36
Routing outputs for input 1: port 0, index 1, sparse_out 37, out 37
Routing outputs for input 1: port 0, index 1, sparse_out 38, out 38
Routing outputs for input 1: port 0, index 1, sparse_out 39, out 39
Routing outputs for input 1: port 0, index 1, sparse_out 40, out 40
Routing outputs for input 1: port 0, index 1, sparse_out 41, out 41
Routing outputs for input 1: port 0, index 1, sparse_out 42, out 42
Routing outputs for input 1: port 0, index 1, sparse_out 43, out 43
Routing outputs for input 1: port 0, index 1, sparse_out 44, out 44
Routing outputs for input 1: port 0, index 1, sparse_out 45, out 45
Routing outputs for input 1: port 0, index 1, sparse_out 46, out 46
Routing outputs for input 1: port 0, index 1, sparse_out 47, out 47
Routing outputs for input 1: port 0, index 1, sparse_out 48, out 48
Routing outputs for input 1: port 0, index 1, sparse_out 49, out 49
Routing outputs for input 1: port 0, index 1, sparse_out 50, out 50
Routing outputs for input 1: port 0, index 1, sparse_out 51, out 51
Routing outputs for input 1: port 0, index 1, sparse_out 52, out 52
Routing outputs for input 1: port 0, index 1, sparse_out 53, out 53
Routing outputs for input 1: port 0, index 1, sparse_out 54, out 54
Routing outputs for input 1: port 0, index 1, sparse_out 55, out 55
Routing outputs for input 1: port 0, index 1, sparse_out 56, out 56
Routing outputs for input 1: port 0, index 1, sparse_out 57, out 57
Routing outputs for input 1: port 0, index 1, sparse_out 58, out 58
Routing outputs for input 1: port 0, index 1, sparse_out 59, out 59
Routing outputs for input 1: port 0, index 1, sparse_out 60, out 60
Routing outputs for input 1: port 0, index 1, sparse_out 61, out 61
Routing outputs for input 1: port 0, index 1, sparse_out 62, out 62
Routing outputs for input 1: port 0, index 1, sparse_out 63, out 63
Routing outputs for input 2: port 0, index 2, sparse_port_access_granularity 1
Routing outputs for input 2: port 0, index 2, sparse_out 0, out 0
Routing outputs for input 2: port 0, index 2, sparse_out 1, out 1
Routing outputs for input 2: port 0, index 2, sparse_out 2, out 2
Routing outputs for input 2: port 0, index 2, sparse_out 3, out 3
Routing outputs for input 2: port 0, index 2, sparse_out 4, out 4
Routing outputs for input 2: port 0, index 2, sparse_out 5, out 5
Routing outputs for input 2: port 0, index 2, sparse_out 6, out 6
Routing outputs for input 2: port 0, index 2, sparse_out 7, out 7
Routing outputs for input 2: port 0, index 2, sparse_out 8, out 8
Routing outputs for input 2: port 0, index 2, sparse_out 9, out 9
Routing outputs for input 2: port 0, index 2, sparse_out 10, out 10
Routing outputs for input 2: port 0, index 2, sparse_out 11, out 11
Routing outputs for input 2: port 0, index 2, sparse_out 12, out 12
Routing outputs for input 2: port 0, index 2, sparse_out 13, out 13
Routing outputs for input 2: port 0, index 2, sparse_out 14, out 14
Routing outputs for input 2: port 0, index 2, sparse_out 15, out 15
Routing outputs for input 2: port 0, index 2, sparse_out 16, out 16
Routing outputs for input 2: port 0, index 2, sparse_out 17, out 17
Routing outputs for input 2: port 0, index 2, sparse_out 18, out 18
Routing outputs for input 2: port 0, index 2, sparse_out 19, out 19
Routing outputs for input 2: port 0, index 2, sparse_out 20, out 20
Routing outputs for input 2: port 0, index 2, sparse_out 21, out 21
Routing outputs for input 2: port 0, index 2, sparse_out 22, out 22
Routing outputs for input 2: port 0, index 2, sparse_out 23, out 23
Routing outputs for input 2: port 0, index 2, sparse_out 24, out 24
Routing outputs for input 2: port 0, index 2, sparse_out 25, out 25
Routing outputs for input 2: port 0, index 2, sparse_out 26, out 26
Routing outputs for input 2: port 0, index 2, sparse_out 27, out 27
Routing outputs for input 2: port 0, index 2, sparse_out 28, out 28
Routing outputs for input 2: port 0, index 2, sparse_out 29, out 29
Routing outputs for input 2: port 0, index 2, sparse_out 30, out 30
Routing outputs for input 2: port 0, index 2, sparse_out 31, out 31
Routing outputs for input 2: port 0, index 2, sparse_out 32, out 32
Routing outputs for input 2: port 0, index 2, sparse_out 33, out 33
Routing outputs for input 2: port 0, index 2, sparse_out 34, out 34
Routing outputs for input 2: port 0, index 2, sparse_out 35, out 35
Routing outputs for input 2: port 0, index 2, sparse_out 36, out 36
Routing outputs for input 2: port 0, index 2, sparse_out 37, out 37
Routing outputs for input 2: port 0, index 2, sparse_out 38, out 38
Routing outputs for input 2: port 0, index 2, sparse_out 39, out 39
Routing outputs for input 2: port 0, index 2, sparse_out 40, out 40
Routing outputs for input 2: port 0, index 2, sparse_out 41, out 41
Routing outputs for input 2: port 0, index 2, sparse_out 42, out 42
Routing outputs for input 2: port 0, index 2, sparse_out 43, out 43
Routing outputs for input 2: port 0, index 2, sparse_out 44, out 44
Routing outputs for input 2: port 0, index 2, sparse_out 45, out 45
Routing outputs for input 2: port 0, index 2, sparse_out 46, out 46
Routing outputs for input 2: port 0, index 2, sparse_out 47, out 47
Routing outputs for input 2: port 0, index 2, sparse_out 48, out 48
Routing outputs for input 2: port 0, index 2, sparse_out 49, out 49
Routing outputs for input 2: port 0, index 2, sparse_out 50, out 50
Routing outputs for input 2: port 0, index 2, sparse_out 51, out 51
Routing outputs for input 2: port 0, index 2, sparse_out 52, out 52
Routing outputs for input 2: port 0, index 2, sparse_out 53, out 53
Routing outputs for input 2: port 0, index 2, sparse_out 54, out 54
Routing outputs for input 2: port 0, index 2, sparse_out 55, out 55
Routing outputs for input 2: port 0, index 2, sparse_out 56, out 56
Routing outputs for input 2: port 0, index 2, sparse_out 57, out 57
Routing outputs for input 2: port 0, index 2, sparse_out 58, out 58
Routing outputs for input 2: port 0, index 2, sparse_out 59, out 59
Routing outputs for input 2: port 0, index 2, sparse_out 60, out 60
Routing outputs for input 2: port 0, index 2, sparse_out 61, out 61
Routing outputs for input 2: port 0, index 2, sparse_out 62, out 62
Routing outputs for input 2: port 0, index 2, sparse_out 63, out 63
Routing outputs for input 3: port 0, index 3, sparse_port_access_granularity 1
Routing outputs for input 3: port 0, index 3, sparse_out 0, out 0
Routing outputs for input 3: port 0, index 3, sparse_out 1, out 1
Routing outputs for input 3: port 0, index 3, sparse_out 2, out 2
Routing outputs for input 3: port 0, index 3, sparse_out 3, out 3
Routing outputs for input 3: port 0, index 3, sparse_out 4, out 4
Routing outputs for input 3: port 0, index 3, sparse_out 5, out 5
Routing outputs for input 3: port 0, index 3, sparse_out 6, out 6
Routing outputs for input 3: port 0, index 3, sparse_out 7, out 7
Routing outputs for input 3: port 0, index 3, sparse_out 8, out 8
Routing outputs for input 3: port 0, index 3, sparse_out 9, out 9
Routing outputs for input 3: port 0, index 3, sparse_out 10, out 10
Routing outputs for input 3: port 0, index 3, sparse_out 11, out 11
Routing outputs for input 3: port 0, index 3, sparse_out 12, out 12
Routing outputs for input 3: port 0, index 3, sparse_out 13, out 13
Routing outputs for input 3: port 0, index 3, sparse_out 14, out 14
Routing outputs for input 3: port 0, index 3, sparse_out 15, out 15
Routing outputs for input 3: port 0, index 3, sparse_out 16, out 16
Routing outputs for input 3: port 0, index 3, sparse_out 17, out 17
Routing outputs for input 3: port 0, index 3, sparse_out 18, out 18
Routing outputs for input 3: port 0, index 3, sparse_out 19, out 19
Routing outputs for input 3: port 0, index 3, sparse_out 20, out 20
Routing outputs for input 3: port 0, index 3, sparse_out 21, out 21
Routing outputs for input 3: port 0, index 3, sparse_out 22, out 22
Routing outputs for input 3: port 0, index 3, sparse_out 23, out 23
Routing outputs for input 3: port 0, index 3, sparse_out 24, out 24
Routing outputs for input 3: port 0, index 3, sparse_out 25, out 25
Routing outputs for input 3: port 0, index 3, sparse_out 26, out 26
Routing outputs for input 3: port 0, index 3, sparse_out 27, out 27
Routing outputs for input 3: port 0, index 3, sparse_out 28, out 28
Routing outputs for input 3: port 0, index 3, sparse_out 29, out 29
Routing outputs for input 3: port 0, index 3, sparse_out 30, out 30
Routing outputs for input 3: port 0, index 3, sparse_out 31, out 31
Routing outputs for input 3: port 0, index 3, sparse_out 32, out 32
Routing outputs for input 3: port 0, index 3, sparse_out 33, out 33
Routing outputs for input 3: port 0, index 3, sparse_out 34, out 34
Routing outputs for input 3: port 0, index 3, sparse_out 35, out 35
Routing outputs for input 3: port 0, index 3, sparse_out 36, out 36
Routing outputs for input 3: port 0, index 3, sparse_out 37, out 37
Routing outputs for input 3: port 0, index 3, sparse_out 38, out 38
Routing outputs for input 3: port 0, index 3, sparse_out 39, out 39
Routing outputs for input 3: port 0, index 3, sparse_out 40, out 40
Routing outputs for input 3: port 0, index 3, sparse_out 41, out 41
Routing outputs for input 3: port 0, index 3, sparse_out 42, out 42
Routing outputs for input 3: port 0, index 3, sparse_out 43, out 43
Routing outputs for input 3: port 0, index 3, sparse_out 44, out 44
Routing outputs for input 3: port 0, index 3, sparse_out 45, out 45
Routing outputs for input 3: port 0, index 3, sparse_out 46, out 46
Routing outputs for input 3: port 0, index 3, sparse_out 47, out 47
Routing outputs for input 3: port 0, index 3, sparse_out 48, out 48
Routing outputs for input 3: port 0, index 3, sparse_out 49, out 49
Routing outputs for input 3: port 0, index 3, sparse_out 50, out 50
Routing outputs for input 3: port 0, index 3, sparse_out 51, out 51
Routing outputs for input 3: port 0, index 3, sparse_out 52, out 52
Routing outputs for input 3: port 0, index 3, sparse_out 53, out 53
Routing outputs for input 3: port 0, index 3, sparse_out 54, out 54
Routing outputs for input 3: port 0, index 3, sparse_out 55, out 55
Routing outputs for input 3: port 0, index 3, sparse_out 56, out 56
Routing outputs for input 3: port 0, index 3, sparse_out 57, out 57
Routing outputs for input 3: port 0, index 3, sparse_out 58, out 58
Routing outputs for input 3: port 0, index 3, sparse_out 59, out 59
Routing outputs for input 3: port 0, index 3, sparse_out 60, out 60
Routing outputs for input 3: port 0, index 3, sparse_out 61, out 61
Routing outputs for input 3: port 0, index 3, sparse_out 62, out 62
Routing outputs for input 3: port 0, index 3, sparse_out 63, out 63
Routing outputs for input 4: port 0, index 4, sparse_port_access_granularity 1
Routing outputs for input 4: port 0, index 4, sparse_out 0, out 0
Routing outputs for input 4: port 0, index 4, sparse_out 1, out 1
Routing outputs for input 4: port 0, index 4, sparse_out 2, out 2
Routing outputs for input 4: port 0, index 4, sparse_out 3, out 3
Routing outputs for input 4: port 0, index 4, sparse_out 4, out 4
Routing outputs for input 4: port 0, index 4, sparse_out 5, out 5
Routing outputs for input 4: port 0, index 4, sparse_out 6, out 6
Routing outputs for input 4: port 0, index 4, sparse_out 7, out 7
Routing outputs for input 4: port 0, index 4, sparse_out 8, out 8
Routing outputs for input 4: port 0, index 4, sparse_out 9, out 9
Routing outputs for input 4: port 0, index 4, sparse_out 10, out 10
Routing outputs for input 4: port 0, index 4, sparse_out 11, out 11
Routing outputs for input 4: port 0, index 4, sparse_out 12, out 12
Routing outputs for input 4: port 0, index 4, sparse_out 13, out 13
Routing outputs for input 4: port 0, index 4, sparse_out 14, out 14
Routing outputs for input 4: port 0, index 4, sparse_out 15, out 15
Routing outputs for input 4: port 0, index 4, sparse_out 16, out 16
Routing outputs for input 4: port 0, index 4, sparse_out 17, out 17
Routing outputs for input 4: port 0, index 4, sparse_out 18, out 18
Routing outputs for input 4: port 0, index 4, sparse_out 19, out 19
Routing outputs for input 4: port 0, index 4, sparse_out 20, out 20
Routing outputs for input 4: port 0, index 4, sparse_out 21, out 21
Routing outputs for input 4: port 0, index 4, sparse_out 22, out 22
Routing outputs for input 4: port 0, index 4, sparse_out 23, out 23
Routing outputs for input 4: port 0, index 4, sparse_out 24, out 24
Routing outputs for input 4: port 0, index 4, sparse_out 25, out 25
Routing outputs for input 4: port 0, index 4, sparse_out 26, out 26
Routing outputs for input 4: port 0, index 4, sparse_out 27, out 27
Routing outputs for input 4: port 0, index 4, sparse_out 28, out 28
Routing outputs for input 4: port 0, index 4, sparse_out 29, out 29
Routing outputs for input 4: port 0, index 4, sparse_out 30, out 30
Routing outputs for input 4: port 0, index 4, sparse_out 31, out 31
Routing outputs for input 4: port 0, index 4, sparse_out 32, out 32
Routing outputs for input 4: port 0, index 4, sparse_out 33, out 33
Routing outputs for input 4: port 0, index 4, sparse_out 34, out 34
Routing outputs for input 4: port 0, index 4, sparse_out 35, out 35
Routing outputs for input 4: port 0, index 4, sparse_out 36, out 36
Routing outputs for input 4: port 0, index 4, sparse_out 37, out 37
Routing outputs for input 4: port 0, index 4, sparse_out 38, out 38
Routing outputs for input 4: port 0, index 4, sparse_out 39, out 39
Routing outputs for input 4: port 0, index 4, sparse_out 40, out 40
Routing outputs for input 4: port 0, index 4, sparse_out 41, out 41
Routing outputs for input 4: port 0, index 4, sparse_out 42, out 42
Routing outputs for input 4: port 0, index 4, sparse_out 43, out 43
Routing outputs for input 4: port 0, index 4, sparse_out 44, out 44
Routing outputs for input 4: port 0, index 4, sparse_out 45, out 45
Routing outputs for input 4: port 0, index 4, sparse_out 46, out 46
Routing outputs for input 4: port 0, index 4, sparse_out 47, out 47
Routing outputs for input 4: port 0, index 4, sparse_out 48, out 48
Routing outputs for input 4: port 0, index 4, sparse_out 49, out 49
Routing outputs for input 4: port 0, index 4, sparse_out 50, out 50
Routing outputs for input 4: port 0, index 4, sparse_out 51, out 51
Routing outputs for input 4: port 0, index 4, sparse_out 52, out 52
Routing outputs for input 4: port 0, index 4, sparse_out 53, out 53
Routing outputs for input 4: port 0, index 4, sparse_out 54, out 54
Routing outputs for input 4: port 0, index 4, sparse_out 55, out 55
Routing outputs for input 4: port 0, index 4, sparse_out 56, out 56
Routing outputs for input 4: port 0, index 4, sparse_out 57, out 57
Routing outputs for input 4: port 0, index 4, sparse_out 58, out 58
Routing outputs for input 4: port 0, index 4, sparse_out 59, out 59
Routing outputs for input 4: port 0, index 4, sparse_out 60, out 60
Routing outputs for input 4: port 0, index 4, sparse_out 61, out 61
Routing outputs for input 4: port 0, index 4, sparse_out 62, out 62
Routing outputs for input 4: port 0, index 4, sparse_out 63, out 63
Routing outputs for input 5: port 0, index 5, sparse_port_access_granularity 1
Routing outputs for input 5: port 0, index 5, sparse_out 0, out 0
Routing outputs for input 5: port 0, index 5, sparse_out 1, out 1
Routing outputs for input 5: port 0, index 5, sparse_out 2, out 2
Routing outputs for input 5: port 0, index 5, sparse_out 3, out 3
Routing outputs for input 5: port 0, index 5, sparse_out 4, out 4
Routing outputs for input 5: port 0, index 5, sparse_out 5, out 5
Routing outputs for input 5: port 0, index 5, sparse_out 6, out 6
Routing outputs for input 5: port 0, index 5, sparse_out 7, out 7
Routing outputs for input 5: port 0, index 5, sparse_out 8, out 8
Routing outputs for input 5: port 0, index 5, sparse_out 9, out 9
Routing outputs for input 5: port 0, index 5, sparse_out 10, out 10
Routing outputs for input 5: port 0, index 5, sparse_out 11, out 11
Routing outputs for input 5: port 0, index 5, sparse_out 12, out 12
Routing outputs for input 5: port 0, index 5, sparse_out 13, out 13
Routing outputs for input 5: port 0, index 5, sparse_out 14, out 14
Routing outputs for input 5: port 0, index 5, sparse_out 15, out 15
Routing outputs for input 5: port 0, index 5, sparse_out 16, out 16
Routing outputs for input 5: port 0, index 5, sparse_out 17, out 17
Routing outputs for input 5: port 0, index 5, sparse_out 18, out 18
Routing outputs for input 5: port 0, index 5, sparse_out 19, out 19
Routing outputs for input 5: port 0, index 5, sparse_out 20, out 20
Routing outputs for input 5: port 0, index 5, sparse_out 21, out 21
Routing outputs for input 5: port 0, index 5, sparse_out 22, out 22
Routing outputs for input 5: port 0, index 5, sparse_out 23, out 23
Routing outputs for input 5: port 0, index 5, sparse_out 24, out 24
Routing outputs for input 5: port 0, index 5, sparse_out 25, out 25
Routing outputs for input 5: port 0, index 5, sparse_out 26, out 26
Routing outputs for input 5: port 0, index 5, sparse_out 27, out 27
Routing outputs for input 5: port 0, index 5, sparse_out 28, out 28
Routing outputs for input 5: port 0, index 5, sparse_out 29, out 29
Routing outputs for input 5: port 0, index 5, sparse_out 30, out 30
Routing outputs for input 5: port 0, index 5, sparse_out 31, out 31
Routing outputs for input 5: port 0, index 5, sparse_out 32, out 32
Routing outputs for input 5: port 0, index 5, sparse_out 33, out 33
Routing outputs for input 5: port 0, index 5, sparse_out 34, out 34
Routing outputs for input 5: port 0, index 5, sparse_out 35, out 35
Routing outputs for input 5: port 0, index 5, sparse_out 36, out 36
Routing outputs for input 5: port 0, index 5, sparse_out 37, out 37
Routing outputs for input 5: port 0, index 5, sparse_out 38, out 38
Routing outputs for input 5: port 0, index 5, sparse_out 39, out 39
Routing outputs for input 5: port 0, index 5, sparse_out 40, out 40
Routing outputs for input 5: port 0, index 5, sparse_out 41, out 41
Routing outputs for input 5: port 0, index 5, sparse_out 42, out 42
Routing outputs for input 5: port 0, index 5, sparse_out 43, out 43
Routing outputs for input 5: port 0, index 5, sparse_out 44, out 44
Routing outputs for input 5: port 0, index 5, sparse_out 45, out 45
Routing outputs for input 5: port 0, index 5, sparse_out 46, out 46
Routing outputs for input 5: port 0, index 5, sparse_out 47, out 47
Routing outputs for input 5: port 0, index 5, sparse_out 48, out 48
Routing outputs for input 5: port 0, index 5, sparse_out 49, out 49
Routing outputs for input 5: port 0, index 5, sparse_out 50, out 50
Routing outputs for input 5: port 0, index 5, sparse_out 51, out 51
Routing outputs for input 5: port 0, index 5, sparse_out 52, out 52
Routing outputs for input 5: port 0, index 5, sparse_out 53, out 53
Routing outputs for input 5: port 0, index 5, sparse_out 54, out 54
Routing outputs for input 5: port 0, index 5, sparse_out 55, out 55
Routing outputs for input 5: port 0, index 5, sparse_out 56, out 56
Routing outputs for input 5: port 0, index 5, sparse_out 57, out 57
Routing outputs for input 5: port 0, index 5, sparse_out 58, out 58
Routing outputs for input 5: port 0, index 5, sparse_out 59, out 59
Routing outputs for input 5: port 0, index 5, sparse_out 60, out 60
Routing outputs for input 5: port 0, index 5, sparse_out 61, out 61
Routing outputs for input 5: port 0, index 5, sparse_out 62, out 62
Routing outputs for input 5: port 0, index 5, sparse_out 63, out 63
Routing outputs for input 6: port 0, index 6, sparse_port_access_granularity 1
Routing outputs for input 6: port 0, index 6, sparse_out 0, out 0
Routing outputs for input 6: port 0, index 6, sparse_out 1, out 1
Routing outputs for input 6: port 0, index 6, sparse_out 2, out 2
Routing outputs for input 6: port 0, index 6, sparse_out 3, out 3
Routing outputs for input 6: port 0, index 6, sparse_out 4, out 4
Routing outputs for input 6: port 0, index 6, sparse_out 5, out 5
Routing outputs for input 6: port 0, index 6, sparse_out 6, out 6
Routing outputs for input 6: port 0, index 6, sparse_out 7, out 7
Routing outputs for input 6: port 0, index 6, sparse_out 8, out 8
Routing outputs for input 6: port 0, index 6, sparse_out 9, out 9
Routing outputs for input 6: port 0, index 6, sparse_out 10, out 10
Routing outputs for input 6: port 0, index 6, sparse_out 11, out 11
Routing outputs for input 6: port 0, index 6, sparse_out 12, out 12
Routing outputs for input 6: port 0, index 6, sparse_out 13, out 13
Routing outputs for input 6: port 0, index 6, sparse_out 14, out 14
Routing outputs for input 6: port 0, index 6, sparse_out 15, out 15
Routing outputs for input 6: port 0, index 6, sparse_out 16, out 16
Routing outputs for input 6: port 0, index 6, sparse_out 17, out 17
Routing outputs for input 6: port 0, index 6, sparse_out 18, out 18
Routing outputs for input 6: port 0, index 6, sparse_out 19, out 19
Routing outputs for input 6: port 0, index 6, sparse_out 20, out 20
Routing outputs for input 6: port 0, index 6, sparse_out 21, out 21
Routing outputs for input 6: port 0, index 6, sparse_out 22, out 22
Routing outputs for input 6: port 0, index 6, sparse_out 23, out 23
Routing outputs for input 6: port 0, index 6, sparse_out 24, out 24
Routing outputs for input 6: port 0, index 6, sparse_out 25, out 25
Routing outputs for input 6: port 0, index 6, sparse_out 26, out 26
Routing outputs for input 6: port 0, index 6, sparse_out 27, out 27
Routing outputs for input 6: port 0, index 6, sparse_out 28, out 28
Routing outputs for input 6: port 0, index 6, sparse_out 29, out 29
Routing outputs for input 6: port 0, index 6, sparse_out 30, out 30
Routing outputs for input 6: port 0, index 6, sparse_out 31, out 31
Routing outputs for input 6: port 0, index 6, sparse_out 32, out 32
Routing outputs for input 6: port 0, index 6, sparse_out 33, out 33
Routing outputs for input 6: port 0, index 6, sparse_out 34, out 34
Routing outputs for input 6: port 0, index 6, sparse_out 35, out 35
Routing outputs for input 6: port 0, index 6, sparse_out 36, out 36
Routing outputs for input 6: port 0, index 6, sparse_out 37, out 37
Routing outputs for input 6: port 0, index 6, sparse_out 38, out 38
Routing outputs for input 6: port 0, index 6, sparse_out 39, out 39
Routing outputs for input 6: port 0, index 6, sparse_out 40, out 40
Routing outputs for input 6: port 0, index 6, sparse_out 41, out 41
Routing outputs for input 6: port 0, index 6, sparse_out 42, out 42
Routing outputs for input 6: port 0, index 6, sparse_out 43, out 43
Routing outputs for input 6: port 0, index 6, sparse_out 44, out 44
Routing outputs for input 6: port 0, index 6, sparse_out 45, out 45
Routing outputs for input 6: port 0, index 6, sparse_out 46, out 46
Routing outputs for input 6: port 0, index 6, sparse_out 47, out 47
Routing outputs for input 6: port 0, index 6, sparse_out 48, out 48
Routing outputs for input 6: port 0, index 6, sparse_out 49, out 49
Routing outputs for input 6: port 0, index 6, sparse_out 50, out 50
Routing outputs for input 6: port 0, index 6, sparse_out 51, out 51
Routing outputs for input 6: port 0, index 6, sparse_out 52, out 52
Routing outputs for input 6: port 0, index 6, sparse_out 53, out 53
Routing outputs for input 6: port 0, index 6, sparse_out 54, out 54
Routing outputs for input 6: port 0, index 6, sparse_out 55, out 55
Routing outputs for input 6: port 0, index 6, sparse_out 56, out 56
Routing outputs for input 6: port 0, index 6, sparse_out 57, out 57
Routing outputs for input 6: port 0, index 6, sparse_out 58, out 58
Routing outputs for input 6: port 0, index 6, sparse_out 59, out 59
Routing outputs for input 6: port 0, index 6, sparse_out 60, out 60
Routing outputs for input 6: port 0, index 6, sparse_out 61, out 61
Routing outputs for input 6: port 0, index 6, sparse_out 62, out 62
Routing outputs for input 6: port 0, index 6, sparse_out 63, out 63
Routing outputs for input 7: port 0, index 7, sparse_port_access_granularity 1
Routing outputs for input 7: port 0, index 7, sparse_out 0, out 0
Routing outputs for input 7: port 0, index 7, sparse_out 1, out 1
Routing outputs for input 7: port 0, index 7, sparse_out 2, out 2
Routing outputs for input 7: port 0, index 7, sparse_out 3, out 3
Routing outputs for input 7: port 0, index 7, sparse_out 4, out 4
Routing outputs for input 7: port 0, index 7, sparse_out 5, out 5
Routing outputs for input 7: port 0, index 7, sparse_out 6, out 6
Routing outputs for input 7: port 0, index 7, sparse_out 7, out 7
Routing outputs for input 7: port 0, index 7, sparse_out 8, out 8
Routing outputs for input 7: port 0, index 7, sparse_out 9, out 9
Routing outputs for input 7: port 0, index 7, sparse_out 10, out 10
Routing outputs for input 7: port 0, index 7, sparse_out 11, out 11
Routing outputs for input 7: port 0, index 7, sparse_out 12, out 12
Routing outputs for input 7: port 0, index 7, sparse_out 13, out 13
Routing outputs for input 7: port 0, index 7, sparse_out 14, out 14
Routing outputs for input 7: port 0, index 7, sparse_out 15, out 15
Routing outputs for input 7: port 0, index 7, sparse_out 16, out 16
Routing outputs for input 7: port 0, index 7, sparse_out 17, out 17
Routing outputs for input 7: port 0, index 7, sparse_out 18, out 18
Routing outputs for input 7: port 0, index 7, sparse_out 19, out 19
Routing outputs for input 7: port 0, index 7, sparse_out 20, out 20
Routing outputs for input 7: port 0, index 7, sparse_out 21, out 21
Routing outputs for input 7: port 0, index 7, sparse_out 22, out 22
Routing outputs for input 7: port 0, index 7, sparse_out 23, out 23
Routing outputs for input 7: port 0, index 7, sparse_out 24, out 24
Routing outputs for input 7: port 0, index 7, sparse_out 25, out 25
Routing outputs for input 7: port 0, index 7, sparse_out 26, out 26
Routing outputs for input 7: port 0, index 7, sparse_out 27, out 27
Routing outputs for input 7: port 0, index 7, sparse_out 28, out 28
Routing outputs for input 7: port 0, index 7, sparse_out 29, out 29
Routing outputs for input 7: port 0, index 7, sparse_out 30, out 30
Routing outputs for input 7: port 0, index 7, sparse_out 31, out 31
Routing outputs for input 7: port 0, index 7, sparse_out 32, out 32
Routing outputs for input 7: port 0, index 7, sparse_out 33, out 33
Routing outputs for input 7: port 0, index 7, sparse_out 34, out 34
Routing outputs for input 7: port 0, index 7, sparse_out 35, out 35
Routing outputs for input 7: port 0, index 7, sparse_out 36, out 36
Routing outputs for input 7: port 0, index 7, sparse_out 37, out 37
Routing outputs for input 7: port 0, index 7, sparse_out 38, out 38
Routing outputs for input 7: port 0, index 7, sparse_out 39, out 39
Routing outputs for input 7: port 0, index 7, sparse_out 40, out 40
Routing outputs for input 7: port 0, index 7, sparse_out 41, out 41
Routing outputs for input 7: port 0, index 7, sparse_out 42, out 42
Routing outputs for input 7: port 0, index 7, sparse_out 43, out 43
Routing outputs for input 7: port 0, index 7, sparse_out 44, out 44
Routing outputs for input 7: port 0, index 7, sparse_out 45, out 45
Routing outputs for input 7: port 0, index 7, sparse_out 46, out 46
Routing outputs for input 7: port 0, index 7, sparse_out 47, out 47
Routing outputs for input 7: port 0, index 7, sparse_out 48, out 48
Routing outputs for input 7: port 0, index 7, sparse_out 49, out 49
Routing outputs for input 7: port 0, index 7, sparse_out 50, out 50
Routing outputs for input 7: port 0, index 7, sparse_out 51, out 51
Routing outputs for input 7: port 0, index 7, sparse_out 52, out 52
Routing outputs for input 7: port 0, index 7, sparse_out 53, out 53
Routing outputs for input 7: port 0, index 7, sparse_out 54, out 54
Routing outputs for input 7: port 0, index 7, sparse_out 55, out 55
Routing outputs for input 7: port 0, index 7, sparse_out 56, out 56
Routing outputs for input 7: port 0, index 7, sparse_out 57, out 57
Routing outputs for input 7: port 0, index 7, sparse_out 58, out 58
Routing outputs for input 7: port 0, index 7, sparse_out 59, out 59
Routing outputs for input 7: port 0, index 7, sparse_out 60, out 60
Routing outputs for input 7: port 0, index 7, sparse_out 61, out 61
Routing outputs for input 7: port 0, index 7, sparse_out 62, out 62
Routing outputs for input 7: port 0, index 7, sparse_out 63, out 63
Routing outputs for input 8: port 0, index 8, sparse_port_access_granularity 1
Routing outputs for input 8: port 0, index 8, sparse_out 0, out 0
Routing outputs for input 8: port 0, index 8, sparse_out 1, out 1
Routing outputs for input 8: port 0, index 8, sparse_out 2, out 2
Routing outputs for input 8: port 0, index 8, sparse_out 3, out 3
Routing outputs for input 8: port 0, index 8, sparse_out 4, out 4
Routing outputs for input 8: port 0, index 8, sparse_out 5, out 5
Routing outputs for input 8: port 0, index 8, sparse_out 6, out 6
Routing outputs for input 8: port 0, index 8, sparse_out 7, out 7
Routing outputs for input 8: port 0, index 8, sparse_out 8, out 8
Routing outputs for input 8: port 0, index 8, sparse_out 9, out 9
Routing outputs for input 8: port 0, index 8, sparse_out 10, out 10
Routing outputs for input 8: port 0, index 8, sparse_out 11, out 11
Routing outputs for input 8: port 0, index 8, sparse_out 12, out 12
Routing outputs for input 8: port 0, index 8, sparse_out 13, out 13
Routing outputs for input 8: port 0, index 8, sparse_out 14, out 14
Routing outputs for input 8: port 0, index 8, sparse_out 15, out 15
Routing outputs for input 8: port 0, index 8, sparse_out 16, out 16
Routing outputs for input 8: port 0, index 8, sparse_out 17, out 17
Routing outputs for input 8: port 0, index 8, sparse_out 18, out 18
Routing outputs for input 8: port 0, index 8, sparse_out 19, out 19
Routing outputs for input 8: port 0, index 8, sparse_out 20, out 20
Routing outputs for input 8: port 0, index 8, sparse_out 21, out 21
Routing outputs for input 8: port 0, index 8, sparse_out 22, out 22
Routing outputs for input 8: port 0, index 8, sparse_out 23, out 23
Routing outputs for input 8: port 0, index 8, sparse_out 24, out 24
Routing outputs for input 8: port 0, index 8, sparse_out 25, out 25
Routing outputs for input 8: port 0, index 8, sparse_out 26, out 26
Routing outputs for input 8: port 0, index 8, sparse_out 27, out 27
Routing outputs for input 8: port 0, index 8, sparse_out 28, out 28
Routing outputs for input 8: port 0, index 8, sparse_out 29, out 29
Routing outputs for input 8: port 0, index 8, sparse_out 30, out 30
Routing outputs for input 8: port 0, index 8, sparse_out 31, out 31
Routing outputs for input 8: port 0, index 8, sparse_out 32, out 32
Routing outputs for input 8: port 0, index 8, sparse_out 33, out 33
Routing outputs for input 8: port 0, index 8, sparse_out 34, out 34
Routing outputs for input 8: port 0, index 8, sparse_out 35, out 35
Routing outputs for input 8: port 0, index 8, sparse_out 36, out 36
Routing outputs for input 8: port 0, index 8, sparse_out 37, out 37
Routing outputs for input 8: port 0, index 8, sparse_out 38, out 38
Routing outputs for input 8: port 0, index 8, sparse_out 39, out 39
Routing outputs for input 8: port 0, index 8, sparse_out 40, out 40
Routing outputs for input 8: port 0, index 8, sparse_out 41, out 41
Routing outputs for input 8: port 0, index 8, sparse_out 42, out 42
Routing outputs for input 8: port 0, index 8, sparse_out 43, out 43
Routing outputs for input 8: port 0, index 8, sparse_out 44, out 44
Routing outputs for input 8: port 0, index 8, sparse_out 45, out 45
Routing outputs for input 8: port 0, index 8, sparse_out 46, out 46
Routing outputs for input 8: port 0, index 8, sparse_out 47, out 47
Routing outputs for input 8: port 0, index 8, sparse_out 48, out 48
Routing outputs for input 8: port 0, index 8, sparse_out 49, out 49
Routing outputs for input 8: port 0, index 8, sparse_out 50, out 50
Routing outputs for input 8: port 0, index 8, sparse_out 51, out 51
Routing outputs for input 8: port 0, index 8, sparse_out 52, out 52
Routing outputs for input 8: port 0, index 8, sparse_out 53, out 53
Routing outputs for input 8: port 0, index 8, sparse_out 54, out 54
Routing outputs for input 8: port 0, index 8, sparse_out 55, out 55
Routing outputs for input 8: port 0, index 8, sparse_out 56, out 56
Routing outputs for input 8: port 0, index 8, sparse_out 57, out 57
Routing outputs for input 8: port 0, index 8, sparse_out 58, out 58
Routing outputs for input 8: port 0, index 8, sparse_out 59, out 59
Routing outputs for input 8: port 0, index 8, sparse_out 60, out 60
Routing outputs for input 8: port 0, index 8, sparse_out 61, out 61
Routing outputs for input 8: port 0, index 8, sparse_out 62, out 62
Routing outputs for input 8: port 0, index 8, sparse_out 63, out 63
Routing outputs for input 9: port 0, index 9, sparse_port_access_granularity 1
Routing outputs for input 9: port 0, index 9, sparse_out 0, out 0
Routing outputs for input 9: port 0, index 9, sparse_out 1, out 1
Routing outputs for input 9: port 0, index 9, sparse_out 2, out 2
Routing outputs for input 9: port 0, index 9, sparse_out 3, out 3
Routing outputs for input 9: port 0, index 9, sparse_out 4, out 4
Routing outputs for input 9: port 0, index 9, sparse_out 5, out 5
Routing outputs for input 9: port 0, index 9, sparse_out 6, out 6
Routing outputs for input 9: port 0, index 9, sparse_out 7, out 7
Routing outputs for input 9: port 0, index 9, sparse_out 8, out 8
Routing outputs for input 9: port 0, index 9, sparse_out 9, out 9
Routing outputs for input 9: port 0, index 9, sparse_out 10, out 10
Routing outputs for input 9: port 0, index 9, sparse_out 11, out 11
Routing outputs for input 9: port 0, index 9, sparse_out 12, out 12
Routing outputs for input 9: port 0, index 9, sparse_out 13, out 13
Routing outputs for input 9: port 0, index 9, sparse_out 14, out 14
Routing outputs for input 9: port 0, index 9, sparse_out 15, out 15
Routing outputs for input 9: port 0, index 9, sparse_out 16, out 16
Routing outputs for input 9: port 0, index 9, sparse_out 17, out 17
Routing outputs for input 9: port 0, index 9, sparse_out 18, out 18
Routing outputs for input 9: port 0, index 9, sparse_out 19, out 19
Routing outputs for input 9: port 0, index 9, sparse_out 20, out 20
Routing outputs for input 9: port 0, index 9, sparse_out 21, out 21
Routing outputs for input 9: port 0, index 9, sparse_out 22, out 22
Routing outputs for input 9: port 0, index 9, sparse_out 23, out 23
Routing outputs for input 9: port 0, index 9, sparse_out 24, out 24
Routing outputs for input 9: port 0, index 9, sparse_out 25, out 25
Routing outputs for input 9: port 0, index 9, sparse_out 26, out 26
Routing outputs for input 9: port 0, index 9, sparse_out 27, out 27
Routing outputs for input 9: port 0, index 9, sparse_out 28, out 28
Routing outputs for input 9: port 0, index 9, sparse_out 29, out 29
Routing outputs for input 9: port 0, index 9, sparse_out 30, out 30
Routing outputs for input 9: port 0, index 9, sparse_out 31, out 31
Routing outputs for input 9: port 0, index 9, sparse_out 32, out 32
Routing outputs for input 9: port 0, index 9, sparse_out 33, out 33
Routing outputs for input 9: port 0, index 9, sparse_out 34, out 34
Routing outputs for input 9: port 0, index 9, sparse_out 35, out 35
Routing outputs for input 9: port 0, index 9, sparse_out 36, out 36
Routing outputs for input 9: port 0, index 9, sparse_out 37, out 37
Routing outputs for input 9: port 0, index 9, sparse_out 38, out 38
Routing outputs for input 9: port 0, index 9, sparse_out 39, out 39
Routing outputs for input 9: port 0, index 9, sparse_out 40, out 40
Routing outputs for input 9: port 0, index 9, sparse_out 41, out 41
Routing outputs for input 9: port 0, index 9, sparse_out 42, out 42
Routing outputs for input 9: port 0, index 9, sparse_out 43, out 43
Routing outputs for input 9: port 0, index 9, sparse_out 44, out 44
Routing outputs for input 9: port 0, index 9, sparse_out 45, out 45
Routing outputs for input 9: port 0, index 9, sparse_out 46, out 46
Routing outputs for input 9: port 0, index 9, sparse_out 47, out 47
Routing outputs for input 9: port 0, index 9, sparse_out 48, out 48
Routing outputs for input 9: port 0, index 9, sparse_out 49, out 49
Routing outputs for input 9: port 0, index 9, sparse_out 50, out 50
Routing outputs for input 9: port 0, index 9, sparse_out 51, out 51
Routing outputs for input 9: port 0, index 9, sparse_out 52, out 52
Routing outputs for input 9: port 0, index 9, sparse_out 53, out 53
Routing outputs for input 9: port 0, index 9, sparse_out 54, out 54
Routing outputs for input 9: port 0, index 9, sparse_out 55, out 55
Routing outputs for input 9: port 0, index 9, sparse_out 56, out 56
Routing outputs for input 9: port 0, index 9, sparse_out 57, out 57
Routing outputs for input 9: port 0, index 9, sparse_out 58, out 58
Routing outputs for input 9: port 0, index 9, sparse_out 59, out 59
Routing outputs for input 9: port 0, index 9, sparse_out 60, out 60
Routing outputs for input 9: port 0, index 9, sparse_out 61, out 61
Routing outputs for input 9: port 0, index 9, sparse_out 62, out 62
Routing outputs for input 9: port 0, index 9, sparse_out 63, out 63
Routing outputs for input 10: port 0, index 10, sparse_port_access_granularity 1
Routing outputs for input 10: port 0, index 10, sparse_out 0, out 0
Routing outputs for input 10: port 0, index 10, sparse_out 1, out 1
Routing outputs for input 10: port 0, index 10, sparse_out 2, out 2
Routing outputs for input 10: port 0, index 10, sparse_out 3, out 3
Routing outputs for input 10: port 0, index 10, sparse_out 4, out 4
Routing outputs for input 10: port 0, index 10, sparse_out 5, out 5
Routing outputs for input 10: port 0, index 10, sparse_out 6, out 6
Routing outputs for input 10: port 0, index 10, sparse_out 7, out 7
Routing outputs for input 10: port 0, index 10, sparse_out 8, out 8
Routing outputs for input 10: port 0, index 10, sparse_out 9, out 9
Routing outputs for input 10: port 0, index 10, sparse_out 10, out 10
Routing outputs for input 10: port 0, index 10, sparse_out 11, out 11
Routing outputs for input 10: port 0, index 10, sparse_out 12, out 12
Routing outputs for input 10: port 0, index 10, sparse_out 13, out 13
Routing outputs for input 10: port 0, index 10, sparse_out 14, out 14
Routing outputs for input 10: port 0, index 10, sparse_out 15, out 15
Routing outputs for input 10: port 0, index 10, sparse_out 16, out 16
Routing outputs for input 10: port 0, index 10, sparse_out 17, out 17
Routing outputs for input 10: port 0, index 10, sparse_out 18, out 18
Routing outputs for input 10: port 0, index 10, sparse_out 19, out 19
Routing outputs for input 10: port 0, index 10, sparse_out 20, out 20
Routing outputs for input 10: port 0, index 10, sparse_out 21, out 21
Routing outputs for input 10: port 0, index 10, sparse_out 22, out 22
Routing outputs for input 10: port 0, index 10, sparse_out 23, out 23
Routing outputs for input 10: port 0, index 10, sparse_out 24, out 24
Routing outputs for input 10: port 0, index 10, sparse_out 25, out 25
Routing outputs for input 10: port 0, index 10, sparse_out 26, out 26
Routing outputs for input 10: port 0, index 10, sparse_out 27, out 27
Routing outputs for input 10: port 0, index 10, sparse_out 28, out 28
Routing outputs for input 10: port 0, index 10, sparse_out 29, out 29
Routing outputs for input 10: port 0, index 10, sparse_out 30, out 30
Routing outputs for input 10: port 0, index 10, sparse_out 31, out 31
Routing outputs for input 10: port 0, index 10, sparse_out 32, out 32
Routing outputs for input 10: port 0, index 10, sparse_out 33, out 33
Routing outputs for input 10: port 0, index 10, sparse_out 34, out 34
Routing outputs for input 10: port 0, index 10, sparse_out 35, out 35
Routing outputs for input 10: port 0, index 10, sparse_out 36, out 36
Routing outputs for input 10: port 0, index 10, sparse_out 37, out 37
Routing outputs for input 10: port 0, index 10, sparse_out 38, out 38
Routing outputs for input 10: port 0, index 10, sparse_out 39, out 39
Routing outputs for input 10: port 0, index 10, sparse_out 40, out 40
Routing outputs for input 10: port 0, index 10, sparse_out 41, out 41
Routing outputs for input 10: port 0, index 10, sparse_out 42, out 42
Routing outputs for input 10: port 0, index 10, sparse_out 43, out 43
Routing outputs for input 10: port 0, index 10, sparse_out 44, out 44
Routing outputs for input 10: port 0, index 10, sparse_out 45, out 45
Routing outputs for input 10: port 0, index 10, sparse_out 46, out 46
Routing outputs for input 10: port 0, index 10, sparse_out 47, out 47
Routing outputs for input 10: port 0, index 10, sparse_out 48, out 48
Routing outputs for input 10: port 0, index 10, sparse_out 49, out 49
Routing outputs for input 10: port 0, index 10, sparse_out 50, out 50
Routing outputs for input 10: port 0, index 10, sparse_out 51, out 51
Routing outputs for input 10: port 0, index 10, sparse_out 52, out 52
Routing outputs for input 10: port 0, index 10, sparse_out 53, out 53
Routing outputs for input 10: port 0, index 10, sparse_out 54, out 54
Routing outputs for input 10: port 0, index 10, sparse_out 55, out 55
Routing outputs for input 10: port 0, index 10, sparse_out 56, out 56
Routing outputs for input 10: port 0, index 10, sparse_out 57, out 57
Routing outputs for input 10: port 0, index 10, sparse_out 58, out 58
Routing outputs for input 10: port 0, index 10, sparse_out 59, out 59
Routing outputs for input 10: port 0, index 10, sparse_out 60, out 60
Routing outputs for input 10: port 0, index 10, sparse_out 61, out 61
Routing outputs for input 10: port 0, index 10, sparse_out 62, out 62
Routing outputs for input 10: port 0, index 10, sparse_out 63, out 63
Routing outputs for input 11: port 0, index 11, sparse_port_access_granularity 1
Routing outputs for input 11: port 0, index 11, sparse_out 0, out 0
Routing outputs for input 11: port 0, index 11, sparse_out 1, out 1
Routing outputs for input 11: port 0, index 11, sparse_out 2, out 2
Routing outputs for input 11: port 0, index 11, sparse_out 3, out 3
Routing outputs for input 11: port 0, index 11, sparse_out 4, out 4
Routing outputs for input 11: port 0, index 11, sparse_out 5, out 5
Routing outputs for input 11: port 0, index 11, sparse_out 6, out 6
Routing outputs for input 11: port 0, index 11, sparse_out 7, out 7
Routing outputs for input 11: port 0, index 11, sparse_out 8, out 8
Routing outputs for input 11: port 0, index 11, sparse_out 9, out 9
Routing outputs for input 11: port 0, index 11, sparse_out 10, out 10
Routing outputs for input 11: port 0, index 11, sparse_out 11, out 11
Routing outputs for input 11: port 0, index 11, sparse_out 12, out 12
Routing outputs for input 11: port 0, index 11, sparse_out 13, out 13
Routing outputs for input 11: port 0, index 11, sparse_out 14, out 14
Routing outputs for input 11: port 0, index 11, sparse_out 15, out 15
Routing outputs for input 11: port 0, index 11, sparse_out 16, out 16
Routing outputs for input 11: port 0, index 11, sparse_out 17, out 17
Routing outputs for input 11: port 0, index 11, sparse_out 18, out 18
Routing outputs for input 11: port 0, index 11, sparse_out 19, out 19
Routing outputs for input 11: port 0, index 11, sparse_out 20, out 20
Routing outputs for input 11: port 0, index 11, sparse_out 21, out 21
Routing outputs for input 11: port 0, index 11, sparse_out 22, out 22
Routing outputs for input 11: port 0, index 11, sparse_out 23, out 23
Routing outputs for input 11: port 0, index 11, sparse_out 24, out 24
Routing outputs for input 11: port 0, index 11, sparse_out 25, out 25
Routing outputs for input 11: port 0, index 11, sparse_out 26, out 26
Routing outputs for input 11: port 0, index 11, sparse_out 27, out 27
Routing outputs for input 11: port 0, index 11, sparse_out 28, out 28
Routing outputs for input 11: port 0, index 11, sparse_out 29, out 29
Routing outputs for input 11: port 0, index 11, sparse_out 30, out 30
Routing outputs for input 11: port 0, index 11, sparse_out 31, out 31
Routing outputs for input 11: port 0, index 11, sparse_out 32, out 32
Routing outputs for input 11: port 0, index 11, sparse_out 33, out 33
Routing outputs for input 11: port 0, index 11, sparse_out 34, out 34
Routing outputs for input 11: port 0, index 11, sparse_out 35, out 35
Routing outputs for input 11: port 0, index 11, sparse_out 36, out 36
Routing outputs for input 11: port 0, index 11, sparse_out 37, out 37
Routing outputs for input 11: port 0, index 11, sparse_out 38, out 38
Routing outputs for input 11: port 0, index 11, sparse_out 39, out 39
Routing outputs for input 11: port 0, index 11, sparse_out 40, out 40
Routing outputs for input 11: port 0, index 11, sparse_out 41, out 41
Routing outputs for input 11: port 0, index 11, sparse_out 42, out 42
Routing outputs for input 11: port 0, index 11, sparse_out 43, out 43
Routing outputs for input 11: port 0, index 11, sparse_out 44, out 44
Routing outputs for input 11: port 0, index 11, sparse_out 45, out 45
Routing outputs for input 11: port 0, index 11, sparse_out 46, out 46
Routing outputs for input 11: port 0, index 11, sparse_out 47, out 47
Routing outputs for input 11: port 0, index 11, sparse_out 48, out 48
Routing outputs for input 11: port 0, index 11, sparse_out 49, out 49
Routing outputs for input 11: port 0, index 11, sparse_out 50, out 50
Routing outputs for input 11: port 0, index 11, sparse_out 51, out 51
Routing outputs for input 11: port 0, index 11, sparse_out 52, out 52
Routing outputs for input 11: port 0, index 11, sparse_out 53, out 53
Routing outputs for input 11: port 0, index 11, sparse_out 54, out 54
Routing outputs for input 11: port 0, index 11, sparse_out 55, out 55
Routing outputs for input 11: port 0, index 11, sparse_out 56, out 56
Routing outputs for input 11: port 0, index 11, sparse_out 57, out 57
Routing outputs for input 11: port 0, index 11, sparse_out 58, out 58
Routing outputs for input 11: port 0, index 11, sparse_out 59, out 59
Routing outputs for input 11: port 0, index 11, sparse_out 60, out 60
Routing outputs for input 11: port 0, index 11, sparse_out 61, out 61
Routing outputs for input 11: port 0, index 11, sparse_out 62, out 62
Routing outputs for input 11: port 0, index 11, sparse_out 63, out 63
Routing outputs for input 12: port 0, index 12, sparse_port_access_granularity 1
Routing outputs for input 12: port 0, index 12, sparse_out 0, out 0
Routing outputs for input 12: port 0, index 12, sparse_out 1, out 1
Routing outputs for input 12: port 0, index 12, sparse_out 2, out 2
Routing outputs for input 12: port 0, index 12, sparse_out 3, out 3
Routing outputs for input 12: port 0, index 12, sparse_out 4, out 4
Routing outputs for input 12: port 0, index 12, sparse_out 5, out 5
Routing outputs for input 12: port 0, index 12, sparse_out 6, out 6
Routing outputs for input 12: port 0, index 12, sparse_out 7, out 7
Routing outputs for input 12: port 0, index 12, sparse_out 8, out 8
Routing outputs for input 12: port 0, index 12, sparse_out 9, out 9
Routing outputs for input 12: port 0, index 12, sparse_out 10, out 10
Routing outputs for input 12: port 0, index 12, sparse_out 11, out 11
Routing outputs for input 12: port 0, index 12, sparse_out 12, out 12
Routing outputs for input 12: port 0, index 12, sparse_out 13, out 13
Routing outputs for input 12: port 0, index 12, sparse_out 14, out 14
Routing outputs for input 12: port 0, index 12, sparse_out 15, out 15
Routing outputs for input 12: port 0, index 12, sparse_out 16, out 16
Routing outputs for input 12: port 0, index 12, sparse_out 17, out 17
Routing outputs for input 12: port 0, index 12, sparse_out 18, out 18
Routing outputs for input 12: port 0, index 12, sparse_out 19, out 19
Routing outputs for input 12: port 0, index 12, sparse_out 20, out 20
Routing outputs for input 12: port 0, index 12, sparse_out 21, out 21
Routing outputs for input 12: port 0, index 12, sparse_out 22, out 22
Routing outputs for input 12: port 0, index 12, sparse_out 23, out 23
Routing outputs for input 12: port 0, index 12, sparse_out 24, out 24
Routing outputs for input 12: port 0, index 12, sparse_out 25, out 25
Routing outputs for input 12: port 0, index 12, sparse_out 26, out 26
Routing outputs for input 12: port 0, index 12, sparse_out 27, out 27
Routing outputs for input 12: port 0, index 12, sparse_out 28, out 28
Routing outputs for input 12: port 0, index 12, sparse_out 29, out 29
Routing outputs for input 12: port 0, index 12, sparse_out 30, out 30
Routing outputs for input 12: port 0, index 12, sparse_out 31, out 31
Routing outputs for input 12: port 0, index 12, sparse_out 32, out 32
Routing outputs for input 12: port 0, index 12, sparse_out 33, out 33
Routing outputs for input 12: port 0, index 12, sparse_out 34, out 34
Routing outputs for input 12: port 0, index 12, sparse_out 35, out 35
Routing outputs for input 12: port 0, index 12, sparse_out 36, out 36
Routing outputs for input 12: port 0, index 12, sparse_out 37, out 37
Routing outputs for input 12: port 0, index 12, sparse_out 38, out 38
Routing outputs for input 12: port 0, index 12, sparse_out 39, out 39
Routing outputs for input 12: port 0, index 12, sparse_out 40, out 40
Routing outputs for input 12: port 0, index 12, sparse_out 41, out 41
Routing outputs for input 12: port 0, index 12, sparse_out 42, out 42
Routing outputs for input 12: port 0, index 12, sparse_out 43, out 43
Routing outputs for input 12: port 0, index 12, sparse_out 44, out 44
Routing outputs for input 12: port 0, index 12, sparse_out 45, out 45
Routing outputs for input 12: port 0, index 12, sparse_out 46, out 46
Routing outputs for input 12: port 0, index 12, sparse_out 47, out 47
Routing outputs for input 12: port 0, index 12, sparse_out 48, out 48
Routing outputs for input 12: port 0, index 12, sparse_out 49, out 49
Routing outputs for input 12: port 0, index 12, sparse_out 50, out 50
Routing outputs for input 12: port 0, index 12, sparse_out 51, out 51
Routing outputs for input 12: port 0, index 12, sparse_out 52, out 52
Routing outputs for input 12: port 0, index 12, sparse_out 53, out 53
Routing outputs for input 12: port 0, index 12, sparse_out 54, out 54
Routing outputs for input 12: port 0, index 12, sparse_out 55, out 55
Routing outputs for input 12: port 0, index 12, sparse_out 56, out 56
Routing outputs for input 12: port 0, index 12, sparse_out 57, out 57
Routing outputs for input 12: port 0, index 12, sparse_out 58, out 58
Routing outputs for input 12: port 0, index 12, sparse_out 59, out 59
Routing outputs for input 12: port 0, index 12, sparse_out 60, out 60
Routing outputs for input 12: port 0, index 12, sparse_out 61, out 61
Routing outputs for input 12: port 0, index 12, sparse_out 62, out 62
Routing outputs for input 12: port 0, index 12, sparse_out 63, out 63
Routing outputs for input 13: port 0, index 13, sparse_port_access_granularity 1
Routing outputs for input 13: port 0, index 13, sparse_out 0, out 0
Routing outputs for input 13: port 0, index 13, sparse_out 1, out 1
Routing outputs for input 13: port 0, index 13, sparse_out 2, out 2
Routing outputs for input 13: port 0, index 13, sparse_out 3, out 3
Routing outputs for input 13: port 0, index 13, sparse_out 4, out 4
Routing outputs for input 13: port 0, index 13, sparse_out 5, out 5
Routing outputs for input 13: port 0, index 13, sparse_out 6, out 6
Routing outputs for input 13: port 0, index 13, sparse_out 7, out 7
Routing outputs for input 13: port 0, index 13, sparse_out 8, out 8
Routing outputs for input 13: port 0, index 13, sparse_out 9, out 9
Routing outputs for input 13: port 0, index 13, sparse_out 10, out 10
Routing outputs for input 13: port 0, index 13, sparse_out 11, out 11
Routing outputs for input 13: port 0, index 13, sparse_out 12, out 12
Routing outputs for input 13: port 0, index 13, sparse_out 13, out 13
Routing outputs for input 13: port 0, index 13, sparse_out 14, out 14
Routing outputs for input 13: port 0, index 13, sparse_out 15, out 15
Routing outputs for input 13: port 0, index 13, sparse_out 16, out 16
Routing outputs for input 13: port 0, index 13, sparse_out 17, out 17
Routing outputs for input 13: port 0, index 13, sparse_out 18, out 18
Routing outputs for input 13: port 0, index 13, sparse_out 19, out 19
Routing outputs for input 13: port 0, index 13, sparse_out 20, out 20
Routing outputs for input 13: port 0, index 13, sparse_out 21, out 21
Routing outputs for input 13: port 0, index 13, sparse_out 22, out 22
Routing outputs for input 13: port 0, index 13, sparse_out 23, out 23
Routing outputs for input 13: port 0, index 13, sparse_out 24, out 24
Routing outputs for input 13: port 0, index 13, sparse_out 25, out 25
Routing outputs for input 13: port 0, index 13, sparse_out 26, out 26
Routing outputs for input 13: port 0, index 13, sparse_out 27, out 27
Routing outputs for input 13: port 0, index 13, sparse_out 28, out 28
Routing outputs for input 13: port 0, index 13, sparse_out 29, out 29
Routing outputs for input 13: port 0, index 13, sparse_out 30, out 30
Routing outputs for input 13: port 0, index 13, sparse_out 31, out 31
Routing outputs for input 13: port 0, index 13, sparse_out 32, out 32
Routing outputs for input 13: port 0, index 13, sparse_out 33, out 33
Routing outputs for input 13: port 0, index 13, sparse_out 34, out 34
Routing outputs for input 13: port 0, index 13, sparse_out 35, out 35
Routing outputs for input 13: port 0, index 13, sparse_out 36, out 36
Routing outputs for input 13: port 0, index 13, sparse_out 37, out 37
Routing outputs for input 13: port 0, index 13, sparse_out 38, out 38
Routing outputs for input 13: port 0, index 13, sparse_out 39, out 39
Routing outputs for input 13: port 0, index 13, sparse_out 40, out 40
Routing outputs for input 13: port 0, index 13, sparse_out 41, out 41
Routing outputs for input 13: port 0, index 13, sparse_out 42, out 42
Routing outputs for input 13: port 0, index 13, sparse_out 43, out 43
Routing outputs for input 13: port 0, index 13, sparse_out 44, out 44
Routing outputs for input 13: port 0, index 13, sparse_out 45, out 45
Routing outputs for input 13: port 0, index 13, sparse_out 46, out 46
Routing outputs for input 13: port 0, index 13, sparse_out 47, out 47
Routing outputs for input 13: port 0, index 13, sparse_out 48, out 48
Routing outputs for input 13: port 0, index 13, sparse_out 49, out 49
Routing outputs for input 13: port 0, index 13, sparse_out 50, out 50
Routing outputs for input 13: port 0, index 13, sparse_out 51, out 51
Routing outputs for input 13: port 0, index 13, sparse_out 52, out 52
Routing outputs for input 13: port 0, index 13, sparse_out 53, out 53
Routing outputs for input 13: port 0, index 13, sparse_out 54, out 54
Routing outputs for input 13: port 0, index 13, sparse_out 55, out 55
Routing outputs for input 13: port 0, index 13, sparse_out 56, out 56
Routing outputs for input 13: port 0, index 13, sparse_out 57, out 57
Routing outputs for input 13: port 0, index 13, sparse_out 58, out 58
Routing outputs for input 13: port 0, index 13, sparse_out 59, out 59
Routing outputs for input 13: port 0, index 13, sparse_out 60, out 60
Routing outputs for input 13: port 0, index 13, sparse_out 61, out 61
Routing outputs for input 13: port 0, index 13, sparse_out 62, out 62
Routing outputs for input 13: port 0, index 13, sparse_out 63, out 63
Routing outputs for input 14: port 0, index 14, sparse_port_access_granularity 1
Routing outputs for input 14: port 0, index 14, sparse_out 0, out 0
Routing outputs for input 14: port 0, index 14, sparse_out 1, out 1
Routing outputs for input 14: port 0, index 14, sparse_out 2, out 2
Routing outputs for input 14: port 0, index 14, sparse_out 3, out 3
Routing outputs for input 14: port 0, index 14, sparse_out 4, out 4
Routing outputs for input 14: port 0, index 14, sparse_out 5, out 5
Routing outputs for input 14: port 0, index 14, sparse_out 6, out 6
Routing outputs for input 14: port 0, index 14, sparse_out 7, out 7
Routing outputs for input 14: port 0, index 14, sparse_out 8, out 8
Routing outputs for input 14: port 0, index 14, sparse_out 9, out 9
Routing outputs for input 14: port 0, index 14, sparse_out 10, out 10
Routing outputs for input 14: port 0, index 14, sparse_out 11, out 11
Routing outputs for input 14: port 0, index 14, sparse_out 12, out 12
Routing outputs for input 14: port 0, index 14, sparse_out 13, out 13
Routing outputs for input 14: port 0, index 14, sparse_out 14, out 14
Routing outputs for input 14: port 0, index 14, sparse_out 15, out 15
Routing outputs for input 14: port 0, index 14, sparse_out 16, out 16
Routing outputs for input 14: port 0, index 14, sparse_out 17, out 17
Routing outputs for input 14: port 0, index 14, sparse_out 18, out 18
Routing outputs for input 14: port 0, index 14, sparse_out 19, out 19
Routing outputs for input 14: port 0, index 14, sparse_out 20, out 20
Routing outputs for input 14: port 0, index 14, sparse_out 21, out 21
Routing outputs for input 14: port 0, index 14, sparse_out 22, out 22
Routing outputs for input 14: port 0, index 14, sparse_out 23, out 23
Routing outputs for input 14: port 0, index 14, sparse_out 24, out 24
Routing outputs for input 14: port 0, index 14, sparse_out 25, out 25
Routing outputs for input 14: port 0, index 14, sparse_out 26, out 26
Routing outputs for input 14: port 0, index 14, sparse_out 27, out 27
Routing outputs for input 14: port 0, index 14, sparse_out 28, out 28
Routing outputs for input 14: port 0, index 14, sparse_out 29, out 29
Routing outputs for input 14: port 0, index 14, sparse_out 30, out 30
Routing outputs for input 14: port 0, index 14, sparse_out 31, out 31
Routing outputs for input 14: port 0, index 14, sparse_out 32, out 32
Routing outputs for input 14: port 0, index 14, sparse_out 33, out 33
Routing outputs for input 14: port 0, index 14, sparse_out 34, out 34
Routing outputs for input 14: port 0, index 14, sparse_out 35, out 35
Routing outputs for input 14: port 0, index 14, sparse_out 36, out 36
Routing outputs for input 14: port 0, index 14, sparse_out 37, out 37
Routing outputs for input 14: port 0, index 14, sparse_out 38, out 38
Routing outputs for input 14: port 0, index 14, sparse_out 39, out 39
Routing outputs for input 14: port 0, index 14, sparse_out 40, out 40
Routing outputs for input 14: port 0, index 14, sparse_out 41, out 41
Routing outputs for input 14: port 0, index 14, sparse_out 42, out 42
Routing outputs for input 14: port 0, index 14, sparse_out 43, out 43
Routing outputs for input 14: port 0, index 14, sparse_out 44, out 44
Routing outputs for input 14: port 0, index 14, sparse_out 45, out 45
Routing outputs for input 14: port 0, index 14, sparse_out 46, out 46
Routing outputs for input 14: port 0, index 14, sparse_out 47, out 47
Routing outputs for input 14: port 0, index 14, sparse_out 48, out 48
Routing outputs for input 14: port 0, index 14, sparse_out 49, out 49
Routing outputs for input 14: port 0, index 14, sparse_out 50, out 50
Routing outputs for input 14: port 0, index 14, sparse_out 51, out 51
Routing outputs for input 14: port 0, index 14, sparse_out 52, out 52
Routing outputs for input 14: port 0, index 14, sparse_out 53, out 53
Routing outputs for input 14: port 0, index 14, sparse_out 54, out 54
Routing outputs for input 14: port 0, index 14, sparse_out 55, out 55
Routing outputs for input 14: port 0, index 14, sparse_out 56, out 56
Routing outputs for input 14: port 0, index 14, sparse_out 57, out 57
Routing outputs for input 14: port 0, index 14, sparse_out 58, out 58
Routing outputs for input 14: port 0, index 14, sparse_out 59, out 59
Routing outputs for input 14: port 0, index 14, sparse_out 60, out 60
Routing outputs for input 14: port 0, index 14, sparse_out 61, out 61
Routing outputs for input 14: port 0, index 14, sparse_out 62, out 62
Routing outputs for input 14: port 0, index 14, sparse_out 63, out 63
Routing outputs for input 15: port 0, index 15, sparse_port_access_granularity 1
Routing outputs for input 15: port 0, index 15, sparse_out 0, out 0
Routing outputs for input 15: port 0, index 15, sparse_out 1, out 1
Routing outputs for input 15: port 0, index 15, sparse_out 2, out 2
Routing outputs for input 15: port 0, index 15, sparse_out 3, out 3
Routing outputs for input 15: port 0, index 15, sparse_out 4, out 4
Routing outputs for input 15: port 0, index 15, sparse_out 5, out 5
Routing outputs for input 15: port 0, index 15, sparse_out 6, out 6
Routing outputs for input 15: port 0, index 15, sparse_out 7, out 7
Routing outputs for input 15: port 0, index 15, sparse_out 8, out 8
Routing outputs for input 15: port 0, index 15, sparse_out 9, out 9
Routing outputs for input 15: port 0, index 15, sparse_out 10, out 10
Routing outputs for input 15: port 0, index 15, sparse_out 11, out 11
Routing outputs for input 15: port 0, index 15, sparse_out 12, out 12
Routing outputs for input 15: port 0, index 15, sparse_out 13, out 13
Routing outputs for input 15: port 0, index 15, sparse_out 14, out 14
Routing outputs for input 15: port 0, index 15, sparse_out 15, out 15
Routing outputs for input 15: port 0, index 15, sparse_out 16, out 16
Routing outputs for input 15: port 0, index 15, sparse_out 17, out 17
Routing outputs for input 15: port 0, index 15, sparse_out 18, out 18
Routing outputs for input 15: port 0, index 15, sparse_out 19, out 19
Routing outputs for input 15: port 0, index 15, sparse_out 20, out 20
Routing outputs for input 15: port 0, index 15, sparse_out 21, out 21
Routing outputs for input 15: port 0, index 15, sparse_out 22, out 22
Routing outputs for input 15: port 0, index 15, sparse_out 23, out 23
Routing outputs for input 15: port 0, index 15, sparse_out 24, out 24
Routing outputs for input 15: port 0, index 15, sparse_out 25, out 25
Routing outputs for input 15: port 0, index 15, sparse_out 26, out 26
Routing outputs for input 15: port 0, index 15, sparse_out 27, out 27
Routing outputs for input 15: port 0, index 15, sparse_out 28, out 28
Routing outputs for input 15: port 0, index 15, sparse_out 29, out 29
Routing outputs for input 15: port 0, index 15, sparse_out 30, out 30
Routing outputs for input 15: port 0, index 15, sparse_out 31, out 31
Routing outputs for input 15: port 0, index 15, sparse_out 32, out 32
Routing outputs for input 15: port 0, index 15, sparse_out 33, out 33
Routing outputs for input 15: port 0, index 15, sparse_out 34, out 34
Routing outputs for input 15: port 0, index 15, sparse_out 35, out 35
Routing outputs for input 15: port 0, index 15, sparse_out 36, out 36
Routing outputs for input 15: port 0, index 15, sparse_out 37, out 37
Routing outputs for input 15: port 0, index 15, sparse_out 38, out 38
Routing outputs for input 15: port 0, index 15, sparse_out 39, out 39
Routing outputs for input 15: port 0, index 15, sparse_out 40, out 40
Routing outputs for input 15: port 0, index 15, sparse_out 41, out 41
Routing outputs for input 15: port 0, index 15, sparse_out 42, out 42
Routing outputs for input 15: port 0, index 15, sparse_out 43, out 43
Routing outputs for input 15: port 0, index 15, sparse_out 44, out 44
Routing outputs for input 15: port 0, index 15, sparse_out 45, out 45
Routing outputs for input 15: port 0, index 15, sparse_out 46, out 46
Routing outputs for input 15: port 0, index 15, sparse_out 47, out 47
Routing outputs for input 15: port 0, index 15, sparse_out 48, out 48
Routing outputs for input 15: port 0, index 15, sparse_out 49, out 49
Routing outputs for input 15: port 0, index 15, sparse_out 50, out 50
Routing outputs for input 15: port 0, index 15, sparse_out 51, out 51
Routing outputs for input 15: port 0, index 15, sparse_out 52, out 52
Routing outputs for input 15: port 0, index 15, sparse_out 53, out 53
Routing outputs for input 15: port 0, index 15, sparse_out 54, out 54
Routing outputs for input 15: port 0, index 15, sparse_out 55, out 55
Routing outputs for input 15: port 0, index 15, sparse_out 56, out 56
Routing outputs for input 15: port 0, index 15, sparse_out 57, out 57
Routing outputs for input 15: port 0, index 15, sparse_out 58, out 58
Routing outputs for input 15: port 0, index 15, sparse_out 59, out 59
Routing outputs for input 15: port 0, index 15, sparse_out 60, out 60
Routing outputs for input 15: port 0, index 15, sparse_out 61, out 61
Routing outputs for input 15: port 0, index 15, sparse_out 62, out 62
Routing outputs for input 15: port 0, index 15, sparse_out 63, out 63
Routing outputs for input 16: port 1, index 0, sparse_port_access_granularity 1
Routing outputs for input 16: port 1, index 0, sparse_out 0, out 0
Routing outputs for input 16: port 1, index 0, sparse_out 1, out 1
Routing outputs for input 16: port 1, index 0, sparse_out 2, out 2
Routing outputs for input 16: port 1, index 0, sparse_out 3, out 3
Routing outputs for input 16: port 1, index 0, sparse_out 4, out 4
Routing outputs for input 16: port 1, index 0, sparse_out 5, out 5
Routing outputs for input 16: port 1, index 0, sparse_out 6, out 6
Routing outputs for input 16: port 1, index 0, sparse_out 7, out 7
Routing outputs for input 16: port 1, index 0, sparse_out 8, out 8
Routing outputs for input 16: port 1, index 0, sparse_out 9, out 9
Routing outputs for input 16: port 1, index 0, sparse_out 10, out 10
Routing outputs for input 16: port 1, index 0, sparse_out 11, out 11
Routing outputs for input 16: port 1, index 0, sparse_out 12, out 12
Routing outputs for input 16: port 1, index 0, sparse_out 13, out 13
Routing outputs for input 16: port 1, index 0, sparse_out 14, out 14
Routing outputs for input 16: port 1, index 0, sparse_out 15, out 15
Routing outputs for input 16: port 1, index 0, sparse_out 16, out 16
Routing outputs for input 16: port 1, index 0, sparse_out 17, out 17
Routing outputs for input 16: port 1, index 0, sparse_out 18, out 18
Routing outputs for input 16: port 1, index 0, sparse_out 19, out 19
Routing outputs for input 16: port 1, index 0, sparse_out 20, out 20
Routing outputs for input 16: port 1, index 0, sparse_out 21, out 21
Routing outputs for input 16: port 1, index 0, sparse_out 22, out 22
Routing outputs for input 16: port 1, index 0, sparse_out 23, out 23
Routing outputs for input 16: port 1, index 0, sparse_out 24, out 24
Routing outputs for input 16: port 1, index 0, sparse_out 25, out 25
Routing outputs for input 16: port 1, index 0, sparse_out 26, out 26
Routing outputs for input 16: port 1, index 0, sparse_out 27, out 27
Routing outputs for input 16: port 1, index 0, sparse_out 28, out 28
Routing outputs for input 16: port 1, index 0, sparse_out 29, out 29
Routing outputs for input 16: port 1, index 0, sparse_out 30, out 30
Routing outputs for input 16: port 1, index 0, sparse_out 31, out 31
Routing outputs for input 16: port 1, index 0, sparse_out 32, out 32
Routing outputs for input 16: port 1, index 0, sparse_out 33, out 33
Routing outputs for input 16: port 1, index 0, sparse_out 34, out 34
Routing outputs for input 16: port 1, index 0, sparse_out 35, out 35
Routing outputs for input 16: port 1, index 0, sparse_out 36, out 36
Routing outputs for input 16: port 1, index 0, sparse_out 37, out 37
Routing outputs for input 16: port 1, index 0, sparse_out 38, out 38
Routing outputs for input 16: port 1, index 0, sparse_out 39, out 39
Routing outputs for input 16: port 1, index 0, sparse_out 40, out 40
Routing outputs for input 16: port 1, index 0, sparse_out 41, out 41
Routing outputs for input 16: port 1, index 0, sparse_out 42, out 42
Routing outputs for input 16: port 1, index 0, sparse_out 43, out 43
Routing outputs for input 16: port 1, index 0, sparse_out 44, out 44
Routing outputs for input 16: port 1, index 0, sparse_out 45, out 45
Routing outputs for input 16: port 1, index 0, sparse_out 46, out 46
Routing outputs for input 16: port 1, index 0, sparse_out 47, out 47
Routing outputs for input 16: port 1, index 0, sparse_out 48, out 48
Routing outputs for input 16: port 1, index 0, sparse_out 49, out 49
Routing outputs for input 16: port 1, index 0, sparse_out 50, out 50
Routing outputs for input 16: port 1, index 0, sparse_out 51, out 51
Routing outputs for input 16: port 1, index 0, sparse_out 52, out 52
Routing outputs for input 16: port 1, index 0, sparse_out 53, out 53
Routing outputs for input 16: port 1, index 0, sparse_out 54, out 54
Routing outputs for input 16: port 1, index 0, sparse_out 55, out 55
Routing outputs for input 16: port 1, index 0, sparse_out 56, out 56
Routing outputs for input 16: port 1, index 0, sparse_out 57, out 57
Routing outputs for input 16: port 1, index 0, sparse_out 58, out 58
Routing outputs for input 16: port 1, index 0, sparse_out 59, out 59
Routing outputs for input 16: port 1, index 0, sparse_out 60, out 60
Routing outputs for input 16: port 1, index 0, sparse_out 61, out 61
Routing outputs for input 16: port 1, index 0, sparse_out 62, out 62
Routing outputs for input 16: port 1, index 0, sparse_out 63, out 63
Routing outputs for input 17: port 1, index 1, sparse_port_access_granularity 1
Routing outputs for input 17: port 1, index 1, sparse_out 0, out 0
Routing outputs for input 17: port 1, index 1, sparse_out 1, out 1
Routing outputs for input 17: port 1, index 1, sparse_out 2, out 2
Routing outputs for input 17: port 1, index 1, sparse_out 3, out 3
Routing outputs for input 17: port 1, index 1, sparse_out 4, out 4
Routing outputs for input 17: port 1, index 1, sparse_out 5, out 5
Routing outputs for input 17: port 1, index 1, sparse_out 6, out 6
Routing outputs for input 17: port 1, index 1, sparse_out 7, out 7
Routing outputs for input 17: port 1, index 1, sparse_out 8, out 8
Routing outputs for input 17: port 1, index 1, sparse_out 9, out 9
Routing outputs for input 17: port 1, index 1, sparse_out 10, out 10
Routing outputs for input 17: port 1, index 1, sparse_out 11, out 11
Routing outputs for input 17: port 1, index 1, sparse_out 12, out 12
Routing outputs for input 17: port 1, index 1, sparse_out 13, out 13
Routing outputs for input 17: port 1, index 1, sparse_out 14, out 14
Routing outputs for input 17: port 1, index 1, sparse_out 15, out 15
Routing outputs for input 17: port 1, index 1, sparse_out 16, out 16
Routing outputs for input 17: port 1, index 1, sparse_out 17, out 17
Routing outputs for input 17: port 1, index 1, sparse_out 18, out 18
Routing outputs for input 17: port 1, index 1, sparse_out 19, out 19
Routing outputs for input 17: port 1, index 1, sparse_out 20, out 20
Routing outputs for input 17: port 1, index 1, sparse_out 21, out 21
Routing outputs for input 17: port 1, index 1, sparse_out 22, out 22
Routing outputs for input 17: port 1, index 1, sparse_out 23, out 23
Routing outputs for input 17: port 1, index 1, sparse_out 24, out 24
Routing outputs for input 17: port 1, index 1, sparse_out 25, out 25
Routing outputs for input 17: port 1, index 1, sparse_out 26, out 26
Routing outputs for input 17: port 1, index 1, sparse_out 27, out 27
Routing outputs for input 17: port 1, index 1, sparse_out 28, out 28
Routing outputs for input 17: port 1, index 1, sparse_out 29, out 29
Routing outputs for input 17: port 1, index 1, sparse_out 30, out 30
Routing outputs for input 17: port 1, index 1, sparse_out 31, out 31
Routing outputs for input 17: port 1, index 1, sparse_out 32, out 32
Routing outputs for input 17: port 1, index 1, sparse_out 33, out 33
Routing outputs for input 17: port 1, index 1, sparse_out 34, out 34
Routing outputs for input 17: port 1, index 1, sparse_out 35, out 35
Routing outputs for input 17: port 1, index 1, sparse_out 36, out 36
Routing outputs for input 17: port 1, index 1, sparse_out 37, out 37
Routing outputs for input 17: port 1, index 1, sparse_out 38, out 38
Routing outputs for input 17: port 1, index 1, sparse_out 39, out 39
Routing outputs for input 17: port 1, index 1, sparse_out 40, out 40
Routing outputs for input 17: port 1, index 1, sparse_out 41, out 41
Routing outputs for input 17: port 1, index 1, sparse_out 42, out 42
Routing outputs for input 17: port 1, index 1, sparse_out 43, out 43
Routing outputs for input 17: port 1, index 1, sparse_out 44, out 44
Routing outputs for input 17: port 1, index 1, sparse_out 45, out 45
Routing outputs for input 17: port 1, index 1, sparse_out 46, out 46
Routing outputs for input 17: port 1, index 1, sparse_out 47, out 47
Routing outputs for input 17: port 1, index 1, sparse_out 48, out 48
Routing outputs for input 17: port 1, index 1, sparse_out 49, out 49
Routing outputs for input 17: port 1, index 1, sparse_out 50, out 50
Routing outputs for input 17: port 1, index 1, sparse_out 51, out 51
Routing outputs for input 17: port 1, index 1, sparse_out 52, out 52
Routing outputs for input 17: port 1, index 1, sparse_out 53, out 53
Routing outputs for input 17: port 1, index 1, sparse_out 54, out 54
Routing outputs for input 17: port 1, index 1, sparse_out 55, out 55
Routing outputs for input 17: port 1, index 1, sparse_out 56, out 56
Routing outputs for input 17: port 1, index 1, sparse_out 57, out 57
Routing outputs for input 17: port 1, index 1, sparse_out 58, out 58
Routing outputs for input 17: port 1, index 1, sparse_out 59, out 59
Routing outputs for input 17: port 1, index 1, sparse_out 60, out 60
Routing outputs for input 17: port 1, index 1, sparse_out 61, out 61
Routing outputs for input 17: port 1, index 1, sparse_out 62, out 62
Routing outputs for input 17: port 1, index 1, sparse_out 63, out 63
Routing outputs for input 18: port 1, index 2, sparse_port_access_granularity 1
Routing outputs for input 18: port 1, index 2, sparse_out 0, out 0
Routing outputs for input 18: port 1, index 2, sparse_out 1, out 1
Routing outputs for input 18: port 1, index 2, sparse_out 2, out 2
Routing outputs for input 18: port 1, index 2, sparse_out 3, out 3
Routing outputs for input 18: port 1, index 2, sparse_out 4, out 4
Routing outputs for input 18: port 1, index 2, sparse_out 5, out 5
Routing outputs for input 18: port 1, index 2, sparse_out 6, out 6
Routing outputs for input 18: port 1, index 2, sparse_out 7, out 7
Routing outputs for input 18: port 1, index 2, sparse_out 8, out 8
Routing outputs for input 18: port 1, index 2, sparse_out 9, out 9
Routing outputs for input 18: port 1, index 2, sparse_out 10, out 10
Routing outputs for input 18: port 1, index 2, sparse_out 11, out 11
Routing outputs for input 18: port 1, index 2, sparse_out 12, out 12
Routing outputs for input 18: port 1, index 2, sparse_out 13, out 13
Routing outputs for input 18: port 1, index 2, sparse_out 14, out 14
Routing outputs for input 18: port 1, index 2, sparse_out 15, out 15
Routing outputs for input 18: port 1, index 2, sparse_out 16, out 16
Routing outputs for input 18: port 1, index 2, sparse_out 17, out 17
Routing outputs for input 18: port 1, index 2, sparse_out 18, out 18
Routing outputs for input 18: port 1, index 2, sparse_out 19, out 19
Routing outputs for input 18: port 1, index 2, sparse_out 20, out 20
Routing outputs for input 18: port 1, index 2, sparse_out 21, out 21
Routing outputs for input 18: port 1, index 2, sparse_out 22, out 22
Routing outputs for input 18: port 1, index 2, sparse_out 23, out 23
Routing outputs for input 18: port 1, index 2, sparse_out 24, out 24
Routing outputs for input 18: port 1, index 2, sparse_out 25, out 25
Routing outputs for input 18: port 1, index 2, sparse_out 26, out 26
Routing outputs for input 18: port 1, index 2, sparse_out 27, out 27
Routing outputs for input 18: port 1, index 2, sparse_out 28, out 28
Routing outputs for input 18: port 1, index 2, sparse_out 29, out 29
Routing outputs for input 18: port 1, index 2, sparse_out 30, out 30
Routing outputs for input 18: port 1, index 2, sparse_out 31, out 31
Routing outputs for input 18: port 1, index 2, sparse_out 32, out 32
Routing outputs for input 18: port 1, index 2, sparse_out 33, out 33
Routing outputs for input 18: port 1, index 2, sparse_out 34, out 34
Routing outputs for input 18: port 1, index 2, sparse_out 35, out 35
Routing outputs for input 18: port 1, index 2, sparse_out 36, out 36
Routing outputs for input 18: port 1, index 2, sparse_out 37, out 37
Routing outputs for input 18: port 1, index 2, sparse_out 38, out 38
Routing outputs for input 18: port 1, index 2, sparse_out 39, out 39
Routing outputs for input 18: port 1, index 2, sparse_out 40, out 40
Routing outputs for input 18: port 1, index 2, sparse_out 41, out 41
Routing outputs for input 18: port 1, index 2, sparse_out 42, out 42
Routing outputs for input 18: port 1, index 2, sparse_out 43, out 43
Routing outputs for input 18: port 1, index 2, sparse_out 44, out 44
Routing outputs for input 18: port 1, index 2, sparse_out 45, out 45
Routing outputs for input 18: port 1, index 2, sparse_out 46, out 46
Routing outputs for input 18: port 1, index 2, sparse_out 47, out 47
Routing outputs for input 18: port 1, index 2, sparse_out 48, out 48
Routing outputs for input 18: port 1, index 2, sparse_out 49, out 49
Routing outputs for input 18: port 1, index 2, sparse_out 50, out 50
Routing outputs for input 18: port 1, index 2, sparse_out 51, out 51
Routing outputs for input 18: port 1, index 2, sparse_out 52, out 52
Routing outputs for input 18: port 1, index 2, sparse_out 53, out 53
Routing outputs for input 18: port 1, index 2, sparse_out 54, out 54
Routing outputs for input 18: port 1, index 2, sparse_out 55, out 55
Routing outputs for input 18: port 1, index 2, sparse_out 56, out 56
Routing outputs for input 18: port 1, index 2, sparse_out 57, out 57
Routing outputs for input 18: port 1, index 2, sparse_out 58, out 58
Routing outputs for input 18: port 1, index 2, sparse_out 59, out 59
Routing outputs for input 18: port 1, index 2, sparse_out 60, out 60
Routing outputs for input 18: port 1, index 2, sparse_out 61, out 61
Routing outputs for input 18: port 1, index 2, sparse_out 62, out 62
Routing outputs for input 18: port 1, index 2, sparse_out 63, out 63
Routing outputs for input 19: port 1, index 3, sparse_port_access_granularity 1
Routing outputs for input 19: port 1, index 3, sparse_out 0, out 0
Routing outputs for input 19: port 1, index 3, sparse_out 1, out 1
Routing outputs for input 19: port 1, index 3, sparse_out 2, out 2
Routing outputs for input 19: port 1, index 3, sparse_out 3, out 3
Routing outputs for input 19: port 1, index 3, sparse_out 4, out 4
Routing outputs for input 19: port 1, index 3, sparse_out 5, out 5
Routing outputs for input 19: port 1, index 3, sparse_out 6, out 6
Routing outputs for input 19: port 1, index 3, sparse_out 7, out 7
Routing outputs for input 19: port 1, index 3, sparse_out 8, out 8
Routing outputs for input 19: port 1, index 3, sparse_out 9, out 9
Routing outputs for input 19: port 1, index 3, sparse_out 10, out 10
Routing outputs for input 19: port 1, index 3, sparse_out 11, out 11
Routing outputs for input 19: port 1, index 3, sparse_out 12, out 12
Routing outputs for input 19: port 1, index 3, sparse_out 13, out 13
Routing outputs for input 19: port 1, index 3, sparse_out 14, out 14
Routing outputs for input 19: port 1, index 3, sparse_out 15, out 15
Routing outputs for input 19: port 1, index 3, sparse_out 16, out 16
Routing outputs for input 19: port 1, index 3, sparse_out 17, out 17
Routing outputs for input 19: port 1, index 3, sparse_out 18, out 18
Routing outputs for input 19: port 1, index 3, sparse_out 19, out 19
Routing outputs for input 19: port 1, index 3, sparse_out 20, out 20
Routing outputs for input 19: port 1, index 3, sparse_out 21, out 21
Routing outputs for input 19: port 1, index 3, sparse_out 22, out 22
Routing outputs for input 19: port 1, index 3, sparse_out 23, out 23
Routing outputs for input 19: port 1, index 3, sparse_out 24, out 24
Routing outputs for input 19: port 1, index 3, sparse_out 25, out 25
Routing outputs for input 19: port 1, index 3, sparse_out 26, out 26
Routing outputs for input 19: port 1, index 3, sparse_out 27, out 27
Routing outputs for input 19: port 1, index 3, sparse_out 28, out 28
Routing outputs for input 19: port 1, index 3, sparse_out 29, out 29
Routing outputs for input 19: port 1, index 3, sparse_out 30, out 30
Routing outputs for input 19: port 1, index 3, sparse_out 31, out 31
Routing outputs for input 19: port 1, index 3, sparse_out 32, out 32
Routing outputs for input 19: port 1, index 3, sparse_out 33, out 33
Routing outputs for input 19: port 1, index 3, sparse_out 34, out 34
Routing outputs for input 19: port 1, index 3, sparse_out 35, out 35
Routing outputs for input 19: port 1, index 3, sparse_out 36, out 36
Routing outputs for input 19: port 1, index 3, sparse_out 37, out 37
Routing outputs for input 19: port 1, index 3, sparse_out 38, out 38
Routing outputs for input 19: port 1, index 3, sparse_out 39, out 39
Routing outputs for input 19: port 1, index 3, sparse_out 40, out 40
Routing outputs for input 19: port 1, index 3, sparse_out 41, out 41
Routing outputs for input 19: port 1, index 3, sparse_out 42, out 42
Routing outputs for input 19: port 1, index 3, sparse_out 43, out 43
Routing outputs for input 19: port 1, index 3, sparse_out 44, out 44
Routing outputs for input 19: port 1, index 3, sparse_out 45, out 45
Routing outputs for input 19: port 1, index 3, sparse_out 46, out 46
Routing outputs for input 19: port 1, index 3, sparse_out 47, out 47
Routing outputs for input 19: port 1, index 3, sparse_out 48, out 48
Routing outputs for input 19: port 1, index 3, sparse_out 49, out 49
Routing outputs for input 19: port 1, index 3, sparse_out 50, out 50
Routing outputs for input 19: port 1, index 3, sparse_out 51, out 51
Routing outputs for input 19: port 1, index 3, sparse_out 52, out 52
Routing outputs for input 19: port 1, index 3, sparse_out 53, out 53
Routing outputs for input 19: port 1, index 3, sparse_out 54, out 54
Routing outputs for input 19: port 1, index 3, sparse_out 55, out 55
Routing outputs for input 19: port 1, index 3, sparse_out 56, out 56
Routing outputs for input 19: port 1, index 3, sparse_out 57, out 57
Routing outputs for input 19: port 1, index 3, sparse_out 58, out 58
Routing outputs for input 19: port 1, index 3, sparse_out 59, out 59
Routing outputs for input 19: port 1, index 3, sparse_out 60, out 60
Routing outputs for input 19: port 1, index 3, sparse_out 61, out 61
Routing outputs for input 19: port 1, index 3, sparse_out 62, out 62
Routing outputs for input 19: port 1, index 3, sparse_out 63, out 63
Routing outputs for input 20: port 1, index 4, sparse_port_access_granularity 1
Routing outputs for input 20: port 1, index 4, sparse_out 0, out 0
Routing outputs for input 20: port 1, index 4, sparse_out 1, out 1
Routing outputs for input 20: port 1, index 4, sparse_out 2, out 2
Routing outputs for input 20: port 1, index 4, sparse_out 3, out 3
Routing outputs for input 20: port 1, index 4, sparse_out 4, out 4
Routing outputs for input 20: port 1, index 4, sparse_out 5, out 5
Routing outputs for input 20: port 1, index 4, sparse_out 6, out 6
Routing outputs for input 20: port 1, index 4, sparse_out 7, out 7
Routing outputs for input 20: port 1, index 4, sparse_out 8, out 8
Routing outputs for input 20: port 1, index 4, sparse_out 9, out 9
Routing outputs for input 20: port 1, index 4, sparse_out 10, out 10
Routing outputs for input 20: port 1, index 4, sparse_out 11, out 11
Routing outputs for input 20: port 1, index 4, sparse_out 12, out 12
Routing outputs for input 20: port 1, index 4, sparse_out 13, out 13
Routing outputs for input 20: port 1, index 4, sparse_out 14, out 14
Routing outputs for input 20: port 1, index 4, sparse_out 15, out 15
Routing outputs for input 20: port 1, index 4, sparse_out 16, out 16
Routing outputs for input 20: port 1, index 4, sparse_out 17, out 17
Routing outputs for input 20: port 1, index 4, sparse_out 18, out 18
Routing outputs for input 20: port 1, index 4, sparse_out 19, out 19
Routing outputs for input 20: port 1, index 4, sparse_out 20, out 20
Routing outputs for input 20: port 1, index 4, sparse_out 21, out 21
Routing outputs for input 20: port 1, index 4, sparse_out 22, out 22
Routing outputs for input 20: port 1, index 4, sparse_out 23, out 23
Routing outputs for input 20: port 1, index 4, sparse_out 24, out 24
Routing outputs for input 20: port 1, index 4, sparse_out 25, out 25
Routing outputs for input 20: port 1, index 4, sparse_out 26, out 26
Routing outputs for input 20: port 1, index 4, sparse_out 27, out 27
Routing outputs for input 20: port 1, index 4, sparse_out 28, out 28
Routing outputs for input 20: port 1, index 4, sparse_out 29, out 29
Routing outputs for input 20: port 1, index 4, sparse_out 30, out 30
Routing outputs for input 20: port 1, index 4, sparse_out 31, out 31
Routing outputs for input 20: port 1, index 4, sparse_out 32, out 32
Routing outputs for input 20: port 1, index 4, sparse_out 33, out 33
Routing outputs for input 20: port 1, index 4, sparse_out 34, out 34
Routing outputs for input 20: port 1, index 4, sparse_out 35, out 35
Routing outputs for input 20: port 1, index 4, sparse_out 36, out 36
Routing outputs for input 20: port 1, index 4, sparse_out 37, out 37
Routing outputs for input 20: port 1, index 4, sparse_out 38, out 38
Routing outputs for input 20: port 1, index 4, sparse_out 39, out 39
Routing outputs for input 20: port 1, index 4, sparse_out 40, out 40
Routing outputs for input 20: port 1, index 4, sparse_out 41, out 41
Routing outputs for input 20: port 1, index 4, sparse_out 42, out 42
Routing outputs for input 20: port 1, index 4, sparse_out 43, out 43
Routing outputs for input 20: port 1, index 4, sparse_out 44, out 44
Routing outputs for input 20: port 1, index 4, sparse_out 45, out 45
Routing outputs for input 20: port 1, index 4, sparse_out 46, out 46
Routing outputs for input 20: port 1, index 4, sparse_out 47, out 47
Routing outputs for input 20: port 1, index 4, sparse_out 48, out 48
Routing outputs for input 20: port 1, index 4, sparse_out 49, out 49
Routing outputs for input 20: port 1, index 4, sparse_out 50, out 50
Routing outputs for input 20: port 1, index 4, sparse_out 51, out 51
Routing outputs for input 20: port 1, index 4, sparse_out 52, out 52
Routing outputs for input 20: port 1, index 4, sparse_out 53, out 53
Routing outputs for input 20: port 1, index 4, sparse_out 54, out 54
Routing outputs for input 20: port 1, index 4, sparse_out 55, out 55
Routing outputs for input 20: port 1, index 4, sparse_out 56, out 56
Routing outputs for input 20: port 1, index 4, sparse_out 57, out 57
Routing outputs for input 20: port 1, index 4, sparse_out 58, out 58
Routing outputs for input 20: port 1, index 4, sparse_out 59, out 59
Routing outputs for input 20: port 1, index 4, sparse_out 60, out 60
Routing outputs for input 20: port 1, index 4, sparse_out 61, out 61
Routing outputs for input 20: port 1, index 4, sparse_out 62, out 62
Routing outputs for input 20: port 1, index 4, sparse_out 63, out 63
Routing outputs for input 21: port 1, index 5, sparse_port_access_granularity 1
Routing outputs for input 21: port 1, index 5, sparse_out 0, out 0
Routing outputs for input 21: port 1, index 5, sparse_out 1, out 1
Routing outputs for input 21: port 1, index 5, sparse_out 2, out 2
Routing outputs for input 21: port 1, index 5, sparse_out 3, out 3
Routing outputs for input 21: port 1, index 5, sparse_out 4, out 4
Routing outputs for input 21: port 1, index 5, sparse_out 5, out 5
Routing outputs for input 21: port 1, index 5, sparse_out 6, out 6
Routing outputs for input 21: port 1, index 5, sparse_out 7, out 7
Routing outputs for input 21: port 1, index 5, sparse_out 8, out 8
Routing outputs for input 21: port 1, index 5, sparse_out 9, out 9
Routing outputs for input 21: port 1, index 5, sparse_out 10, out 10
Routing outputs for input 21: port 1, index 5, sparse_out 11, out 11
Routing outputs for input 21: port 1, index 5, sparse_out 12, out 12
Routing outputs for input 21: port 1, index 5, sparse_out 13, out 13
Routing outputs for input 21: port 1, index 5, sparse_out 14, out 14
Routing outputs for input 21: port 1, index 5, sparse_out 15, out 15
Routing outputs for input 21: port 1, index 5, sparse_out 16, out 16
Routing outputs for input 21: port 1, index 5, sparse_out 17, out 17
Routing outputs for input 21: port 1, index 5, sparse_out 18, out 18
Routing outputs for input 21: port 1, index 5, sparse_out 19, out 19
Routing outputs for input 21: port 1, index 5, sparse_out 20, out 20
Routing outputs for input 21: port 1, index 5, sparse_out 21, out 21
Routing outputs for input 21: port 1, index 5, sparse_out 22, out 22
Routing outputs for input 21: port 1, index 5, sparse_out 23, out 23
Routing outputs for input 21: port 1, index 5, sparse_out 24, out 24
Routing outputs for input 21: port 1, index 5, sparse_out 25, out 25
Routing outputs for input 21: port 1, index 5, sparse_out 26, out 26
Routing outputs for input 21: port 1, index 5, sparse_out 27, out 27
Routing outputs for input 21: port 1, index 5, sparse_out 28, out 28
Routing outputs for input 21: port 1, index 5, sparse_out 29, out 29
Routing outputs for input 21: port 1, index 5, sparse_out 30, out 30
Routing outputs for input 21: port 1, index 5, sparse_out 31, out 31
Routing outputs for input 21: port 1, index 5, sparse_out 32, out 32
Routing outputs for input 21: port 1, index 5, sparse_out 33, out 33
Routing outputs for input 21: port 1, index 5, sparse_out 34, out 34
Routing outputs for input 21: port 1, index 5, sparse_out 35, out 35
Routing outputs for input 21: port 1, index 5, sparse_out 36, out 36
Routing outputs for input 21: port 1, index 5, sparse_out 37, out 37
Routing outputs for input 21: port 1, index 5, sparse_out 38, out 38
Routing outputs for input 21: port 1, index 5, sparse_out 39, out 39
Routing outputs for input 21: port 1, index 5, sparse_out 40, out 40
Routing outputs for input 21: port 1, index 5, sparse_out 41, out 41
Routing outputs for input 21: port 1, index 5, sparse_out 42, out 42
Routing outputs for input 21: port 1, index 5, sparse_out 43, out 43
Routing outputs for input 21: port 1, index 5, sparse_out 44, out 44
Routing outputs for input 21: port 1, index 5, sparse_out 45, out 45
Routing outputs for input 21: port 1, index 5, sparse_out 46, out 46
Routing outputs for input 21: port 1, index 5, sparse_out 47, out 47
Routing outputs for input 21: port 1, index 5, sparse_out 48, out 48
Routing outputs for input 21: port 1, index 5, sparse_out 49, out 49
Routing outputs for input 21: port 1, index 5, sparse_out 50, out 50
Routing outputs for input 21: port 1, index 5, sparse_out 51, out 51
Routing outputs for input 21: port 1, index 5, sparse_out 52, out 52
Routing outputs for input 21: port 1, index 5, sparse_out 53, out 53
Routing outputs for input 21: port 1, index 5, sparse_out 54, out 54
Routing outputs for input 21: port 1, index 5, sparse_out 55, out 55
Routing outputs for input 21: port 1, index 5, sparse_out 56, out 56
Routing outputs for input 21: port 1, index 5, sparse_out 57, out 57
Routing outputs for input 21: port 1, index 5, sparse_out 58, out 58
Routing outputs for input 21: port 1, index 5, sparse_out 59, out 59
Routing outputs for input 21: port 1, index 5, sparse_out 60, out 60
Routing outputs for input 21: port 1, index 5, sparse_out 61, out 61
Routing outputs for input 21: port 1, index 5, sparse_out 62, out 62
Routing outputs for input 21: port 1, index 5, sparse_out 63, out 63
Routing outputs for input 22: port 1, index 6, sparse_port_access_granularity 1
Routing outputs for input 22: port 1, index 6, sparse_out 0, out 0
Routing outputs for input 22: port 1, index 6, sparse_out 1, out 1
Routing outputs for input 22: port 1, index 6, sparse_out 2, out 2
Routing outputs for input 22: port 1, index 6, sparse_out 3, out 3
Routing outputs for input 22: port 1, index 6, sparse_out 4, out 4
Routing outputs for input 22: port 1, index 6, sparse_out 5, out 5
Routing outputs for input 22: port 1, index 6, sparse_out 6, out 6
Routing outputs for input 22: port 1, index 6, sparse_out 7, out 7
Routing outputs for input 22: port 1, index 6, sparse_out 8, out 8
Routing outputs for input 22: port 1, index 6, sparse_out 9, out 9
Routing outputs for input 22: port 1, index 6, sparse_out 10, out 10
Routing outputs for input 22: port 1, index 6, sparse_out 11, out 11
Routing outputs for input 22: port 1, index 6, sparse_out 12, out 12
Routing outputs for input 22: port 1, index 6, sparse_out 13, out 13
Routing outputs for input 22: port 1, index 6, sparse_out 14, out 14
Routing outputs for input 22: port 1, index 6, sparse_out 15, out 15
Routing outputs for input 22: port 1, index 6, sparse_out 16, out 16
Routing outputs for input 22: port 1, index 6, sparse_out 17, out 17
Routing outputs for input 22: port 1, index 6, sparse_out 18, out 18
Routing outputs for input 22: port 1, index 6, sparse_out 19, out 19
Routing outputs for input 22: port 1, index 6, sparse_out 20, out 20
Routing outputs for input 22: port 1, index 6, sparse_out 21, out 21
Routing outputs for input 22: port 1, index 6, sparse_out 22, out 22
Routing outputs for input 22: port 1, index 6, sparse_out 23, out 23
Routing outputs for input 22: port 1, index 6, sparse_out 24, out 24
Routing outputs for input 22: port 1, index 6, sparse_out 25, out 25
Routing outputs for input 22: port 1, index 6, sparse_out 26, out 26
Routing outputs for input 22: port 1, index 6, sparse_out 27, out 27
Routing outputs for input 22: port 1, index 6, sparse_out 28, out 28
Routing outputs for input 22: port 1, index 6, sparse_out 29, out 29
Routing outputs for input 22: port 1, index 6, sparse_out 30, out 30
Routing outputs for input 22: port 1, index 6, sparse_out 31, out 31
Routing outputs for input 22: port 1, index 6, sparse_out 32, out 32
Routing outputs for input 22: port 1, index 6, sparse_out 33, out 33
Routing outputs for input 22: port 1, index 6, sparse_out 34, out 34
Routing outputs for input 22: port 1, index 6, sparse_out 35, out 35
Routing outputs for input 22: port 1, index 6, sparse_out 36, out 36
Routing outputs for input 22: port 1, index 6, sparse_out 37, out 37
Routing outputs for input 22: port 1, index 6, sparse_out 38, out 38
Routing outputs for input 22: port 1, index 6, sparse_out 39, out 39
Routing outputs for input 22: port 1, index 6, sparse_out 40, out 40
Routing outputs for input 22: port 1, index 6, sparse_out 41, out 41
Routing outputs for input 22: port 1, index 6, sparse_out 42, out 42
Routing outputs for input 22: port 1, index 6, sparse_out 43, out 43
Routing outputs for input 22: port 1, index 6, sparse_out 44, out 44
Routing outputs for input 22: port 1, index 6, sparse_out 45, out 45
Routing outputs for input 22: port 1, index 6, sparse_out 46, out 46
Routing outputs for input 22: port 1, index 6, sparse_out 47, out 47
Routing outputs for input 22: port 1, index 6, sparse_out 48, out 48
Routing outputs for input 22: port 1, index 6, sparse_out 49, out 49
Routing outputs for input 22: port 1, index 6, sparse_out 50, out 50
Routing outputs for input 22: port 1, index 6, sparse_out 51, out 51
Routing outputs for input 22: port 1, index 6, sparse_out 52, out 52
Routing outputs for input 22: port 1, index 6, sparse_out 53, out 53
Routing outputs for input 22: port 1, index 6, sparse_out 54, out 54
Routing outputs for input 22: port 1, index 6, sparse_out 55, out 55
Routing outputs for input 22: port 1, index 6, sparse_out 56, out 56
Routing outputs for input 22: port 1, index 6, sparse_out 57, out 57
Routing outputs for input 22: port 1, index 6, sparse_out 58, out 58
Routing outputs for input 22: port 1, index 6, sparse_out 59, out 59
Routing outputs for input 22: port 1, index 6, sparse_out 60, out 60
Routing outputs for input 22: port 1, index 6, sparse_out 61, out 61
Routing outputs for input 22: port 1, index 6, sparse_out 62, out 62
Routing outputs for input 22: port 1, index 6, sparse_out 63, out 63
Routing outputs for input 23: port 1, index 7, sparse_port_access_granularity 1
Routing outputs for input 23: port 1, index 7, sparse_out 0, out 0
Routing outputs for input 23: port 1, index 7, sparse_out 1, out 1
Routing outputs for input 23: port 1, index 7, sparse_out 2, out 2
Routing outputs for input 23: port 1, index 7, sparse_out 3, out 3
Routing outputs for input 23: port 1, index 7, sparse_out 4, out 4
Routing outputs for input 23: port 1, index 7, sparse_out 5, out 5
Routing outputs for input 23: port 1, index 7, sparse_out 6, out 6
Routing outputs for input 23: port 1, index 7, sparse_out 7, out 7
Routing outputs for input 23: port 1, index 7, sparse_out 8, out 8
Routing outputs for input 23: port 1, index 7, sparse_out 9, out 9
Routing outputs for input 23: port 1, index 7, sparse_out 10, out 10
Routing outputs for input 23: port 1, index 7, sparse_out 11, out 11
Routing outputs for input 23: port 1, index 7, sparse_out 12, out 12
Routing outputs for input 23: port 1, index 7, sparse_out 13, out 13
Routing outputs for input 23: port 1, index 7, sparse_out 14, out 14
Routing outputs for input 23: port 1, index 7, sparse_out 15, out 15
Routing outputs for input 23: port 1, index 7, sparse_out 16, out 16
Routing outputs for input 23: port 1, index 7, sparse_out 17, out 17
Routing outputs for input 23: port 1, index 7, sparse_out 18, out 18
Routing outputs for input 23: port 1, index 7, sparse_out 19, out 19
Routing outputs for input 23: port 1, index 7, sparse_out 20, out 20
Routing outputs for input 23: port 1, index 7, sparse_out 21, out 21
Routing outputs for input 23: port 1, index 7, sparse_out 22, out 22
Routing outputs for input 23: port 1, index 7, sparse_out 23, out 23
Routing outputs for input 23: port 1, index 7, sparse_out 24, out 24
Routing outputs for input 23: port 1, index 7, sparse_out 25, out 25
Routing outputs for input 23: port 1, index 7, sparse_out 26, out 26
Routing outputs for input 23: port 1, index 7, sparse_out 27, out 27
Routing outputs for input 23: port 1, index 7, sparse_out 28, out 28
Routing outputs for input 23: port 1, index 7, sparse_out 29, out 29
Routing outputs for input 23: port 1, index 7, sparse_out 30, out 30
Routing outputs for input 23: port 1, index 7, sparse_out 31, out 31
Routing outputs for input 23: port 1, index 7, sparse_out 32, out 32
Routing outputs for input 23: port 1, index 7, sparse_out 33, out 33
Routing outputs for input 23: port 1, index 7, sparse_out 34, out 34
Routing outputs for input 23: port 1, index 7, sparse_out 35, out 35
Routing outputs for input 23: port 1, index 7, sparse_out 36, out 36
Routing outputs for input 23: port 1, index 7, sparse_out 37, out 37
Routing outputs for input 23: port 1, index 7, sparse_out 38, out 38
Routing outputs for input 23: port 1, index 7, sparse_out 39, out 39
Routing outputs for input 23: port 1, index 7, sparse_out 40, out 40
Routing outputs for input 23: port 1, index 7, sparse_out 41, out 41
Routing outputs for input 23: port 1, index 7, sparse_out 42, out 42
Routing outputs for input 23: port 1, index 7, sparse_out 43, out 43
Routing outputs for input 23: port 1, index 7, sparse_out 44, out 44
Routing outputs for input 23: port 1, index 7, sparse_out 45, out 45
Routing outputs for input 23: port 1, index 7, sparse_out 46, out 46
Routing outputs for input 23: port 1, index 7, sparse_out 47, out 47
Routing outputs for input 23: port 1, index 7, sparse_out 48, out 48
Routing outputs for input 23: port 1, index 7, sparse_out 49, out 49
Routing outputs for input 23: port 1, index 7, sparse_out 50, out 50
Routing outputs for input 23: port 1, index 7, sparse_out 51, out 51
Routing outputs for input 23: port 1, index 7, sparse_out 52, out 52
Routing outputs for input 23: port 1, index 7, sparse_out 53, out 53
Routing outputs for input 23: port 1, index 7, sparse_out 54, out 54
Routing outputs for input 23: port 1, index 7, sparse_out 55, out 55
Routing outputs for input 23: port 1, index 7, sparse_out 56, out 56
Routing outputs for input 23: port 1, index 7, sparse_out 57, out 57
Routing outputs for input 23: port 1, index 7, sparse_out 58, out 58
Routing outputs for input 23: port 1, index 7, sparse_out 59, out 59
Routing outputs for input 23: port 1, index 7, sparse_out 60, out 60
Routing outputs for input 23: port 1, index 7, sparse_out 61, out 61
Routing outputs for input 23: port 1, index 7, sparse_out 62, out 62
Routing outputs for input 23: port 1, index 7, sparse_out 63, out 63
Routing outputs for input 24: port 2, index 0, sparse_port_access_granularity 1
Routing outputs for input 24: port 2, index 0, sparse_out 0, out 0
Routing outputs for input 24: port 2, index 0, sparse_out 1, out 1
Routing outputs for input 24: port 2, index 0, sparse_out 2, out 2
Routing outputs for input 24: port 2, index 0, sparse_out 3, out 3
Routing outputs for input 24: port 2, index 0, sparse_out 4, out 4
Routing outputs for input 24: port 2, index 0, sparse_out 5, out 5
Routing outputs for input 24: port 2, index 0, sparse_out 6, out 6
Routing outputs for input 24: port 2, index 0, sparse_out 7, out 7
Routing outputs for input 24: port 2, index 0, sparse_out 8, out 8
Routing outputs for input 24: port 2, index 0, sparse_out 9, out 9
Routing outputs for input 24: port 2, index 0, sparse_out 10, out 10
Routing outputs for input 24: port 2, index 0, sparse_out 11, out 11
Routing outputs for input 24: port 2, index 0, sparse_out 12, out 12
Routing outputs for input 24: port 2, index 0, sparse_out 13, out 13
Routing outputs for input 24: port 2, index 0, sparse_out 14, out 14
Routing outputs for input 24: port 2, index 0, sparse_out 15, out 15
Routing outputs for input 24: port 2, index 0, sparse_out 16, out 16
Routing outputs for input 24: port 2, index 0, sparse_out 17, out 17
Routing outputs for input 24: port 2, index 0, sparse_out 18, out 18
Routing outputs for input 24: port 2, index 0, sparse_out 19, out 19
Routing outputs for input 24: port 2, index 0, sparse_out 20, out 20
Routing outputs for input 24: port 2, index 0, sparse_out 21, out 21
Routing outputs for input 24: port 2, index 0, sparse_out 22, out 22
Routing outputs for input 24: port 2, index 0, sparse_out 23, out 23
Routing outputs for input 24: port 2, index 0, sparse_out 24, out 24
Routing outputs for input 24: port 2, index 0, sparse_out 25, out 25
Routing outputs for input 24: port 2, index 0, sparse_out 26, out 26
Routing outputs for input 24: port 2, index 0, sparse_out 27, out 27
Routing outputs for input 24: port 2, index 0, sparse_out 28, out 28
Routing outputs for input 24: port 2, index 0, sparse_out 29, out 29
Routing outputs for input 24: port 2, index 0, sparse_out 30, out 30
Routing outputs for input 24: port 2, index 0, sparse_out 31, out 31
Routing outputs for input 24: port 2, index 0, sparse_out 32, out 32
Routing outputs for input 24: port 2, index 0, sparse_out 33, out 33
Routing outputs for input 24: port 2, index 0, sparse_out 34, out 34
Routing outputs for input 24: port 2, index 0, sparse_out 35, out 35
Routing outputs for input 24: port 2, index 0, sparse_out 36, out 36
Routing outputs for input 24: port 2, index 0, sparse_out 37, out 37
Routing outputs for input 24: port 2, index 0, sparse_out 38, out 38
Routing outputs for input 24: port 2, index 0, sparse_out 39, out 39
Routing outputs for input 24: port 2, index 0, sparse_out 40, out 40
Routing outputs for input 24: port 2, index 0, sparse_out 41, out 41
Routing outputs for input 24: port 2, index 0, sparse_out 42, out 42
Routing outputs for input 24: port 2, index 0, sparse_out 43, out 43
Routing outputs for input 24: port 2, index 0, sparse_out 44, out 44
Routing outputs for input 24: port 2, index 0, sparse_out 45, out 45
Routing outputs for input 24: port 2, index 0, sparse_out 46, out 46
Routing outputs for input 24: port 2, index 0, sparse_out 47, out 47
Routing outputs for input 24: port 2, index 0, sparse_out 48, out 48
Routing outputs for input 24: port 2, index 0, sparse_out 49, out 49
Routing outputs for input 24: port 2, index 0, sparse_out 50, out 50
Routing outputs for input 24: port 2, index 0, sparse_out 51, out 51
Routing outputs for input 24: port 2, index 0, sparse_out 52, out 52
Routing outputs for input 24: port 2, index 0, sparse_out 53, out 53
Routing outputs for input 24: port 2, index 0, sparse_out 54, out 54
Routing outputs for input 24: port 2, index 0, sparse_out 55, out 55
Routing outputs for input 24: port 2, index 0, sparse_out 56, out 56
Routing outputs for input 24: port 2, index 0, sparse_out 57, out 57
Routing outputs for input 24: port 2, index 0, sparse_out 58, out 58
Routing outputs for input 24: port 2, index 0, sparse_out 59, out 59
Routing outputs for input 24: port 2, index 0, sparse_out 60, out 60
Routing outputs for input 24: port 2, index 0, sparse_out 61, out 61
Routing outputs for input 24: port 2, index 0, sparse_out 62, out 62
Routing outputs for input 24: port 2, index 0, sparse_out 63, out 63
Routing outputs for input 25: port 2, index 1, sparse_port_access_granularity 1
Routing outputs for input 25: port 2, index 1, sparse_out 0, out 0
Routing outputs for input 25: port 2, index 1, sparse_out 1, out 1
Routing outputs for input 25: port 2, index 1, sparse_out 2, out 2
Routing outputs for input 25: port 2, index 1, sparse_out 3, out 3
Routing outputs for input 25: port 2, index 1, sparse_out 4, out 4
Routing outputs for input 25: port 2, index 1, sparse_out 5, out 5
Routing outputs for input 25: port 2, index 1, sparse_out 6, out 6
Routing outputs for input 25: port 2, index 1, sparse_out 7, out 7
Routing outputs for input 25: port 2, index 1, sparse_out 8, out 8
Routing outputs for input 25: port 2, index 1, sparse_out 9, out 9
Routing outputs for input 25: port 2, index 1, sparse_out 10, out 10
Routing outputs for input 25: port 2, index 1, sparse_out 11, out 11
Routing outputs for input 25: port 2, index 1, sparse_out 12, out 12
Routing outputs for input 25: port 2, index 1, sparse_out 13, out 13
Routing outputs for input 25: port 2, index 1, sparse_out 14, out 14
Routing outputs for input 25: port 2, index 1, sparse_out 15, out 15
Routing outputs for input 25: port 2, index 1, sparse_out 16, out 16
Routing outputs for input 25: port 2, index 1, sparse_out 17, out 17
Routing outputs for input 25: port 2, index 1, sparse_out 18, out 18
Routing outputs for input 25: port 2, index 1, sparse_out 19, out 19
Routing outputs for input 25: port 2, index 1, sparse_out 20, out 20
Routing outputs for input 25: port 2, index 1, sparse_out 21, out 21
Routing outputs for input 25: port 2, index 1, sparse_out 22, out 22
Routing outputs for input 25: port 2, index 1, sparse_out 23, out 23
Routing outputs for input 25: port 2, index 1, sparse_out 24, out 24
Routing outputs for input 25: port 2, index 1, sparse_out 25, out 25
Routing outputs for input 25: port 2, index 1, sparse_out 26, out 26
Routing outputs for input 25: port 2, index 1, sparse_out 27, out 27
Routing outputs for input 25: port 2, index 1, sparse_out 28, out 28
Routing outputs for input 25: port 2, index 1, sparse_out 29, out 29
Routing outputs for input 25: port 2, index 1, sparse_out 30, out 30
Routing outputs for input 25: port 2, index 1, sparse_out 31, out 31
Routing outputs for input 25: port 2, index 1, sparse_out 32, out 32
Routing outputs for input 25: port 2, index 1, sparse_out 33, out 33
Routing outputs for input 25: port 2, index 1, sparse_out 34, out 34
Routing outputs for input 25: port 2, index 1, sparse_out 35, out 35
Routing outputs for input 25: port 2, index 1, sparse_out 36, out 36
Routing outputs for input 25: port 2, index 1, sparse_out 37, out 37
Routing outputs for input 25: port 2, index 1, sparse_out 38, out 38
Routing outputs for input 25: port 2, index 1, sparse_out 39, out 39
Routing outputs for input 25: port 2, index 1, sparse_out 40, out 40
Routing outputs for input 25: port 2, index 1, sparse_out 41, out 41
Routing outputs for input 25: port 2, index 1, sparse_out 42, out 42
Routing outputs for input 25: port 2, index 1, sparse_out 43, out 43
Routing outputs for input 25: port 2, index 1, sparse_out 44, out 44
Routing outputs for input 25: port 2, index 1, sparse_out 45, out 45
Routing outputs for input 25: port 2, index 1, sparse_out 46, out 46
Routing outputs for input 25: port 2, index 1, sparse_out 47, out 47
Routing outputs for input 25: port 2, index 1, sparse_out 48, out 48
Routing outputs for input 25: port 2, index 1, sparse_out 49, out 49
Routing outputs for input 25: port 2, index 1, sparse_out 50, out 50
Routing outputs for input 25: port 2, index 1, sparse_out 51, out 51
Routing outputs for input 25: port 2, index 1, sparse_out 52, out 52
Routing outputs for input 25: port 2, index 1, sparse_out 53, out 53
Routing outputs for input 25: port 2, index 1, sparse_out 54, out 54
Routing outputs for input 25: port 2, index 1, sparse_out 55, out 55
Routing outputs for input 25: port 2, index 1, sparse_out 56, out 56
Routing outputs for input 25: port 2, index 1, sparse_out 57, out 57
Routing outputs for input 25: port 2, index 1, sparse_out 58, out 58
Routing outputs for input 25: port 2, index 1, sparse_out 59, out 59
Routing outputs for input 25: port 2, index 1, sparse_out 60, out 60
Routing outputs for input 25: port 2, index 1, sparse_out 61, out 61
Routing outputs for input 25: port 2, index 1, sparse_out 62, out 62
Routing outputs for input 25: port 2, index 1, sparse_out 63, out 63
Routing outputs for input 26: port 2, index 2, sparse_port_access_granularity 1
Routing outputs for input 26: port 2, index 2, sparse_out 0, out 0
Routing outputs for input 26: port 2, index 2, sparse_out 1, out 1
Routing outputs for input 26: port 2, index 2, sparse_out 2, out 2
Routing outputs for input 26: port 2, index 2, sparse_out 3, out 3
Routing outputs for input 26: port 2, index 2, sparse_out 4, out 4
Routing outputs for input 26: port 2, index 2, sparse_out 5, out 5
Routing outputs for input 26: port 2, index 2, sparse_out 6, out 6
Routing outputs for input 26: port 2, index 2, sparse_out 7, out 7
Routing outputs for input 26: port 2, index 2, sparse_out 8, out 8
Routing outputs for input 26: port 2, index 2, sparse_out 9, out 9
Routing outputs for input 26: port 2, index 2, sparse_out 10, out 10
Routing outputs for input 26: port 2, index 2, sparse_out 11, out 11
Routing outputs for input 26: port 2, index 2, sparse_out 12, out 12
Routing outputs for input 26: port 2, index 2, sparse_out 13, out 13
Routing outputs for input 26: port 2, index 2, sparse_out 14, out 14
Routing outputs for input 26: port 2, index 2, sparse_out 15, out 15
Routing outputs for input 26: port 2, index 2, sparse_out 16, out 16
Routing outputs for input 26: port 2, index 2, sparse_out 17, out 17
Routing outputs for input 26: port 2, index 2, sparse_out 18, out 18
Routing outputs for input 26: port 2, index 2, sparse_out 19, out 19
Routing outputs for input 26: port 2, index 2, sparse_out 20, out 20
Routing outputs for input 26: port 2, index 2, sparse_out 21, out 21
Routing outputs for input 26: port 2, index 2, sparse_out 22, out 22
Routing outputs for input 26: port 2, index 2, sparse_out 23, out 23
Routing outputs for input 26: port 2, index 2, sparse_out 24, out 24
Routing outputs for input 26: port 2, index 2, sparse_out 25, out 25
Routing outputs for input 26: port 2, index 2, sparse_out 26, out 26
Routing outputs for input 26: port 2, index 2, sparse_out 27, out 27
Routing outputs for input 26: port 2, index 2, sparse_out 28, out 28
Routing outputs for input 26: port 2, index 2, sparse_out 29, out 29
Routing outputs for input 26: port 2, index 2, sparse_out 30, out 30
Routing outputs for input 26: port 2, index 2, sparse_out 31, out 31
Routing outputs for input 26: port 2, index 2, sparse_out 32, out 32
Routing outputs for input 26: port 2, index 2, sparse_out 33, out 33
Routing outputs for input 26: port 2, index 2, sparse_out 34, out 34
Routing outputs for input 26: port 2, index 2, sparse_out 35, out 35
Routing outputs for input 26: port 2, index 2, sparse_out 36, out 36
Routing outputs for input 26: port 2, index 2, sparse_out 37, out 37
Routing outputs for input 26: port 2, index 2, sparse_out 38, out 38
Routing outputs for input 26: port 2, index 2, sparse_out 39, out 39
Routing outputs for input 26: port 2, index 2, sparse_out 40, out 40
Routing outputs for input 26: port 2, index 2, sparse_out 41, out 41
Routing outputs for input 26: port 2, index 2, sparse_out 42, out 42
Routing outputs for input 26: port 2, index 2, sparse_out 43, out 43
Routing outputs for input 26: port 2, index 2, sparse_out 44, out 44
Routing outputs for input 26: port 2, index 2, sparse_out 45, out 45
Routing outputs for input 26: port 2, index 2, sparse_out 46, out 46
Routing outputs for input 26: port 2, index 2, sparse_out 47, out 47
Routing outputs for input 26: port 2, index 2, sparse_out 48, out 48
Routing outputs for input 26: port 2, index 2, sparse_out 49, out 49
Routing outputs for input 26: port 2, index 2, sparse_out 50, out 50
Routing outputs for input 26: port 2, index 2, sparse_out 51, out 51
Routing outputs for input 26: port 2, index 2, sparse_out 52, out 52
Routing outputs for input 26: port 2, index 2, sparse_out 53, out 53
Routing outputs for input 26: port 2, index 2, sparse_out 54, out 54
Routing outputs for input 26: port 2, index 2, sparse_out 55, out 55
Routing outputs for input 26: port 2, index 2, sparse_out 56, out 56
Routing outputs for input 26: port 2, index 2, sparse_out 57, out 57
Routing outputs for input 26: port 2, index 2, sparse_out 58, out 58
Routing outputs for input 26: port 2, index 2, sparse_out 59, out 59
Routing outputs for input 26: port 2, index 2, sparse_out 60, out 60
Routing outputs for input 26: port 2, index 2, sparse_out 61, out 61
Routing outputs for input 26: port 2, index 2, sparse_out 62, out 62
Routing outputs for input 26: port 2, index 2, sparse_out 63, out 63
Routing outputs for input 27: port 2, index 3, sparse_port_access_granularity 1
Routing outputs for input 27: port 2, index 3, sparse_out 0, out 0
Routing outputs for input 27: port 2, index 3, sparse_out 1, out 1
Routing outputs for input 27: port 2, index 3, sparse_out 2, out 2
Routing outputs for input 27: port 2, index 3, sparse_out 3, out 3
Routing outputs for input 27: port 2, index 3, sparse_out 4, out 4
Routing outputs for input 27: port 2, index 3, sparse_out 5, out 5
Routing outputs for input 27: port 2, index 3, sparse_out 6, out 6
Routing outputs for input 27: port 2, index 3, sparse_out 7, out 7
Routing outputs for input 27: port 2, index 3, sparse_out 8, out 8
Routing outputs for input 27: port 2, index 3, sparse_out 9, out 9
Routing outputs for input 27: port 2, index 3, sparse_out 10, out 10
Routing outputs for input 27: port 2, index 3, sparse_out 11, out 11
Routing outputs for input 27: port 2, index 3, sparse_out 12, out 12
Routing outputs for input 27: port 2, index 3, sparse_out 13, out 13
Routing outputs for input 27: port 2, index 3, sparse_out 14, out 14
Routing outputs for input 27: port 2, index 3, sparse_out 15, out 15
Routing outputs for input 27: port 2, index 3, sparse_out 16, out 16
Routing outputs for input 27: port 2, index 3, sparse_out 17, out 17
Routing outputs for input 27: port 2, index 3, sparse_out 18, out 18
Routing outputs for input 27: port 2, index 3, sparse_out 19, out 19
Routing outputs for input 27: port 2, index 3, sparse_out 20, out 20
Routing outputs for input 27: port 2, index 3, sparse_out 21, out 21
Routing outputs for input 27: port 2, index 3, sparse_out 22, out 22
Routing outputs for input 27: port 2, index 3, sparse_out 23, out 23
Routing outputs for input 27: port 2, index 3, sparse_out 24, out 24
Routing outputs for input 27: port 2, index 3, sparse_out 25, out 25
Routing outputs for input 27: port 2, index 3, sparse_out 26, out 26
Routing outputs for input 27: port 2, index 3, sparse_out 27, out 27
Routing outputs for input 27: port 2, index 3, sparse_out 28, out 28
Routing outputs for input 27: port 2, index 3, sparse_out 29, out 29
Routing outputs for input 27: port 2, index 3, sparse_out 30, out 30
Routing outputs for input 27: port 2, index 3, sparse_out 31, out 31
Routing outputs for input 27: port 2, index 3, sparse_out 32, out 32
Routing outputs for input 27: port 2, index 3, sparse_out 33, out 33
Routing outputs for input 27: port 2, index 3, sparse_out 34, out 34
Routing outputs for input 27: port 2, index 3, sparse_out 35, out 35
Routing outputs for input 27: port 2, index 3, sparse_out 36, out 36
Routing outputs for input 27: port 2, index 3, sparse_out 37, out 37
Routing outputs for input 27: port 2, index 3, sparse_out 38, out 38
Routing outputs for input 27: port 2, index 3, sparse_out 39, out 39
Routing outputs for input 27: port 2, index 3, sparse_out 40, out 40
Routing outputs for input 27: port 2, index 3, sparse_out 41, out 41
Routing outputs for input 27: port 2, index 3, sparse_out 42, out 42
Routing outputs for input 27: port 2, index 3, sparse_out 43, out 43
Routing outputs for input 27: port 2, index 3, sparse_out 44, out 44
Routing outputs for input 27: port 2, index 3, sparse_out 45, out 45
Routing outputs for input 27: port 2, index 3, sparse_out 46, out 46
Routing outputs for input 27: port 2, index 3, sparse_out 47, out 47
Routing outputs for input 27: port 2, index 3, sparse_out 48, out 48
Routing outputs for input 27: port 2, index 3, sparse_out 49, out 49
Routing outputs for input 27: port 2, index 3, sparse_out 50, out 50
Routing outputs for input 27: port 2, index 3, sparse_out 51, out 51
Routing outputs for input 27: port 2, index 3, sparse_out 52, out 52
Routing outputs for input 27: port 2, index 3, sparse_out 53, out 53
Routing outputs for input 27: port 2, index 3, sparse_out 54, out 54
Routing outputs for input 27: port 2, index 3, sparse_out 55, out 55
Routing outputs for input 27: port 2, index 3, sparse_out 56, out 56
Routing outputs for input 27: port 2, index 3, sparse_out 57, out 57
Routing outputs for input 27: port 2, index 3, sparse_out 58, out 58
Routing outputs for input 27: port 2, index 3, sparse_out 59, out 59
Routing outputs for input 27: port 2, index 3, sparse_out 60, out 60
Routing outputs for input 27: port 2, index 3, sparse_out 61, out 61
Routing outputs for input 27: port 2, index 3, sparse_out 62, out 62
Routing outputs for input 27: port 2, index 3, sparse_out 63, out 63
Routing outputs for input 28: port 2, index 4, sparse_port_access_granularity 1
Routing outputs for input 28: port 2, index 4, sparse_out 0, out 0
Routing outputs for input 28: port 2, index 4, sparse_out 1, out 1
Routing outputs for input 28: port 2, index 4, sparse_out 2, out 2
Routing outputs for input 28: port 2, index 4, sparse_out 3, out 3
Routing outputs for input 28: port 2, index 4, sparse_out 4, out 4
Routing outputs for input 28: port 2, index 4, sparse_out 5, out 5
Routing outputs for input 28: port 2, index 4, sparse_out 6, out 6
Routing outputs for input 28: port 2, index 4, sparse_out 7, out 7
Routing outputs for input 28: port 2, index 4, sparse_out 8, out 8
Routing outputs for input 28: port 2, index 4, sparse_out 9, out 9
Routing outputs for input 28: port 2, index 4, sparse_out 10, out 10
Routing outputs for input 28: port 2, index 4, sparse_out 11, out 11
Routing outputs for input 28: port 2, index 4, sparse_out 12, out 12
Routing outputs for input 28: port 2, index 4, sparse_out 13, out 13
Routing outputs for input 28: port 2, index 4, sparse_out 14, out 14
Routing outputs for input 28: port 2, index 4, sparse_out 15, out 15
Routing outputs for input 28: port 2, index 4, sparse_out 16, out 16
Routing outputs for input 28: port 2, index 4, sparse_out 17, out 17
Routing outputs for input 28: port 2, index 4, sparse_out 18, out 18
Routing outputs for input 28: port 2, index 4, sparse_out 19, out 19
Routing outputs for input 28: port 2, index 4, sparse_out 20, out 20
Routing outputs for input 28: port 2, index 4, sparse_out 21, out 21
Routing outputs for input 28: port 2, index 4, sparse_out 22, out 22
Routing outputs for input 28: port 2, index 4, sparse_out 23, out 23
Routing outputs for input 28: port 2, index 4, sparse_out 24, out 24
Routing outputs for input 28: port 2, index 4, sparse_out 25, out 25
Routing outputs for input 28: port 2, index 4, sparse_out 26, out 26
Routing outputs for input 28: port 2, index 4, sparse_out 27, out 27
Routing outputs for input 28: port 2, index 4, sparse_out 28, out 28
Routing outputs for input 28: port 2, index 4, sparse_out 29, out 29
Routing outputs for input 28: port 2, index 4, sparse_out 30, out 30
Routing outputs for input 28: port 2, index 4, sparse_out 31, out 31
Routing outputs for input 28: port 2, index 4, sparse_out 32, out 32
Routing outputs for input 28: port 2, index 4, sparse_out 33, out 33
Routing outputs for input 28: port 2, index 4, sparse_out 34, out 34
Routing outputs for input 28: port 2, index 4, sparse_out 35, out 35
Routing outputs for input 28: port 2, index 4, sparse_out 36, out 36
Routing outputs for input 28: port 2, index 4, sparse_out 37, out 37
Routing outputs for input 28: port 2, index 4, sparse_out 38, out 38
Routing outputs for input 28: port 2, index 4, sparse_out 39, out 39
Routing outputs for input 28: port 2, index 4, sparse_out 40, out 40
Routing outputs for input 28: port 2, index 4, sparse_out 41, out 41
Routing outputs for input 28: port 2, index 4, sparse_out 42, out 42
Routing outputs for input 28: port 2, index 4, sparse_out 43, out 43
Routing outputs for input 28: port 2, index 4, sparse_out 44, out 44
Routing outputs for input 28: port 2, index 4, sparse_out 45, out 45
Routing outputs for input 28: port 2, index 4, sparse_out 46, out 46
Routing outputs for input 28: port 2, index 4, sparse_out 47, out 47
Routing outputs for input 28: port 2, index 4, sparse_out 48, out 48
Routing outputs for input 28: port 2, index 4, sparse_out 49, out 49
Routing outputs for input 28: port 2, index 4, sparse_out 50, out 50
Routing outputs for input 28: port 2, index 4, sparse_out 51, out 51
Routing outputs for input 28: port 2, index 4, sparse_out 52, out 52
Routing outputs for input 28: port 2, index 4, sparse_out 53, out 53
Routing outputs for input 28: port 2, index 4, sparse_out 54, out 54
Routing outputs for input 28: port 2, index 4, sparse_out 55, out 55
Routing outputs for input 28: port 2, index 4, sparse_out 56, out 56
Routing outputs for input 28: port 2, index 4, sparse_out 57, out 57
Routing outputs for input 28: port 2, index 4, sparse_out 58, out 58
Routing outputs for input 28: port 2, index 4, sparse_out 59, out 59
Routing outputs for input 28: port 2, index 4, sparse_out 60, out 60
Routing outputs for input 28: port 2, index 4, sparse_out 61, out 61
Routing outputs for input 28: port 2, index 4, sparse_out 62, out 62
Routing outputs for input 28: port 2, index 4, sparse_out 63, out 63
Routing outputs for input 29: port 2, index 5, sparse_port_access_granularity 1
Routing outputs for input 29: port 2, index 5, sparse_out 0, out 0
Routing outputs for input 29: port 2, index 5, sparse_out 1, out 1
Routing outputs for input 29: port 2, index 5, sparse_out 2, out 2
Routing outputs for input 29: port 2, index 5, sparse_out 3, out 3
Routing outputs for input 29: port 2, index 5, sparse_out 4, out 4
Routing outputs for input 29: port 2, index 5, sparse_out 5, out 5
Routing outputs for input 29: port 2, index 5, sparse_out 6, out 6
Routing outputs for input 29: port 2, index 5, sparse_out 7, out 7
Routing outputs for input 29: port 2, index 5, sparse_out 8, out 8
Routing outputs for input 29: port 2, index 5, sparse_out 9, out 9
Routing outputs for input 29: port 2, index 5, sparse_out 10, out 10
Routing outputs for input 29: port 2, index 5, sparse_out 11, out 11
Routing outputs for input 29: port 2, index 5, sparse_out 12, out 12
Routing outputs for input 29: port 2, index 5, sparse_out 13, out 13
Routing outputs for input 29: port 2, index 5, sparse_out 14, out 14
Routing outputs for input 29: port 2, index 5, sparse_out 15, out 15
Routing outputs for input 29: port 2, index 5, sparse_out 16, out 16
Routing outputs for input 29: port 2, index 5, sparse_out 17, out 17
Routing outputs for input 29: port 2, index 5, sparse_out 18, out 18
Routing outputs for input 29: port 2, index 5, sparse_out 19, out 19
Routing outputs for input 29: port 2, index 5, sparse_out 20, out 20
Routing outputs for input 29: port 2, index 5, sparse_out 21, out 21
Routing outputs for input 29: port 2, index 5, sparse_out 22, out 22
Routing outputs for input 29: port 2, index 5, sparse_out 23, out 23
Routing outputs for input 29: port 2, index 5, sparse_out 24, out 24
Routing outputs for input 29: port 2, index 5, sparse_out 25, out 25
Routing outputs for input 29: port 2, index 5, sparse_out 26, out 26
Routing outputs for input 29: port 2, index 5, sparse_out 27, out 27
Routing outputs for input 29: port 2, index 5, sparse_out 28, out 28
Routing outputs for input 29: port 2, index 5, sparse_out 29, out 29
Routing outputs for input 29: port 2, index 5, sparse_out 30, out 30
Routing outputs for input 29: port 2, index 5, sparse_out 31, out 31
Routing outputs for input 29: port 2, index 5, sparse_out 32, out 32
Routing outputs for input 29: port 2, index 5, sparse_out 33, out 33
Routing outputs for input 29: port 2, index 5, sparse_out 34, out 34
Routing outputs for input 29: port 2, index 5, sparse_out 35, out 35
Routing outputs for input 29: port 2, index 5, sparse_out 36, out 36
Routing outputs for input 29: port 2, index 5, sparse_out 37, out 37
Routing outputs for input 29: port 2, index 5, sparse_out 38, out 38
Routing outputs for input 29: port 2, index 5, sparse_out 39, out 39
Routing outputs for input 29: port 2, index 5, sparse_out 40, out 40
Routing outputs for input 29: port 2, index 5, sparse_out 41, out 41
Routing outputs for input 29: port 2, index 5, sparse_out 42, out 42
Routing outputs for input 29: port 2, index 5, sparse_out 43, out 43
Routing outputs for input 29: port 2, index 5, sparse_out 44, out 44
Routing outputs for input 29: port 2, index 5, sparse_out 45, out 45
Routing outputs for input 29: port 2, index 5, sparse_out 46, out 46
Routing outputs for input 29: port 2, index 5, sparse_out 47, out 47
Routing outputs for input 29: port 2, index 5, sparse_out 48, out 48
Routing outputs for input 29: port 2, index 5, sparse_out 49, out 49
Routing outputs for input 29: port 2, index 5, sparse_out 50, out 50
Routing outputs for input 29: port 2, index 5, sparse_out 51, out 51
Routing outputs for input 29: port 2, index 5, sparse_out 52, out 52
Routing outputs for input 29: port 2, index 5, sparse_out 53, out 53
Routing outputs for input 29: port 2, index 5, sparse_out 54, out 54
Routing outputs for input 29: port 2, index 5, sparse_out 55, out 55
Routing outputs for input 29: port 2, index 5, sparse_out 56, out 56
Routing outputs for input 29: port 2, index 5, sparse_out 57, out 57
Routing outputs for input 29: port 2, index 5, sparse_out 58, out 58
Routing outputs for input 29: port 2, index 5, sparse_out 59, out 59
Routing outputs for input 29: port 2, index 5, sparse_out 60, out 60
Routing outputs for input 29: port 2, index 5, sparse_out 61, out 61
Routing outputs for input 29: port 2, index 5, sparse_out 62, out 62
Routing outputs for input 29: port 2, index 5, sparse_out 63, out 63
Routing outputs for input 30: port 2, index 6, sparse_port_access_granularity 1
Routing outputs for input 30: port 2, index 6, sparse_out 0, out 0
Routing outputs for input 30: port 2, index 6, sparse_out 1, out 1
Routing outputs for input 30: port 2, index 6, sparse_out 2, out 2
Routing outputs for input 30: port 2, index 6, sparse_out 3, out 3
Routing outputs for input 30: port 2, index 6, sparse_out 4, out 4
Routing outputs for input 30: port 2, index 6, sparse_out 5, out 5
Routing outputs for input 30: port 2, index 6, sparse_out 6, out 6
Routing outputs for input 30: port 2, index 6, sparse_out 7, out 7
Routing outputs for input 30: port 2, index 6, sparse_out 8, out 8
Routing outputs for input 30: port 2, index 6, sparse_out 9, out 9
Routing outputs for input 30: port 2, index 6, sparse_out 10, out 10
Routing outputs for input 30: port 2, index 6, sparse_out 11, out 11
Routing outputs for input 30: port 2, index 6, sparse_out 12, out 12
Routing outputs for input 30: port 2, index 6, sparse_out 13, out 13
Routing outputs for input 30: port 2, index 6, sparse_out 14, out 14
Routing outputs for input 30: port 2, index 6, sparse_out 15, out 15
Routing outputs for input 30: port 2, index 6, sparse_out 16, out 16
Routing outputs for input 30: port 2, index 6, sparse_out 17, out 17
Routing outputs for input 30: port 2, index 6, sparse_out 18, out 18
Routing outputs for input 30: port 2, index 6, sparse_out 19, out 19
Routing outputs for input 30: port 2, index 6, sparse_out 20, out 20
Routing outputs for input 30: port 2, index 6, sparse_out 21, out 21
Routing outputs for input 30: port 2, index 6, sparse_out 22, out 22
Routing outputs for input 30: port 2, index 6, sparse_out 23, out 23
Routing outputs for input 30: port 2, index 6, sparse_out 24, out 24
Routing outputs for input 30: port 2, index 6, sparse_out 25, out 25
Routing outputs for input 30: port 2, index 6, sparse_out 26, out 26
Routing outputs for input 30: port 2, index 6, sparse_out 27, out 27
Routing outputs for input 30: port 2, index 6, sparse_out 28, out 28
Routing outputs for input 30: port 2, index 6, sparse_out 29, out 29
Routing outputs for input 30: port 2, index 6, sparse_out 30, out 30
Routing outputs for input 30: port 2, index 6, sparse_out 31, out 31
Routing outputs for input 30: port 2, index 6, sparse_out 32, out 32
Routing outputs for input 30: port 2, index 6, sparse_out 33, out 33
Routing outputs for input 30: port 2, index 6, sparse_out 34, out 34
Routing outputs for input 30: port 2, index 6, sparse_out 35, out 35
Routing outputs for input 30: port 2, index 6, sparse_out 36, out 36
Routing outputs for input 30: port 2, index 6, sparse_out 37, out 37
Routing outputs for input 30: port 2, index 6, sparse_out 38, out 38
Routing outputs for input 30: port 2, index 6, sparse_out 39, out 39
Routing outputs for input 30: port 2, index 6, sparse_out 40, out 40
Routing outputs for input 30: port 2, index 6, sparse_out 41, out 41
Routing outputs for input 30: port 2, index 6, sparse_out 42, out 42
Routing outputs for input 30: port 2, index 6, sparse_out 43, out 43
Routing outputs for input 30: port 2, index 6, sparse_out 44, out 44
Routing outputs for input 30: port 2, index 6, sparse_out 45, out 45
Routing outputs for input 30: port 2, index 6, sparse_out 46, out 46
Routing outputs for input 30: port 2, index 6, sparse_out 47, out 47
Routing outputs for input 30: port 2, index 6, sparse_out 48, out 48
Routing outputs for input 30: port 2, index 6, sparse_out 49, out 49
Routing outputs for input 30: port 2, index 6, sparse_out 50, out 50
Routing outputs for input 30: port 2, index 6, sparse_out 51, out 51
Routing outputs for input 30: port 2, index 6, sparse_out 52, out 52
Routing outputs for input 30: port 2, index 6, sparse_out 53, out 53
Routing outputs for input 30: port 2, index 6, sparse_out 54, out 54
Routing outputs for input 30: port 2, index 6, sparse_out 55, out 55
Routing outputs for input 30: port 2, index 6, sparse_out 56, out 56
Routing outputs for input 30: port 2, index 6, sparse_out 57, out 57
Routing outputs for input 30: port 2, index 6, sparse_out 58, out 58
Routing outputs for input 30: port 2, index 6, sparse_out 59, out 59
Routing outputs for input 30: port 2, index 6, sparse_out 60, out 60
Routing outputs for input 30: port 2, index 6, sparse_out 61, out 61
Routing outputs for input 30: port 2, index 6, sparse_out 62, out 62
Routing outputs for input 30: port 2, index 6, sparse_out 63, out 63
Routing outputs for input 31: port 2, index 7, sparse_port_access_granularity 1
Routing outputs for input 31: port 2, index 7, sparse_out 0, out 0
Routing outputs for input 31: port 2, index 7, sparse_out 1, out 1
Routing outputs for input 31: port 2, index 7, sparse_out 2, out 2
Routing outputs for input 31: port 2, index 7, sparse_out 3, out 3
Routing outputs for input 31: port 2, index 7, sparse_out 4, out 4
Routing outputs for input 31: port 2, index 7, sparse_out 5, out 5
Routing outputs for input 31: port 2, index 7, sparse_out 6, out 6
Routing outputs for input 31: port 2, index 7, sparse_out 7, out 7
Routing outputs for input 31: port 2, index 7, sparse_out 8, out 8
Routing outputs for input 31: port 2, index 7, sparse_out 9, out 9
Routing outputs for input 31: port 2, index 7, sparse_out 10, out 10
Routing outputs for input 31: port 2, index 7, sparse_out 11, out 11
Routing outputs for input 31: port 2, index 7, sparse_out 12, out 12
Routing outputs for input 31: port 2, index 7, sparse_out 13, out 13
Routing outputs for input 31: port 2, index 7, sparse_out 14, out 14
Routing outputs for input 31: port 2, index 7, sparse_out 15, out 15
Routing outputs for input 31: port 2, index 7, sparse_out 16, out 16
Routing outputs for input 31: port 2, index 7, sparse_out 17, out 17
Routing outputs for input 31: port 2, index 7, sparse_out 18, out 18
Routing outputs for input 31: port 2, index 7, sparse_out 19, out 19
Routing outputs for input 31: port 2, index 7, sparse_out 20, out 20
Routing outputs for input 31: port 2, index 7, sparse_out 21, out 21
Routing outputs for input 31: port 2, index 7, sparse_out 22, out 22
Routing outputs for input 31: port 2, index 7, sparse_out 23, out 23
Routing outputs for input 31: port 2, index 7, sparse_out 24, out 24
Routing outputs for input 31: port 2, index 7, sparse_out 25, out 25
Routing outputs for input 31: port 2, index 7, sparse_out 26, out 26
Routing outputs for input 31: port 2, index 7, sparse_out 27, out 27
Routing outputs for input 31: port 2, index 7, sparse_out 28, out 28
Routing outputs for input 31: port 2, index 7, sparse_out 29, out 29
Routing outputs for input 31: port 2, index 7, sparse_out 30, out 30
Routing outputs for input 31: port 2, index 7, sparse_out 31, out 31
Routing outputs for input 31: port 2, index 7, sparse_out 32, out 32
Routing outputs for input 31: port 2, index 7, sparse_out 33, out 33
Routing outputs for input 31: port 2, index 7, sparse_out 34, out 34
Routing outputs for input 31: port 2, index 7, sparse_out 35, out 35
Routing outputs for input 31: port 2, index 7, sparse_out 36, out 36
Routing outputs for input 31: port 2, index 7, sparse_out 37, out 37
Routing outputs for input 31: port 2, index 7, sparse_out 38, out 38
Routing outputs for input 31: port 2, index 7, sparse_out 39, out 39
Routing outputs for input 31: port 2, index 7, sparse_out 40, out 40
Routing outputs for input 31: port 2, index 7, sparse_out 41, out 41
Routing outputs for input 31: port 2, index 7, sparse_out 42, out 42
Routing outputs for input 31: port 2, index 7, sparse_out 43, out 43
Routing outputs for input 31: port 2, index 7, sparse_out 44, out 44
Routing outputs for input 31: port 2, index 7, sparse_out 45, out 45
Routing outputs for input 31: port 2, index 7, sparse_out 46, out 46
Routing outputs for input 31: port 2, index 7, sparse_out 47, out 47
Routing outputs for input 31: port 2, index 7, sparse_out 48, out 48
Routing outputs for input 31: port 2, index 7, sparse_out 49, out 49
Routing outputs for input 31: port 2, index 7, sparse_out 50, out 50
Routing outputs for input 31: port 2, index 7, sparse_out 51, out 51
Routing outputs for input 31: port 2, index 7, sparse_out 52, out 52
Routing outputs for input 31: port 2, index 7, sparse_out 53, out 53
Routing outputs for input 31: port 2, index 7, sparse_out 54, out 54
Routing outputs for input 31: port 2, index 7, sparse_out 55, out 55
Routing outputs for input 31: port 2, index 7, sparse_out 56, out 56
Routing outputs for input 31: port 2, index 7, sparse_out 57, out 57
Routing outputs for input 31: port 2, index 7, sparse_out 58, out 58
Routing outputs for input 31: port 2, index 7, sparse_out 59, out 59
Routing outputs for input 31: port 2, index 7, sparse_out 60, out 60
Routing outputs for input 31: port 2, index 7, sparse_out 61, out 61
Routing outputs for input 31: port 2, index 7, sparse_out 62, out 62
Routing outputs for input 31: port 2, index 7, sparse_out 63, out 63
Routing outputs for input 32: port 3, index 0, sparse_port_access_granularity 1
Routing outputs for input 32: port 3, index 0, sparse_out 0, out 0
Routing outputs for input 32: port 3, index 0, sparse_out 1, out 1
Routing outputs for input 32: port 3, index 0, sparse_out 2, out 2
Routing outputs for input 32: port 3, index 0, sparse_out 3, out 3
Routing outputs for input 32: port 3, index 0, sparse_out 4, out 4
Routing outputs for input 32: port 3, index 0, sparse_out 5, out 5
Routing outputs for input 32: port 3, index 0, sparse_out 6, out 6
Routing outputs for input 32: port 3, index 0, sparse_out 7, out 7
Routing outputs for input 32: port 3, index 0, sparse_out 8, out 8
Routing outputs for input 32: port 3, index 0, sparse_out 9, out 9
Routing outputs for input 32: port 3, index 0, sparse_out 10, out 10
Routing outputs for input 32: port 3, index 0, sparse_out 11, out 11
Routing outputs for input 32: port 3, index 0, sparse_out 12, out 12
Routing outputs for input 32: port 3, index 0, sparse_out 13, out 13
Routing outputs for input 32: port 3, index 0, sparse_out 14, out 14
Routing outputs for input 32: port 3, index 0, sparse_out 15, out 15
Routing outputs for input 32: port 3, index 0, sparse_out 16, out 16
Routing outputs for input 32: port 3, index 0, sparse_out 17, out 17
Routing outputs for input 32: port 3, index 0, sparse_out 18, out 18
Routing outputs for input 32: port 3, index 0, sparse_out 19, out 19
Routing outputs for input 32: port 3, index 0, sparse_out 20, out 20
Routing outputs for input 32: port 3, index 0, sparse_out 21, out 21
Routing outputs for input 32: port 3, index 0, sparse_out 22, out 22
Routing outputs for input 32: port 3, index 0, sparse_out 23, out 23
Routing outputs for input 32: port 3, index 0, sparse_out 24, out 24
Routing outputs for input 32: port 3, index 0, sparse_out 25, out 25
Routing outputs for input 32: port 3, index 0, sparse_out 26, out 26
Routing outputs for input 32: port 3, index 0, sparse_out 27, out 27
Routing outputs for input 32: port 3, index 0, sparse_out 28, out 28
Routing outputs for input 32: port 3, index 0, sparse_out 29, out 29
Routing outputs for input 32: port 3, index 0, sparse_out 30, out 30
Routing outputs for input 32: port 3, index 0, sparse_out 31, out 31
Routing outputs for input 32: port 3, index 0, sparse_out 32, out 32
Routing outputs for input 32: port 3, index 0, sparse_out 33, out 33
Routing outputs for input 32: port 3, index 0, sparse_out 34, out 34
Routing outputs for input 32: port 3, index 0, sparse_out 35, out 35
Routing outputs for input 32: port 3, index 0, sparse_out 36, out 36
Routing outputs for input 32: port 3, index 0, sparse_out 37, out 37
Routing outputs for input 32: port 3, index 0, sparse_out 38, out 38
Routing outputs for input 32: port 3, index 0, sparse_out 39, out 39
Routing outputs for input 32: port 3, index 0, sparse_out 40, out 40
Routing outputs for input 32: port 3, index 0, sparse_out 41, out 41
Routing outputs for input 32: port 3, index 0, sparse_out 42, out 42
Routing outputs for input 32: port 3, index 0, sparse_out 43, out 43
Routing outputs for input 32: port 3, index 0, sparse_out 44, out 44
Routing outputs for input 32: port 3, index 0, sparse_out 45, out 45
Routing outputs for input 32: port 3, index 0, sparse_out 46, out 46
Routing outputs for input 32: port 3, index 0, sparse_out 47, out 47
Routing outputs for input 32: port 3, index 0, sparse_out 48, out 48
Routing outputs for input 32: port 3, index 0, sparse_out 49, out 49
Routing outputs for input 32: port 3, index 0, sparse_out 50, out 50
Routing outputs for input 32: port 3, index 0, sparse_out 51, out 51
Routing outputs for input 32: port 3, index 0, sparse_out 52, out 52
Routing outputs for input 32: port 3, index 0, sparse_out 53, out 53
Routing outputs for input 32: port 3, index 0, sparse_out 54, out 54
Routing outputs for input 32: port 3, index 0, sparse_out 55, out 55
Routing outputs for input 32: port 3, index 0, sparse_out 56, out 56
Routing outputs for input 32: port 3, index 0, sparse_out 57, out 57
Routing outputs for input 32: port 3, index 0, sparse_out 58, out 58
Routing outputs for input 32: port 3, index 0, sparse_out 59, out 59
Routing outputs for input 32: port 3, index 0, sparse_out 60, out 60
Routing outputs for input 32: port 3, index 0, sparse_out 61, out 61
Routing outputs for input 32: port 3, index 0, sparse_out 62, out 62
Routing outputs for input 32: port 3, index 0, sparse_out 63, out 63
Routing outputs for input 33: port 4, index 0, sparse_port_access_granularity 1
Routing outputs for input 33: port 4, index 0, sparse_out 0, out 0
Routing outputs for input 33: port 4, index 0, sparse_out 1, out 1
Routing outputs for input 33: port 4, index 0, sparse_out 2, out 2
Routing outputs for input 33: port 4, index 0, sparse_out 3, out 3
Routing outputs for input 33: port 4, index 0, sparse_out 4, out 4
Routing outputs for input 33: port 4, index 0, sparse_out 5, out 5
Routing outputs for input 33: port 4, index 0, sparse_out 6, out 6
Routing outputs for input 33: port 4, index 0, sparse_out 7, out 7
Routing outputs for input 33: port 4, index 0, sparse_out 8, out 8
Routing outputs for input 33: port 4, index 0, sparse_out 9, out 9
Routing outputs for input 33: port 4, index 0, sparse_out 10, out 10
Routing outputs for input 33: port 4, index 0, sparse_out 11, out 11
Routing outputs for input 33: port 4, index 0, sparse_out 12, out 12
Routing outputs for input 33: port 4, index 0, sparse_out 13, out 13
Routing outputs for input 33: port 4, index 0, sparse_out 14, out 14
Routing outputs for input 33: port 4, index 0, sparse_out 15, out 15
Routing outputs for input 33: port 4, index 0, sparse_out 16, out 16
Routing outputs for input 33: port 4, index 0, sparse_out 17, out 17
Routing outputs for input 33: port 4, index 0, sparse_out 18, out 18
Routing outputs for input 33: port 4, index 0, sparse_out 19, out 19
Routing outputs for input 33: port 4, index 0, sparse_out 20, out 20
Routing outputs for input 33: port 4, index 0, sparse_out 21, out 21
Routing outputs for input 33: port 4, index 0, sparse_out 22, out 22
Routing outputs for input 33: port 4, index 0, sparse_out 23, out 23
Routing outputs for input 33: port 4, index 0, sparse_out 24, out 24
Routing outputs for input 33: port 4, index 0, sparse_out 25, out 25
Routing outputs for input 33: port 4, index 0, sparse_out 26, out 26
Routing outputs for input 33: port 4, index 0, sparse_out 27, out 27
Routing outputs for input 33: port 4, index 0, sparse_out 28, out 28
Routing outputs for input 33: port 4, index 0, sparse_out 29, out 29
Routing outputs for input 33: port 4, index 0, sparse_out 30, out 30
Routing outputs for input 33: port 4, index 0, sparse_out 31, out 31
Routing outputs for input 33: port 4, index 0, sparse_out 32, out 32
Routing outputs for input 33: port 4, index 0, sparse_out 33, out 33
Routing outputs for input 33: port 4, index 0, sparse_out 34, out 34
Routing outputs for input 33: port 4, index 0, sparse_out 35, out 35
Routing outputs for input 33: port 4, index 0, sparse_out 36, out 36
Routing outputs for input 33: port 4, index 0, sparse_out 37, out 37
Routing outputs for input 33: port 4, index 0, sparse_out 38, out 38
Routing outputs for input 33: port 4, index 0, sparse_out 39, out 39
Routing outputs for input 33: port 4, index 0, sparse_out 40, out 40
Routing outputs for input 33: port 4, index 0, sparse_out 41, out 41
Routing outputs for input 33: port 4, index 0, sparse_out 42, out 42
Routing outputs for input 33: port 4, index 0, sparse_out 43, out 43
Routing outputs for input 33: port 4, index 0, sparse_out 44, out 44
Routing outputs for input 33: port 4, index 0, sparse_out 45, out 45
Routing outputs for input 33: port 4, index 0, sparse_out 46, out 46
Routing outputs for input 33: port 4, index 0, sparse_out 47, out 47
Routing outputs for input 33: port 4, index 0, sparse_out 48, out 48
Routing outputs for input 33: port 4, index 0, sparse_out 49, out 49
Routing outputs for input 33: port 4, index 0, sparse_out 50, out 50
Routing outputs for input 33: port 4, index 0, sparse_out 51, out 51
Routing outputs for input 33: port 4, index 0, sparse_out 52, out 52
Routing outputs for input 33: port 4, index 0, sparse_out 53, out 53
Routing outputs for input 33: port 4, index 0, sparse_out 54, out 54
Routing outputs for input 33: port 4, index 0, sparse_out 55, out 55
Routing outputs for input 33: port 4, index 0, sparse_out 56, out 56
Routing outputs for input 33: port 4, index 0, sparse_out 57, out 57
Routing outputs for input 33: port 4, index 0, sparse_out 58, out 58
Routing outputs for input 33: port 4, index 0, sparse_out 59, out 59
Routing outputs for input 33: port 4, index 0, sparse_out 60, out 60
Routing outputs for input 33: port 4, index 0, sparse_out 61, out 61
Routing outputs for input 33: port 4, index 0, sparse_out 62, out 62
Routing outputs for input 33: port 4, index 0, sparse_out 63, out 63
Routing outputs for input 34: port 5, index 0, sparse_port_access_granularity 1
Routing outputs for input 34: port 5, index 0, sparse_out 0, out 0
Routing outputs for input 34: port 5, index 0, sparse_out 1, out 1
Routing outputs for input 34: port 5, index 0, sparse_out 2, out 2
Routing outputs for input 34: port 5, index 0, sparse_out 3, out 3
Routing outputs for input 34: port 5, index 0, sparse_out 4, out 4
Routing outputs for input 34: port 5, index 0, sparse_out 5, out 5
Routing outputs for input 34: port 5, index 0, sparse_out 6, out 6
Routing outputs for input 34: port 5, index 0, sparse_out 7, out 7
Routing outputs for input 34: port 5, index 0, sparse_out 8, out 8
Routing outputs for input 34: port 5, index 0, sparse_out 9, out 9
Routing outputs for input 34: port 5, index 0, sparse_out 10, out 10
Routing outputs for input 34: port 5, index 0, sparse_out 11, out 11
Routing outputs for input 34: port 5, index 0, sparse_out 12, out 12
Routing outputs for input 34: port 5, index 0, sparse_out 13, out 13
Routing outputs for input 34: port 5, index 0, sparse_out 14, out 14
Routing outputs for input 34: port 5, index 0, sparse_out 15, out 15
Routing outputs for input 34: port 5, index 0, sparse_out 16, out 16
Routing outputs for input 34: port 5, index 0, sparse_out 17, out 17
Routing outputs for input 34: port 5, index 0, sparse_out 18, out 18
Routing outputs for input 34: port 5, index 0, sparse_out 19, out 19
Routing outputs for input 34: port 5, index 0, sparse_out 20, out 20
Routing outputs for input 34: port 5, index 0, sparse_out 21, out 21
Routing outputs for input 34: port 5, index 0, sparse_out 22, out 22
Routing outputs for input 34: port 5, index 0, sparse_out 23, out 23
Routing outputs for input 34: port 5, index 0, sparse_out 24, out 24
Routing outputs for input 34: port 5, index 0, sparse_out 25, out 25
Routing outputs for input 34: port 5, index 0, sparse_out 26, out 26
Routing outputs for input 34: port 5, index 0, sparse_out 27, out 27
Routing outputs for input 34: port 5, index 0, sparse_out 28, out 28
Routing outputs for input 34: port 5, index 0, sparse_out 29, out 29
Routing outputs for input 34: port 5, index 0, sparse_out 30, out 30
Routing outputs for input 34: port 5, index 0, sparse_out 31, out 31
Routing outputs for input 34: port 5, index 0, sparse_out 32, out 32
Routing outputs for input 34: port 5, index 0, sparse_out 33, out 33
Routing outputs for input 34: port 5, index 0, sparse_out 34, out 34
Routing outputs for input 34: port 5, index 0, sparse_out 35, out 35
Routing outputs for input 34: port 5, index 0, sparse_out 36, out 36
Routing outputs for input 34: port 5, index 0, sparse_out 37, out 37
Routing outputs for input 34: port 5, index 0, sparse_out 38, out 38
Routing outputs for input 34: port 5, index 0, sparse_out 39, out 39
Routing outputs for input 34: port 5, index 0, sparse_out 40, out 40
Routing outputs for input 34: port 5, index 0, sparse_out 41, out 41
Routing outputs for input 34: port 5, index 0, sparse_out 42, out 42
Routing outputs for input 34: port 5, index 0, sparse_out 43, out 43
Routing outputs for input 34: port 5, index 0, sparse_out 44, out 44
Routing outputs for input 34: port 5, index 0, sparse_out 45, out 45
Routing outputs for input 34: port 5, index 0, sparse_out 46, out 46
Routing outputs for input 34: port 5, index 0, sparse_out 47, out 47
Routing outputs for input 34: port 5, index 0, sparse_out 48, out 48
Routing outputs for input 34: port 5, index 0, sparse_out 49, out 49
Routing outputs for input 34: port 5, index 0, sparse_out 50, out 50
Routing outputs for input 34: port 5, index 0, sparse_out 51, out 51
Routing outputs for input 34: port 5, index 0, sparse_out 52, out 52
Routing outputs for input 34: port 5, index 0, sparse_out 53, out 53
Routing outputs for input 34: port 5, index 0, sparse_out 54, out 54
Routing outputs for input 34: port 5, index 0, sparse_out 55, out 55
Routing outputs for input 34: port 5, index 0, sparse_out 56, out 56
Routing outputs for input 34: port 5, index 0, sparse_out 57, out 57
Routing outputs for input 34: port 5, index 0, sparse_out 58, out 58
Routing outputs for input 34: port 5, index 0, sparse_out 59, out 59
Routing outputs for input 34: port 5, index 0, sparse_out 60, out 60
Routing outputs for input 34: port 5, index 0, sparse_out 61, out 61
Routing outputs for input 34: port 5, index 0, sparse_out 62, out 62
Routing outputs for input 34: port 5, index 0, sparse_out 63, out 63
Routing outputs for input 35: port 5, index 1, sparse_port_access_granularity 1
Routing outputs for input 35: port 5, index 1, sparse_out 0, out 0
Routing outputs for input 35: port 5, index 1, sparse_out 1, out 1
Routing outputs for input 35: port 5, index 1, sparse_out 2, out 2
Routing outputs for input 35: port 5, index 1, sparse_out 3, out 3
Routing outputs for input 35: port 5, index 1, sparse_out 4, out 4
Routing outputs for input 35: port 5, index 1, sparse_out 5, out 5
Routing outputs for input 35: port 5, index 1, sparse_out 6, out 6
Routing outputs for input 35: port 5, index 1, sparse_out 7, out 7
Routing outputs for input 35: port 5, index 1, sparse_out 8, out 8
Routing outputs for input 35: port 5, index 1, sparse_out 9, out 9
Routing outputs for input 35: port 5, index 1, sparse_out 10, out 10
Routing outputs for input 35: port 5, index 1, sparse_out 11, out 11
Routing outputs for input 35: port 5, index 1, sparse_out 12, out 12
Routing outputs for input 35: port 5, index 1, sparse_out 13, out 13
Routing outputs for input 35: port 5, index 1, sparse_out 14, out 14
Routing outputs for input 35: port 5, index 1, sparse_out 15, out 15
Routing outputs for input 35: port 5, index 1, sparse_out 16, out 16
Routing outputs for input 35: port 5, index 1, sparse_out 17, out 17
Routing outputs for input 35: port 5, index 1, sparse_out 18, out 18
Routing outputs for input 35: port 5, index 1, sparse_out 19, out 19
Routing outputs for input 35: port 5, index 1, sparse_out 20, out 20
Routing outputs for input 35: port 5, index 1, sparse_out 21, out 21
Routing outputs for input 35: port 5, index 1, sparse_out 22, out 22
Routing outputs for input 35: port 5, index 1, sparse_out 23, out 23
Routing outputs for input 35: port 5, index 1, sparse_out 24, out 24
Routing outputs for input 35: port 5, index 1, sparse_out 25, out 25
Routing outputs for input 35: port 5, index 1, sparse_out 26, out 26
Routing outputs for input 35: port 5, index 1, sparse_out 27, out 27
Routing outputs for input 35: port 5, index 1, sparse_out 28, out 28
Routing outputs for input 35: port 5, index 1, sparse_out 29, out 29
Routing outputs for input 35: port 5, index 1, sparse_out 30, out 30
Routing outputs for input 35: port 5, index 1, sparse_out 31, out 31
Routing outputs for input 35: port 5, index 1, sparse_out 32, out 32
Routing outputs for input 35: port 5, index 1, sparse_out 33, out 33
Routing outputs for input 35: port 5, index 1, sparse_out 34, out 34
Routing outputs for input 35: port 5, index 1, sparse_out 35, out 35
Routing outputs for input 35: port 5, index 1, sparse_out 36, out 36
Routing outputs for input 35: port 5, index 1, sparse_out 37, out 37
Routing outputs for input 35: port 5, index 1, sparse_out 38, out 38
Routing outputs for input 35: port 5, index 1, sparse_out 39, out 39
Routing outputs for input 35: port 5, index 1, sparse_out 40, out 40
Routing outputs for input 35: port 5, index 1, sparse_out 41, out 41
Routing outputs for input 35: port 5, index 1, sparse_out 42, out 42
Routing outputs for input 35: port 5, index 1, sparse_out 43, out 43
Routing outputs for input 35: port 5, index 1, sparse_out 44, out 44
Routing outputs for input 35: port 5, index 1, sparse_out 45, out 45
Routing outputs for input 35: port 5, index 1, sparse_out 46, out 46
Routing outputs for input 35: port 5, index 1, sparse_out 47, out 47
Routing outputs for input 35: port 5, index 1, sparse_out 48, out 48
Routing outputs for input 35: port 5, index 1, sparse_out 49, out 49
Routing outputs for input 35: port 5, index 1, sparse_out 50, out 50
Routing outputs for input 35: port 5, index 1, sparse_out 51, out 51
Routing outputs for input 35: port 5, index 1, sparse_out 52, out 52
Routing outputs for input 35: port 5, index 1, sparse_out 53, out 53
Routing outputs for input 35: port 5, index 1, sparse_out 54, out 54
Routing outputs for input 35: port 5, index 1, sparse_out 55, out 55
Routing outputs for input 35: port 5, index 1, sparse_out 56, out 56
Routing outputs for input 35: port 5, index 1, sparse_out 57, out 57
Routing outputs for input 35: port 5, index 1, sparse_out 58, out 58
Routing outputs for input 35: port 5, index 1, sparse_out 59, out 59
Routing outputs for input 35: port 5, index 1, sparse_out 60, out 60
Routing outputs for input 35: port 5, index 1, sparse_out 61, out 61
Routing outputs for input 35: port 5, index 1, sparse_out 62, out 62
Routing outputs for input 35: port 5, index 1, sparse_out 63, out 63
Routing outputs for input 36: port 5, index 2, sparse_port_access_granularity 1
Routing outputs for input 36: port 5, index 2, sparse_out 0, out 0
Routing outputs for input 36: port 5, index 2, sparse_out 1, out 1
Routing outputs for input 36: port 5, index 2, sparse_out 2, out 2
Routing outputs for input 36: port 5, index 2, sparse_out 3, out 3
Routing outputs for input 36: port 5, index 2, sparse_out 4, out 4
Routing outputs for input 36: port 5, index 2, sparse_out 5, out 5
Routing outputs for input 36: port 5, index 2, sparse_out 6, out 6
Routing outputs for input 36: port 5, index 2, sparse_out 7, out 7
Routing outputs for input 36: port 5, index 2, sparse_out 8, out 8
Routing outputs for input 36: port 5, index 2, sparse_out 9, out 9
Routing outputs for input 36: port 5, index 2, sparse_out 10, out 10
Routing outputs for input 36: port 5, index 2, sparse_out 11, out 11
Routing outputs for input 36: port 5, index 2, sparse_out 12, out 12
Routing outputs for input 36: port 5, index 2, sparse_out 13, out 13
Routing outputs for input 36: port 5, index 2, sparse_out 14, out 14
Routing outputs for input 36: port 5, index 2, sparse_out 15, out 15
Routing outputs for input 36: port 5, index 2, sparse_out 16, out 16
Routing outputs for input 36: port 5, index 2, sparse_out 17, out 17
Routing outputs for input 36: port 5, index 2, sparse_out 18, out 18
Routing outputs for input 36: port 5, index 2, sparse_out 19, out 19
Routing outputs for input 36: port 5, index 2, sparse_out 20, out 20
Routing outputs for input 36: port 5, index 2, sparse_out 21, out 21
Routing outputs for input 36: port 5, index 2, sparse_out 22, out 22
Routing outputs for input 36: port 5, index 2, sparse_out 23, out 23
Routing outputs for input 36: port 5, index 2, sparse_out 24, out 24
Routing outputs for input 36: port 5, index 2, sparse_out 25, out 25
Routing outputs for input 36: port 5, index 2, sparse_out 26, out 26
Routing outputs for input 36: port 5, index 2, sparse_out 27, out 27
Routing outputs for input 36: port 5, index 2, sparse_out 28, out 28
Routing outputs for input 36: port 5, index 2, sparse_out 29, out 29
Routing outputs for input 36: port 5, index 2, sparse_out 30, out 30
Routing outputs for input 36: port 5, index 2, sparse_out 31, out 31
Routing outputs for input 36: port 5, index 2, sparse_out 32, out 32
Routing outputs for input 36: port 5, index 2, sparse_out 33, out 33
Routing outputs for input 36: port 5, index 2, sparse_out 34, out 34
Routing outputs for input 36: port 5, index 2, sparse_out 35, out 35
Routing outputs for input 36: port 5, index 2, sparse_out 36, out 36
Routing outputs for input 36: port 5, index 2, sparse_out 37, out 37
Routing outputs for input 36: port 5, index 2, sparse_out 38, out 38
Routing outputs for input 36: port 5, index 2, sparse_out 39, out 39
Routing outputs for input 36: port 5, index 2, sparse_out 40, out 40
Routing outputs for input 36: port 5, index 2, sparse_out 41, out 41
Routing outputs for input 36: port 5, index 2, sparse_out 42, out 42
Routing outputs for input 36: port 5, index 2, sparse_out 43, out 43
Routing outputs for input 36: port 5, index 2, sparse_out 44, out 44
Routing outputs for input 36: port 5, index 2, sparse_out 45, out 45
Routing outputs for input 36: port 5, index 2, sparse_out 46, out 46
Routing outputs for input 36: port 5, index 2, sparse_out 47, out 47
Routing outputs for input 36: port 5, index 2, sparse_out 48, out 48
Routing outputs for input 36: port 5, index 2, sparse_out 49, out 49
Routing outputs for input 36: port 5, index 2, sparse_out 50, out 50
Routing outputs for input 36: port 5, index 2, sparse_out 51, out 51
Routing outputs for input 36: port 5, index 2, sparse_out 52, out 52
Routing outputs for input 36: port 5, index 2, sparse_out 53, out 53
Routing outputs for input 36: port 5, index 2, sparse_out 54, out 54
Routing outputs for input 36: port 5, index 2, sparse_out 55, out 55
Routing outputs for input 36: port 5, index 2, sparse_out 56, out 56
Routing outputs for input 36: port 5, index 2, sparse_out 57, out 57
Routing outputs for input 36: port 5, index 2, sparse_out 58, out 58
Routing outputs for input 36: port 5, index 2, sparse_out 59, out 59
Routing outputs for input 36: port 5, index 2, sparse_out 60, out 60
Routing outputs for input 36: port 5, index 2, sparse_out 61, out 61
Routing outputs for input 36: port 5, index 2, sparse_out 62, out 62
Routing outputs for input 36: port 5, index 2, sparse_out 63, out 63
Routing outputs for input 37: port 5, index 3, sparse_port_access_granularity 1
Routing outputs for input 37: port 5, index 3, sparse_out 0, out 0
Routing outputs for input 37: port 5, index 3, sparse_out 1, out 1
Routing outputs for input 37: port 5, index 3, sparse_out 2, out 2
Routing outputs for input 37: port 5, index 3, sparse_out 3, out 3
Routing outputs for input 37: port 5, index 3, sparse_out 4, out 4
Routing outputs for input 37: port 5, index 3, sparse_out 5, out 5
Routing outputs for input 37: port 5, index 3, sparse_out 6, out 6
Routing outputs for input 37: port 5, index 3, sparse_out 7, out 7
Routing outputs for input 37: port 5, index 3, sparse_out 8, out 8
Routing outputs for input 37: port 5, index 3, sparse_out 9, out 9
Routing outputs for input 37: port 5, index 3, sparse_out 10, out 10
Routing outputs for input 37: port 5, index 3, sparse_out 11, out 11
Routing outputs for input 37: port 5, index 3, sparse_out 12, out 12
Routing outputs for input 37: port 5, index 3, sparse_out 13, out 13
Routing outputs for input 37: port 5, index 3, sparse_out 14, out 14
Routing outputs for input 37: port 5, index 3, sparse_out 15, out 15
Routing outputs for input 37: port 5, index 3, sparse_out 16, out 16
Routing outputs for input 37: port 5, index 3, sparse_out 17, out 17
Routing outputs for input 37: port 5, index 3, sparse_out 18, out 18
Routing outputs for input 37: port 5, index 3, sparse_out 19, out 19
Routing outputs for input 37: port 5, index 3, sparse_out 20, out 20
Routing outputs for input 37: port 5, index 3, sparse_out 21, out 21
Routing outputs for input 37: port 5, index 3, sparse_out 22, out 22
Routing outputs for input 37: port 5, index 3, sparse_out 23, out 23
Routing outputs for input 37: port 5, index 3, sparse_out 24, out 24
Routing outputs for input 37: port 5, index 3, sparse_out 25, out 25
Routing outputs for input 37: port 5, index 3, sparse_out 26, out 26
Routing outputs for input 37: port 5, index 3, sparse_out 27, out 27
Routing outputs for input 37: port 5, index 3, sparse_out 28, out 28
Routing outputs for input 37: port 5, index 3, sparse_out 29, out 29
Routing outputs for input 37: port 5, index 3, sparse_out 30, out 30
Routing outputs for input 37: port 5, index 3, sparse_out 31, out 31
Routing outputs for input 37: port 5, index 3, sparse_out 32, out 32
Routing outputs for input 37: port 5, index 3, sparse_out 33, out 33
Routing outputs for input 37: port 5, index 3, sparse_out 34, out 34
Routing outputs for input 37: port 5, index 3, sparse_out 35, out 35
Routing outputs for input 37: port 5, index 3, sparse_out 36, out 36
Routing outputs for input 37: port 5, index 3, sparse_out 37, out 37
Routing outputs for input 37: port 5, index 3, sparse_out 38, out 38
Routing outputs for input 37: port 5, index 3, sparse_out 39, out 39
Routing outputs for input 37: port 5, index 3, sparse_out 40, out 40
Routing outputs for input 37: port 5, index 3, sparse_out 41, out 41
Routing outputs for input 37: port 5, index 3, sparse_out 42, out 42
Routing outputs for input 37: port 5, index 3, sparse_out 43, out 43
Routing outputs for input 37: port 5, index 3, sparse_out 44, out 44
Routing outputs for input 37: port 5, index 3, sparse_out 45, out 45
Routing outputs for input 37: port 5, index 3, sparse_out 46, out 46
Routing outputs for input 37: port 5, index 3, sparse_out 47, out 47
Routing outputs for input 37: port 5, index 3, sparse_out 48, out 48
Routing outputs for input 37: port 5, index 3, sparse_out 49, out 49
Routing outputs for input 37: port 5, index 3, sparse_out 50, out 50
Routing outputs for input 37: port 5, index 3, sparse_out 51, out 51
Routing outputs for input 37: port 5, index 3, sparse_out 52, out 52
Routing outputs for input 37: port 5, index 3, sparse_out 53, out 53
Routing outputs for input 37: port 5, index 3, sparse_out 54, out 54
Routing outputs for input 37: port 5, index 3, sparse_out 55, out 55
Routing outputs for input 37: port 5, index 3, sparse_out 56, out 56
Routing outputs for input 37: port 5, index 3, sparse_out 57, out 57
Routing outputs for input 37: port 5, index 3, sparse_out 58, out 58
Routing outputs for input 37: port 5, index 3, sparse_out 59, out 59
Routing outputs for input 37: port 5, index 3, sparse_out 60, out 60
Routing outputs for input 37: port 5, index 3, sparse_out 61, out 61
Routing outputs for input 37: port 5, index 3, sparse_out 62, out 62
Routing outputs for input 37: port 5, index 3, sparse_out 63, out 63
Routing outputs for input 38: port 5, index 4, sparse_port_access_granularity 1
Routing outputs for input 38: port 5, index 4, sparse_out 0, out 0
Routing outputs for input 38: port 5, index 4, sparse_out 1, out 1
Routing outputs for input 38: port 5, index 4, sparse_out 2, out 2
Routing outputs for input 38: port 5, index 4, sparse_out 3, out 3
Routing outputs for input 38: port 5, index 4, sparse_out 4, out 4
Routing outputs for input 38: port 5, index 4, sparse_out 5, out 5
Routing outputs for input 38: port 5, index 4, sparse_out 6, out 6
Routing outputs for input 38: port 5, index 4, sparse_out 7, out 7
Routing outputs for input 38: port 5, index 4, sparse_out 8, out 8
Routing outputs for input 38: port 5, index 4, sparse_out 9, out 9
Routing outputs for input 38: port 5, index 4, sparse_out 10, out 10
Routing outputs for input 38: port 5, index 4, sparse_out 11, out 11
Routing outputs for input 38: port 5, index 4, sparse_out 12, out 12
Routing outputs for input 38: port 5, index 4, sparse_out 13, out 13
Routing outputs for input 38: port 5, index 4, sparse_out 14, out 14
Routing outputs for input 38: port 5, index 4, sparse_out 15, out 15
Routing outputs for input 38: port 5, index 4, sparse_out 16, out 16
Routing outputs for input 38: port 5, index 4, sparse_out 17, out 17
Routing outputs for input 38: port 5, index 4, sparse_out 18, out 18
Routing outputs for input 38: port 5, index 4, sparse_out 19, out 19
Routing outputs for input 38: port 5, index 4, sparse_out 20, out 20
Routing outputs for input 38: port 5, index 4, sparse_out 21, out 21
Routing outputs for input 38: port 5, index 4, sparse_out 22, out 22
Routing outputs for input 38: port 5, index 4, sparse_out 23, out 23
Routing outputs for input 38: port 5, index 4, sparse_out 24, out 24
Routing outputs for input 38: port 5, index 4, sparse_out 25, out 25
Routing outputs for input 38: port 5, index 4, sparse_out 26, out 26
Routing outputs for input 38: port 5, index 4, sparse_out 27, out 27
Routing outputs for input 38: port 5, index 4, sparse_out 28, out 28
Routing outputs for input 38: port 5, index 4, sparse_out 29, out 29
Routing outputs for input 38: port 5, index 4, sparse_out 30, out 30
Routing outputs for input 38: port 5, index 4, sparse_out 31, out 31
Routing outputs for input 38: port 5, index 4, sparse_out 32, out 32
Routing outputs for input 38: port 5, index 4, sparse_out 33, out 33
Routing outputs for input 38: port 5, index 4, sparse_out 34, out 34
Routing outputs for input 38: port 5, index 4, sparse_out 35, out 35
Routing outputs for input 38: port 5, index 4, sparse_out 36, out 36
Routing outputs for input 38: port 5, index 4, sparse_out 37, out 37
Routing outputs for input 38: port 5, index 4, sparse_out 38, out 38
Routing outputs for input 38: port 5, index 4, sparse_out 39, out 39
Routing outputs for input 38: port 5, index 4, sparse_out 40, out 40
Routing outputs for input 38: port 5, index 4, sparse_out 41, out 41
Routing outputs for input 38: port 5, index 4, sparse_out 42, out 42
Routing outputs for input 38: port 5, index 4, sparse_out 43, out 43
Routing outputs for input 38: port 5, index 4, sparse_out 44, out 44
Routing outputs for input 38: port 5, index 4, sparse_out 45, out 45
Routing outputs for input 38: port 5, index 4, sparse_out 46, out 46
Routing outputs for input 38: port 5, index 4, sparse_out 47, out 47
Routing outputs for input 38: port 5, index 4, sparse_out 48, out 48
Routing outputs for input 38: port 5, index 4, sparse_out 49, out 49
Routing outputs for input 38: port 5, index 4, sparse_out 50, out 50
Routing outputs for input 38: port 5, index 4, sparse_out 51, out 51
Routing outputs for input 38: port 5, index 4, sparse_out 52, out 52
Routing outputs for input 38: port 5, index 4, sparse_out 53, out 53
Routing outputs for input 38: port 5, index 4, sparse_out 54, out 54
Routing outputs for input 38: port 5, index 4, sparse_out 55, out 55
Routing outputs for input 38: port 5, index 4, sparse_out 56, out 56
Routing outputs for input 38: port 5, index 4, sparse_out 57, out 57
Routing outputs for input 38: port 5, index 4, sparse_out 58, out 58
Routing outputs for input 38: port 5, index 4, sparse_out 59, out 59
Routing outputs for input 38: port 5, index 4, sparse_out 60, out 60
Routing outputs for input 38: port 5, index 4, sparse_out 61, out 61
Routing outputs for input 38: port 5, index 4, sparse_out 62, out 62
Routing outputs for input 38: port 5, index 4, sparse_out 63, out 63
Routing outputs for input 39: port 5, index 5, sparse_port_access_granularity 1
Routing outputs for input 39: port 5, index 5, sparse_out 0, out 0
Routing outputs for input 39: port 5, index 5, sparse_out 1, out 1
Routing outputs for input 39: port 5, index 5, sparse_out 2, out 2
Routing outputs for input 39: port 5, index 5, sparse_out 3, out 3
Routing outputs for input 39: port 5, index 5, sparse_out 4, out 4
Routing outputs for input 39: port 5, index 5, sparse_out 5, out 5
Routing outputs for input 39: port 5, index 5, sparse_out 6, out 6
Routing outputs for input 39: port 5, index 5, sparse_out 7, out 7
Routing outputs for input 39: port 5, index 5, sparse_out 8, out 8
Routing outputs for input 39: port 5, index 5, sparse_out 9, out 9
Routing outputs for input 39: port 5, index 5, sparse_out 10, out 10
Routing outputs for input 39: port 5, index 5, sparse_out 11, out 11
Routing outputs for input 39: port 5, index 5, sparse_out 12, out 12
Routing outputs for input 39: port 5, index 5, sparse_out 13, out 13
Routing outputs for input 39: port 5, index 5, sparse_out 14, out 14
Routing outputs for input 39: port 5, index 5, sparse_out 15, out 15
Routing outputs for input 39: port 5, index 5, sparse_out 16, out 16
Routing outputs for input 39: port 5, index 5, sparse_out 17, out 17
Routing outputs for input 39: port 5, index 5, sparse_out 18, out 18
Routing outputs for input 39: port 5, index 5, sparse_out 19, out 19
Routing outputs for input 39: port 5, index 5, sparse_out 20, out 20
Routing outputs for input 39: port 5, index 5, sparse_out 21, out 21
Routing outputs for input 39: port 5, index 5, sparse_out 22, out 22
Routing outputs for input 39: port 5, index 5, sparse_out 23, out 23
Routing outputs for input 39: port 5, index 5, sparse_out 24, out 24
Routing outputs for input 39: port 5, index 5, sparse_out 25, out 25
Routing outputs for input 39: port 5, index 5, sparse_out 26, out 26
Routing outputs for input 39: port 5, index 5, sparse_out 27, out 27
Routing outputs for input 39: port 5, index 5, sparse_out 28, out 28
Routing outputs for input 39: port 5, index 5, sparse_out 29, out 29
Routing outputs for input 39: port 5, index 5, sparse_out 30, out 30
Routing outputs for input 39: port 5, index 5, sparse_out 31, out 31
Routing outputs for input 39: port 5, index 5, sparse_out 32, out 32
Routing outputs for input 39: port 5, index 5, sparse_out 33, out 33
Routing outputs for input 39: port 5, index 5, sparse_out 34, out 34
Routing outputs for input 39: port 5, index 5, sparse_out 35, out 35
Routing outputs for input 39: port 5, index 5, sparse_out 36, out 36
Routing outputs for input 39: port 5, index 5, sparse_out 37, out 37
Routing outputs for input 39: port 5, index 5, sparse_out 38, out 38
Routing outputs for input 39: port 5, index 5, sparse_out 39, out 39
Routing outputs for input 39: port 5, index 5, sparse_out 40, out 40
Routing outputs for input 39: port 5, index 5, sparse_out 41, out 41
Routing outputs for input 39: port 5, index 5, sparse_out 42, out 42
Routing outputs for input 39: port 5, index 5, sparse_out 43, out 43
Routing outputs for input 39: port 5, index 5, sparse_out 44, out 44
Routing outputs for input 39: port 5, index 5, sparse_out 45, out 45
Routing outputs for input 39: port 5, index 5, sparse_out 46, out 46
Routing outputs for input 39: port 5, index 5, sparse_out 47, out 47
Routing outputs for input 39: port 5, index 5, sparse_out 48, out 48
Routing outputs for input 39: port 5, index 5, sparse_out 49, out 49
Routing outputs for input 39: port 5, index 5, sparse_out 50, out 50
Routing outputs for input 39: port 5, index 5, sparse_out 51, out 51
Routing outputs for input 39: port 5, index 5, sparse_out 52, out 52
Routing outputs for input 39: port 5, index 5, sparse_out 53, out 53
Routing outputs for input 39: port 5, index 5, sparse_out 54, out 54
Routing outputs for input 39: port 5, index 5, sparse_out 55, out 55
Routing outputs for input 39: port 5, index 5, sparse_out 56, out 56
Routing outputs for input 39: port 5, index 5, sparse_out 57, out 57
Routing outputs for input 39: port 5, index 5, sparse_out 58, out 58
Routing outputs for input 39: port 5, index 5, sparse_out 59, out 59
Routing outputs for input 39: port 5, index 5, sparse_out 60, out 60
Routing outputs for input 39: port 5, index 5, sparse_out 61, out 61
Routing outputs for input 39: port 5, index 5, sparse_out 62, out 62
Routing outputs for input 39: port 5, index 5, sparse_out 63, out 63
Routing outputs for input 40: port 5, index 6, sparse_port_access_granularity 1
Routing outputs for input 40: port 5, index 6, sparse_out 0, out 0
Routing outputs for input 40: port 5, index 6, sparse_out 1, out 1
Routing outputs for input 40: port 5, index 6, sparse_out 2, out 2
Routing outputs for input 40: port 5, index 6, sparse_out 3, out 3
Routing outputs for input 40: port 5, index 6, sparse_out 4, out 4
Routing outputs for input 40: port 5, index 6, sparse_out 5, out 5
Routing outputs for input 40: port 5, index 6, sparse_out 6, out 6
Routing outputs for input 40: port 5, index 6, sparse_out 7, out 7
Routing outputs for input 40: port 5, index 6, sparse_out 8, out 8
Routing outputs for input 40: port 5, index 6, sparse_out 9, out 9
Routing outputs for input 40: port 5, index 6, sparse_out 10, out 10
Routing outputs for input 40: port 5, index 6, sparse_out 11, out 11
Routing outputs for input 40: port 5, index 6, sparse_out 12, out 12
Routing outputs for input 40: port 5, index 6, sparse_out 13, out 13
Routing outputs for input 40: port 5, index 6, sparse_out 14, out 14
Routing outputs for input 40: port 5, index 6, sparse_out 15, out 15
Routing outputs for input 40: port 5, index 6, sparse_out 16, out 16
Routing outputs for input 40: port 5, index 6, sparse_out 17, out 17
Routing outputs for input 40: port 5, index 6, sparse_out 18, out 18
Routing outputs for input 40: port 5, index 6, sparse_out 19, out 19
Routing outputs for input 40: port 5, index 6, sparse_out 20, out 20
Routing outputs for input 40: port 5, index 6, sparse_out 21, out 21
Routing outputs for input 40: port 5, index 6, sparse_out 22, out 22
Routing outputs for input 40: port 5, index 6, sparse_out 23, out 23
Routing outputs for input 40: port 5, index 6, sparse_out 24, out 24
Routing outputs for input 40: port 5, index 6, sparse_out 25, out 25
Routing outputs for input 40: port 5, index 6, sparse_out 26, out 26
Routing outputs for input 40: port 5, index 6, sparse_out 27, out 27
Routing outputs for input 40: port 5, index 6, sparse_out 28, out 28
Routing outputs for input 40: port 5, index 6, sparse_out 29, out 29
Routing outputs for input 40: port 5, index 6, sparse_out 30, out 30
Routing outputs for input 40: port 5, index 6, sparse_out 31, out 31
Routing outputs for input 40: port 5, index 6, sparse_out 32, out 32
Routing outputs for input 40: port 5, index 6, sparse_out 33, out 33
Routing outputs for input 40: port 5, index 6, sparse_out 34, out 34
Routing outputs for input 40: port 5, index 6, sparse_out 35, out 35
Routing outputs for input 40: port 5, index 6, sparse_out 36, out 36
Routing outputs for input 40: port 5, index 6, sparse_out 37, out 37
Routing outputs for input 40: port 5, index 6, sparse_out 38, out 38
Routing outputs for input 40: port 5, index 6, sparse_out 39, out 39
Routing outputs for input 40: port 5, index 6, sparse_out 40, out 40
Routing outputs for input 40: port 5, index 6, sparse_out 41, out 41
Routing outputs for input 40: port 5, index 6, sparse_out 42, out 42
Routing outputs for input 40: port 5, index 6, sparse_out 43, out 43
Routing outputs for input 40: port 5, index 6, sparse_out 44, out 44
Routing outputs for input 40: port 5, index 6, sparse_out 45, out 45
Routing outputs for input 40: port 5, index 6, sparse_out 46, out 46
Routing outputs for input 40: port 5, index 6, sparse_out 47, out 47
Routing outputs for input 40: port 5, index 6, sparse_out 48, out 48
Routing outputs for input 40: port 5, index 6, sparse_out 49, out 49
Routing outputs for input 40: port 5, index 6, sparse_out 50, out 50
Routing outputs for input 40: port 5, index 6, sparse_out 51, out 51
Routing outputs for input 40: port 5, index 6, sparse_out 52, out 52
Routing outputs for input 40: port 5, index 6, sparse_out 53, out 53
Routing outputs for input 40: port 5, index 6, sparse_out 54, out 54
Routing outputs for input 40: port 5, index 6, sparse_out 55, out 55
Routing outputs for input 40: port 5, index 6, sparse_out 56, out 56
Routing outputs for input 40: port 5, index 6, sparse_out 57, out 57
Routing outputs for input 40: port 5, index 6, sparse_out 58, out 58
Routing outputs for input 40: port 5, index 6, sparse_out 59, out 59
Routing outputs for input 40: port 5, index 6, sparse_out 60, out 60
Routing outputs for input 40: port 5, index 6, sparse_out 61, out 61
Routing outputs for input 40: port 5, index 6, sparse_out 62, out 62
Routing outputs for input 40: port 5, index 6, sparse_out 63, out 63
Routing outputs for input 41: port 5, index 7, sparse_port_access_granularity 1
Routing outputs for input 41: port 5, index 7, sparse_out 0, out 0
Routing outputs for input 41: port 5, index 7, sparse_out 1, out 1
Routing outputs for input 41: port 5, index 7, sparse_out 2, out 2
Routing outputs for input 41: port 5, index 7, sparse_out 3, out 3
Routing outputs for input 41: port 5, index 7, sparse_out 4, out 4
Routing outputs for input 41: port 5, index 7, sparse_out 5, out 5
Routing outputs for input 41: port 5, index 7, sparse_out 6, out 6
Routing outputs for input 41: port 5, index 7, sparse_out 7, out 7
Routing outputs for input 41: port 5, index 7, sparse_out 8, out 8
Routing outputs for input 41: port 5, index 7, sparse_out 9, out 9
Routing outputs for input 41: port 5, index 7, sparse_out 10, out 10
Routing outputs for input 41: port 5, index 7, sparse_out 11, out 11
Routing outputs for input 41: port 5, index 7, sparse_out 12, out 12
Routing outputs for input 41: port 5, index 7, sparse_out 13, out 13
Routing outputs for input 41: port 5, index 7, sparse_out 14, out 14
Routing outputs for input 41: port 5, index 7, sparse_out 15, out 15
Routing outputs for input 41: port 5, index 7, sparse_out 16, out 16
Routing outputs for input 41: port 5, index 7, sparse_out 17, out 17
Routing outputs for input 41: port 5, index 7, sparse_out 18, out 18
Routing outputs for input 41: port 5, index 7, sparse_out 19, out 19
Routing outputs for input 41: port 5, index 7, sparse_out 20, out 20
Routing outputs for input 41: port 5, index 7, sparse_out 21, out 21
Routing outputs for input 41: port 5, index 7, sparse_out 22, out 22
Routing outputs for input 41: port 5, index 7, sparse_out 23, out 23
Routing outputs for input 41: port 5, index 7, sparse_out 24, out 24
Routing outputs for input 41: port 5, index 7, sparse_out 25, out 25
Routing outputs for input 41: port 5, index 7, sparse_out 26, out 26
Routing outputs for input 41: port 5, index 7, sparse_out 27, out 27
Routing outputs for input 41: port 5, index 7, sparse_out 28, out 28
Routing outputs for input 41: port 5, index 7, sparse_out 29, out 29
Routing outputs for input 41: port 5, index 7, sparse_out 30, out 30
Routing outputs for input 41: port 5, index 7, sparse_out 31, out 31
Routing outputs for input 41: port 5, index 7, sparse_out 32, out 32
Routing outputs for input 41: port 5, index 7, sparse_out 33, out 33
Routing outputs for input 41: port 5, index 7, sparse_out 34, out 34
Routing outputs for input 41: port 5, index 7, sparse_out 35, out 35
Routing outputs for input 41: port 5, index 7, sparse_out 36, out 36
Routing outputs for input 41: port 5, index 7, sparse_out 37, out 37
Routing outputs for input 41: port 5, index 7, sparse_out 38, out 38
Routing outputs for input 41: port 5, index 7, sparse_out 39, out 39
Routing outputs for input 41: port 5, index 7, sparse_out 40, out 40
Routing outputs for input 41: port 5, index 7, sparse_out 41, out 41
Routing outputs for input 41: port 5, index 7, sparse_out 42, out 42
Routing outputs for input 41: port 5, index 7, sparse_out 43, out 43
Routing outputs for input 41: port 5, index 7, sparse_out 44, out 44
Routing outputs for input 41: port 5, index 7, sparse_out 45, out 45
Routing outputs for input 41: port 5, index 7, sparse_out 46, out 46
Routing outputs for input 41: port 5, index 7, sparse_out 47, out 47
Routing outputs for input 41: port 5, index 7, sparse_out 48, out 48
Routing outputs for input 41: port 5, index 7, sparse_out 49, out 49
Routing outputs for input 41: port 5, index 7, sparse_out 50, out 50
Routing outputs for input 41: port 5, index 7, sparse_out 51, out 51
Routing outputs for input 41: port 5, index 7, sparse_out 52, out 52
Routing outputs for input 41: port 5, index 7, sparse_out 53, out 53
Routing outputs for input 41: port 5, index 7, sparse_out 54, out 54
Routing outputs for input 41: port 5, index 7, sparse_out 55, out 55
Routing outputs for input 41: port 5, index 7, sparse_out 56, out 56
Routing outputs for input 41: port 5, index 7, sparse_out 57, out 57
Routing outputs for input 41: port 5, index 7, sparse_out 58, out 58
Routing outputs for input 41: port 5, index 7, sparse_out 59, out 59
Routing outputs for input 41: port 5, index 7, sparse_out 60, out 60
Routing outputs for input 41: port 5, index 7, sparse_out 61, out 61
Routing outputs for input 41: port 5, index 7, sparse_out 62, out 62
Routing outputs for input 41: port 5, index 7, sparse_out 63, out 63
Routing outputs for input 42: port 5, index 8, sparse_port_access_granularity 1
Routing outputs for input 42: port 5, index 8, sparse_out 0, out 0
Routing outputs for input 42: port 5, index 8, sparse_out 1, out 1
Routing outputs for input 42: port 5, index 8, sparse_out 2, out 2
Routing outputs for input 42: port 5, index 8, sparse_out 3, out 3
Routing outputs for input 42: port 5, index 8, sparse_out 4, out 4
Routing outputs for input 42: port 5, index 8, sparse_out 5, out 5
Routing outputs for input 42: port 5, index 8, sparse_out 6, out 6
Routing outputs for input 42: port 5, index 8, sparse_out 7, out 7
Routing outputs for input 42: port 5, index 8, sparse_out 8, out 8
Routing outputs for input 42: port 5, index 8, sparse_out 9, out 9
Routing outputs for input 42: port 5, index 8, sparse_out 10, out 10
Routing outputs for input 42: port 5, index 8, sparse_out 11, out 11
Routing outputs for input 42: port 5, index 8, sparse_out 12, out 12
Routing outputs for input 42: port 5, index 8, sparse_out 13, out 13
Routing outputs for input 42: port 5, index 8, sparse_out 14, out 14
Routing outputs for input 42: port 5, index 8, sparse_out 15, out 15
Routing outputs for input 42: port 5, index 8, sparse_out 16, out 16
Routing outputs for input 42: port 5, index 8, sparse_out 17, out 17
Routing outputs for input 42: port 5, index 8, sparse_out 18, out 18
Routing outputs for input 42: port 5, index 8, sparse_out 19, out 19
Routing outputs for input 42: port 5, index 8, sparse_out 20, out 20
Routing outputs for input 42: port 5, index 8, sparse_out 21, out 21
Routing outputs for input 42: port 5, index 8, sparse_out 22, out 22
Routing outputs for input 42: port 5, index 8, sparse_out 23, out 23
Routing outputs for input 42: port 5, index 8, sparse_out 24, out 24
Routing outputs for input 42: port 5, index 8, sparse_out 25, out 25
Routing outputs for input 42: port 5, index 8, sparse_out 26, out 26
Routing outputs for input 42: port 5, index 8, sparse_out 27, out 27
Routing outputs for input 42: port 5, index 8, sparse_out 28, out 28
Routing outputs for input 42: port 5, index 8, sparse_out 29, out 29
Routing outputs for input 42: port 5, index 8, sparse_out 30, out 30
Routing outputs for input 42: port 5, index 8, sparse_out 31, out 31
Routing outputs for input 42: port 5, index 8, sparse_out 32, out 32
Routing outputs for input 42: port 5, index 8, sparse_out 33, out 33
Routing outputs for input 42: port 5, index 8, sparse_out 34, out 34
Routing outputs for input 42: port 5, index 8, sparse_out 35, out 35
Routing outputs for input 42: port 5, index 8, sparse_out 36, out 36
Routing outputs for input 42: port 5, index 8, sparse_out 37, out 37
Routing outputs for input 42: port 5, index 8, sparse_out 38, out 38
Routing outputs for input 42: port 5, index 8, sparse_out 39, out 39
Routing outputs for input 42: port 5, index 8, sparse_out 40, out 40
Routing outputs for input 42: port 5, index 8, sparse_out 41, out 41
Routing outputs for input 42: port 5, index 8, sparse_out 42, out 42
Routing outputs for input 42: port 5, index 8, sparse_out 43, out 43
Routing outputs for input 42: port 5, index 8, sparse_out 44, out 44
Routing outputs for input 42: port 5, index 8, sparse_out 45, out 45
Routing outputs for input 42: port 5, index 8, sparse_out 46, out 46
Routing outputs for input 42: port 5, index 8, sparse_out 47, out 47
Routing outputs for input 42: port 5, index 8, sparse_out 48, out 48
Routing outputs for input 42: port 5, index 8, sparse_out 49, out 49
Routing outputs for input 42: port 5, index 8, sparse_out 50, out 50
Routing outputs for input 42: port 5, index 8, sparse_out 51, out 51
Routing outputs for input 42: port 5, index 8, sparse_out 52, out 52
Routing outputs for input 42: port 5, index 8, sparse_out 53, out 53
Routing outputs for input 42: port 5, index 8, sparse_out 54, out 54
Routing outputs for input 42: port 5, index 8, sparse_out 55, out 55
Routing outputs for input 42: port 5, index 8, sparse_out 56, out 56
Routing outputs for input 42: port 5, index 8, sparse_out 57, out 57
Routing outputs for input 42: port 5, index 8, sparse_out 58, out 58
Routing outputs for input 42: port 5, index 8, sparse_out 59, out 59
Routing outputs for input 42: port 5, index 8, sparse_out 60, out 60
Routing outputs for input 42: port 5, index 8, sparse_out 61, out 61
Routing outputs for input 42: port 5, index 8, sparse_out 62, out 62
Routing outputs for input 42: port 5, index 8, sparse_out 63, out 63
Routing outputs for input 43: port 5, index 9, sparse_port_access_granularity 1
Routing outputs for input 43: port 5, index 9, sparse_out 0, out 0
Routing outputs for input 43: port 5, index 9, sparse_out 1, out 1
Routing outputs for input 43: port 5, index 9, sparse_out 2, out 2
Routing outputs for input 43: port 5, index 9, sparse_out 3, out 3
Routing outputs for input 43: port 5, index 9, sparse_out 4, out 4
Routing outputs for input 43: port 5, index 9, sparse_out 5, out 5
Routing outputs for input 43: port 5, index 9, sparse_out 6, out 6
Routing outputs for input 43: port 5, index 9, sparse_out 7, out 7
Routing outputs for input 43: port 5, index 9, sparse_out 8, out 8
Routing outputs for input 43: port 5, index 9, sparse_out 9, out 9
Routing outputs for input 43: port 5, index 9, sparse_out 10, out 10
Routing outputs for input 43: port 5, index 9, sparse_out 11, out 11
Routing outputs for input 43: port 5, index 9, sparse_out 12, out 12
Routing outputs for input 43: port 5, index 9, sparse_out 13, out 13
Routing outputs for input 43: port 5, index 9, sparse_out 14, out 14
Routing outputs for input 43: port 5, index 9, sparse_out 15, out 15
Routing outputs for input 43: port 5, index 9, sparse_out 16, out 16
Routing outputs for input 43: port 5, index 9, sparse_out 17, out 17
Routing outputs for input 43: port 5, index 9, sparse_out 18, out 18
Routing outputs for input 43: port 5, index 9, sparse_out 19, out 19
Routing outputs for input 43: port 5, index 9, sparse_out 20, out 20
Routing outputs for input 43: port 5, index 9, sparse_out 21, out 21
Routing outputs for input 43: port 5, index 9, sparse_out 22, out 22
Routing outputs for input 43: port 5, index 9, sparse_out 23, out 23
Routing outputs for input 43: port 5, index 9, sparse_out 24, out 24
Routing outputs for input 43: port 5, index 9, sparse_out 25, out 25
Routing outputs for input 43: port 5, index 9, sparse_out 26, out 26
Routing outputs for input 43: port 5, index 9, sparse_out 27, out 27
Routing outputs for input 43: port 5, index 9, sparse_out 28, out 28
Routing outputs for input 43: port 5, index 9, sparse_out 29, out 29
Routing outputs for input 43: port 5, index 9, sparse_out 30, out 30
Routing outputs for input 43: port 5, index 9, sparse_out 31, out 31
Routing outputs for input 43: port 5, index 9, sparse_out 32, out 32
Routing outputs for input 43: port 5, index 9, sparse_out 33, out 33
Routing outputs for input 43: port 5, index 9, sparse_out 34, out 34
Routing outputs for input 43: port 5, index 9, sparse_out 35, out 35
Routing outputs for input 43: port 5, index 9, sparse_out 36, out 36
Routing outputs for input 43: port 5, index 9, sparse_out 37, out 37
Routing outputs for input 43: port 5, index 9, sparse_out 38, out 38
Routing outputs for input 43: port 5, index 9, sparse_out 39, out 39
Routing outputs for input 43: port 5, index 9, sparse_out 40, out 40
Routing outputs for input 43: port 5, index 9, sparse_out 41, out 41
Routing outputs for input 43: port 5, index 9, sparse_out 42, out 42
Routing outputs for input 43: port 5, index 9, sparse_out 43, out 43
Routing outputs for input 43: port 5, index 9, sparse_out 44, out 44
Routing outputs for input 43: port 5, index 9, sparse_out 45, out 45
Routing outputs for input 43: port 5, index 9, sparse_out 46, out 46
Routing outputs for input 43: port 5, index 9, sparse_out 47, out 47
Routing outputs for input 43: port 5, index 9, sparse_out 48, out 48
Routing outputs for input 43: port 5, index 9, sparse_out 49, out 49
Routing outputs for input 43: port 5, index 9, sparse_out 50, out 50
Routing outputs for input 43: port 5, index 9, sparse_out 51, out 51
Routing outputs for input 43: port 5, index 9, sparse_out 52, out 52
Routing outputs for input 43: port 5, index 9, sparse_out 53, out 53
Routing outputs for input 43: port 5, index 9, sparse_out 54, out 54
Routing outputs for input 43: port 5, index 9, sparse_out 55, out 55
Routing outputs for input 43: port 5, index 9, sparse_out 56, out 56
Routing outputs for input 43: port 5, index 9, sparse_out 57, out 57
Routing outputs for input 43: port 5, index 9, sparse_out 58, out 58
Routing outputs for input 43: port 5, index 9, sparse_out 59, out 59
Routing outputs for input 43: port 5, index 9, sparse_out 60, out 60
Routing outputs for input 43: port 5, index 9, sparse_out 61, out 61
Routing outputs for input 43: port 5, index 9, sparse_out 62, out 62
Routing outputs for input 43: port 5, index 9, sparse_out 63, out 63
Routing outputs for input 44: port 5, index 10, sparse_port_access_granularity 1
Routing outputs for input 44: port 5, index 10, sparse_out 0, out 0
Routing outputs for input 44: port 5, index 10, sparse_out 1, out 1
Routing outputs for input 44: port 5, index 10, sparse_out 2, out 2
Routing outputs for input 44: port 5, index 10, sparse_out 3, out 3
Routing outputs for input 44: port 5, index 10, sparse_out 4, out 4
Routing outputs for input 44: port 5, index 10, sparse_out 5, out 5
Routing outputs for input 44: port 5, index 10, sparse_out 6, out 6
Routing outputs for input 44: port 5, index 10, sparse_out 7, out 7
Routing outputs for input 44: port 5, index 10, sparse_out 8, out 8
Routing outputs for input 44: port 5, index 10, sparse_out 9, out 9
Routing outputs for input 44: port 5, index 10, sparse_out 10, out 10
Routing outputs for input 44: port 5, index 10, sparse_out 11, out 11
Routing outputs for input 44: port 5, index 10, sparse_out 12, out 12
Routing outputs for input 44: port 5, index 10, sparse_out 13, out 13
Routing outputs for input 44: port 5, index 10, sparse_out 14, out 14
Routing outputs for input 44: port 5, index 10, sparse_out 15, out 15
Routing outputs for input 44: port 5, index 10, sparse_out 16, out 16
Routing outputs for input 44: port 5, index 10, sparse_out 17, out 17
Routing outputs for input 44: port 5, index 10, sparse_out 18, out 18
Routing outputs for input 44: port 5, index 10, sparse_out 19, out 19
Routing outputs for input 44: port 5, index 10, sparse_out 20, out 20
Routing outputs for input 44: port 5, index 10, sparse_out 21, out 21
Routing outputs for input 44: port 5, index 10, sparse_out 22, out 22
Routing outputs for input 44: port 5, index 10, sparse_out 23, out 23
Routing outputs for input 44: port 5, index 10, sparse_out 24, out 24
Routing outputs for input 44: port 5, index 10, sparse_out 25, out 25
Routing outputs for input 44: port 5, index 10, sparse_out 26, out 26
Routing outputs for input 44: port 5, index 10, sparse_out 27, out 27
Routing outputs for input 44: port 5, index 10, sparse_out 28, out 28
Routing outputs for input 44: port 5, index 10, sparse_out 29, out 29
Routing outputs for input 44: port 5, index 10, sparse_out 30, out 30
Routing outputs for input 44: port 5, index 10, sparse_out 31, out 31
Routing outputs for input 44: port 5, index 10, sparse_out 32, out 32
Routing outputs for input 44: port 5, index 10, sparse_out 33, out 33
Routing outputs for input 44: port 5, index 10, sparse_out 34, out 34
Routing outputs for input 44: port 5, index 10, sparse_out 35, out 35
Routing outputs for input 44: port 5, index 10, sparse_out 36, out 36
Routing outputs for input 44: port 5, index 10, sparse_out 37, out 37
Routing outputs for input 44: port 5, index 10, sparse_out 38, out 38
Routing outputs for input 44: port 5, index 10, sparse_out 39, out 39
Routing outputs for input 44: port 5, index 10, sparse_out 40, out 40
Routing outputs for input 44: port 5, index 10, sparse_out 41, out 41
Routing outputs for input 44: port 5, index 10, sparse_out 42, out 42
Routing outputs for input 44: port 5, index 10, sparse_out 43, out 43
Routing outputs for input 44: port 5, index 10, sparse_out 44, out 44
Routing outputs for input 44: port 5, index 10, sparse_out 45, out 45
Routing outputs for input 44: port 5, index 10, sparse_out 46, out 46
Routing outputs for input 44: port 5, index 10, sparse_out 47, out 47
Routing outputs for input 44: port 5, index 10, sparse_out 48, out 48
Routing outputs for input 44: port 5, index 10, sparse_out 49, out 49
Routing outputs for input 44: port 5, index 10, sparse_out 50, out 50
Routing outputs for input 44: port 5, index 10, sparse_out 51, out 51
Routing outputs for input 44: port 5, index 10, sparse_out 52, out 52
Routing outputs for input 44: port 5, index 10, sparse_out 53, out 53
Routing outputs for input 44: port 5, index 10, sparse_out 54, out 54
Routing outputs for input 44: port 5, index 10, sparse_out 55, out 55
Routing outputs for input 44: port 5, index 10, sparse_out 56, out 56
Routing outputs for input 44: port 5, index 10, sparse_out 57, out 57
Routing outputs for input 44: port 5, index 10, sparse_out 58, out 58
Routing outputs for input 44: port 5, index 10, sparse_out 59, out 59
Routing outputs for input 44: port 5, index 10, sparse_out 60, out 60
Routing outputs for input 44: port 5, index 10, sparse_out 61, out 61
Routing outputs for input 44: port 5, index 10, sparse_out 62, out 62
Routing outputs for input 44: port 5, index 10, sparse_out 63, out 63
Routing outputs for input 45: port 5, index 11, sparse_port_access_granularity 1
Routing outputs for input 45: port 5, index 11, sparse_out 0, out 0
Routing outputs for input 45: port 5, index 11, sparse_out 1, out 1
Routing outputs for input 45: port 5, index 11, sparse_out 2, out 2
Routing outputs for input 45: port 5, index 11, sparse_out 3, out 3
Routing outputs for input 45: port 5, index 11, sparse_out 4, out 4
Routing outputs for input 45: port 5, index 11, sparse_out 5, out 5
Routing outputs for input 45: port 5, index 11, sparse_out 6, out 6
Routing outputs for input 45: port 5, index 11, sparse_out 7, out 7
Routing outputs for input 45: port 5, index 11, sparse_out 8, out 8
Routing outputs for input 45: port 5, index 11, sparse_out 9, out 9
Routing outputs for input 45: port 5, index 11, sparse_out 10, out 10
Routing outputs for input 45: port 5, index 11, sparse_out 11, out 11
Routing outputs for input 45: port 5, index 11, sparse_out 12, out 12
Routing outputs for input 45: port 5, index 11, sparse_out 13, out 13
Routing outputs for input 45: port 5, index 11, sparse_out 14, out 14
Routing outputs for input 45: port 5, index 11, sparse_out 15, out 15
Routing outputs for input 45: port 5, index 11, sparse_out 16, out 16
Routing outputs for input 45: port 5, index 11, sparse_out 17, out 17
Routing outputs for input 45: port 5, index 11, sparse_out 18, out 18
Routing outputs for input 45: port 5, index 11, sparse_out 19, out 19
Routing outputs for input 45: port 5, index 11, sparse_out 20, out 20
Routing outputs for input 45: port 5, index 11, sparse_out 21, out 21
Routing outputs for input 45: port 5, index 11, sparse_out 22, out 22
Routing outputs for input 45: port 5, index 11, sparse_out 23, out 23
Routing outputs for input 45: port 5, index 11, sparse_out 24, out 24
Routing outputs for input 45: port 5, index 11, sparse_out 25, out 25
Routing outputs for input 45: port 5, index 11, sparse_out 26, out 26
Routing outputs for input 45: port 5, index 11, sparse_out 27, out 27
Routing outputs for input 45: port 5, index 11, sparse_out 28, out 28
Routing outputs for input 45: port 5, index 11, sparse_out 29, out 29
Routing outputs for input 45: port 5, index 11, sparse_out 30, out 30
Routing outputs for input 45: port 5, index 11, sparse_out 31, out 31
Routing outputs for input 45: port 5, index 11, sparse_out 32, out 32
Routing outputs for input 45: port 5, index 11, sparse_out 33, out 33
Routing outputs for input 45: port 5, index 11, sparse_out 34, out 34
Routing outputs for input 45: port 5, index 11, sparse_out 35, out 35
Routing outputs for input 45: port 5, index 11, sparse_out 36, out 36
Routing outputs for input 45: port 5, index 11, sparse_out 37, out 37
Routing outputs for input 45: port 5, index 11, sparse_out 38, out 38
Routing outputs for input 45: port 5, index 11, sparse_out 39, out 39
Routing outputs for input 45: port 5, index 11, sparse_out 40, out 40
Routing outputs for input 45: port 5, index 11, sparse_out 41, out 41
Routing outputs for input 45: port 5, index 11, sparse_out 42, out 42
Routing outputs for input 45: port 5, index 11, sparse_out 43, out 43
Routing outputs for input 45: port 5, index 11, sparse_out 44, out 44
Routing outputs for input 45: port 5, index 11, sparse_out 45, out 45
Routing outputs for input 45: port 5, index 11, sparse_out 46, out 46
Routing outputs for input 45: port 5, index 11, sparse_out 47, out 47
Routing outputs for input 45: port 5, index 11, sparse_out 48, out 48
Routing outputs for input 45: port 5, index 11, sparse_out 49, out 49
Routing outputs for input 45: port 5, index 11, sparse_out 50, out 50
Routing outputs for input 45: port 5, index 11, sparse_out 51, out 51
Routing outputs for input 45: port 5, index 11, sparse_out 52, out 52
Routing outputs for input 45: port 5, index 11, sparse_out 53, out 53
Routing outputs for input 45: port 5, index 11, sparse_out 54, out 54
Routing outputs for input 45: port 5, index 11, sparse_out 55, out 55
Routing outputs for input 45: port 5, index 11, sparse_out 56, out 56
Routing outputs for input 45: port 5, index 11, sparse_out 57, out 57
Routing outputs for input 45: port 5, index 11, sparse_out 58, out 58
Routing outputs for input 45: port 5, index 11, sparse_out 59, out 59
Routing outputs for input 45: port 5, index 11, sparse_out 60, out 60
Routing outputs for input 45: port 5, index 11, sparse_out 61, out 61
Routing outputs for input 45: port 5, index 11, sparse_out 62, out 62
Routing outputs for input 45: port 5, index 11, sparse_out 63, out 63
Routing outputs for input 46: port 5, index 12, sparse_port_access_granularity 1
Routing outputs for input 46: port 5, index 12, sparse_out 0, out 0
Routing outputs for input 46: port 5, index 12, sparse_out 1, out 1
Routing outputs for input 46: port 5, index 12, sparse_out 2, out 2
Routing outputs for input 46: port 5, index 12, sparse_out 3, out 3
Routing outputs for input 46: port 5, index 12, sparse_out 4, out 4
Routing outputs for input 46: port 5, index 12, sparse_out 5, out 5
Routing outputs for input 46: port 5, index 12, sparse_out 6, out 6
Routing outputs for input 46: port 5, index 12, sparse_out 7, out 7
Routing outputs for input 46: port 5, index 12, sparse_out 8, out 8
Routing outputs for input 46: port 5, index 12, sparse_out 9, out 9
Routing outputs for input 46: port 5, index 12, sparse_out 10, out 10
Routing outputs for input 46: port 5, index 12, sparse_out 11, out 11
Routing outputs for input 46: port 5, index 12, sparse_out 12, out 12
Routing outputs for input 46: port 5, index 12, sparse_out 13, out 13
Routing outputs for input 46: port 5, index 12, sparse_out 14, out 14
Routing outputs for input 46: port 5, index 12, sparse_out 15, out 15
Routing outputs for input 46: port 5, index 12, sparse_out 16, out 16
Routing outputs for input 46: port 5, index 12, sparse_out 17, out 17
Routing outputs for input 46: port 5, index 12, sparse_out 18, out 18
Routing outputs for input 46: port 5, index 12, sparse_out 19, out 19
Routing outputs for input 46: port 5, index 12, sparse_out 20, out 20
Routing outputs for input 46: port 5, index 12, sparse_out 21, out 21
Routing outputs for input 46: port 5, index 12, sparse_out 22, out 22
Routing outputs for input 46: port 5, index 12, sparse_out 23, out 23
Routing outputs for input 46: port 5, index 12, sparse_out 24, out 24
Routing outputs for input 46: port 5, index 12, sparse_out 25, out 25
Routing outputs for input 46: port 5, index 12, sparse_out 26, out 26
Routing outputs for input 46: port 5, index 12, sparse_out 27, out 27
Routing outputs for input 46: port 5, index 12, sparse_out 28, out 28
Routing outputs for input 46: port 5, index 12, sparse_out 29, out 29
Routing outputs for input 46: port 5, index 12, sparse_out 30, out 30
Routing outputs for input 46: port 5, index 12, sparse_out 31, out 31
Routing outputs for input 46: port 5, index 12, sparse_out 32, out 32
Routing outputs for input 46: port 5, index 12, sparse_out 33, out 33
Routing outputs for input 46: port 5, index 12, sparse_out 34, out 34
Routing outputs for input 46: port 5, index 12, sparse_out 35, out 35
Routing outputs for input 46: port 5, index 12, sparse_out 36, out 36
Routing outputs for input 46: port 5, index 12, sparse_out 37, out 37
Routing outputs for input 46: port 5, index 12, sparse_out 38, out 38
Routing outputs for input 46: port 5, index 12, sparse_out 39, out 39
Routing outputs for input 46: port 5, index 12, sparse_out 40, out 40
Routing outputs for input 46: port 5, index 12, sparse_out 41, out 41
Routing outputs for input 46: port 5, index 12, sparse_out 42, out 42
Routing outputs for input 46: port 5, index 12, sparse_out 43, out 43
Routing outputs for input 46: port 5, index 12, sparse_out 44, out 44
Routing outputs for input 46: port 5, index 12, sparse_out 45, out 45
Routing outputs for input 46: port 5, index 12, sparse_out 46, out 46
Routing outputs for input 46: port 5, index 12, sparse_out 47, out 47
Routing outputs for input 46: port 5, index 12, sparse_out 48, out 48
Routing outputs for input 46: port 5, index 12, sparse_out 49, out 49
Routing outputs for input 46: port 5, index 12, sparse_out 50, out 50
Routing outputs for input 46: port 5, index 12, sparse_out 51, out 51
Routing outputs for input 46: port 5, index 12, sparse_out 52, out 52
Routing outputs for input 46: port 5, index 12, sparse_out 53, out 53
Routing outputs for input 46: port 5, index 12, sparse_out 54, out 54
Routing outputs for input 46: port 5, index 12, sparse_out 55, out 55
Routing outputs for input 46: port 5, index 12, sparse_out 56, out 56
Routing outputs for input 46: port 5, index 12, sparse_out 57, out 57
Routing outputs for input 46: port 5, index 12, sparse_out 58, out 58
Routing outputs for input 46: port 5, index 12, sparse_out 59, out 59
Routing outputs for input 46: port 5, index 12, sparse_out 60, out 60
Routing outputs for input 46: port 5, index 12, sparse_out 61, out 61
Routing outputs for input 46: port 5, index 12, sparse_out 62, out 62
Routing outputs for input 46: port 5, index 12, sparse_out 63, out 63
Routing outputs for input 47: port 5, index 13, sparse_port_access_granularity 1
Routing outputs for input 47: port 5, index 13, sparse_out 0, out 0
Routing outputs for input 47: port 5, index 13, sparse_out 1, out 1
Routing outputs for input 47: port 5, index 13, sparse_out 2, out 2
Routing outputs for input 47: port 5, index 13, sparse_out 3, out 3
Routing outputs for input 47: port 5, index 13, sparse_out 4, out 4
Routing outputs for input 47: port 5, index 13, sparse_out 5, out 5
Routing outputs for input 47: port 5, index 13, sparse_out 6, out 6
Routing outputs for input 47: port 5, index 13, sparse_out 7, out 7
Routing outputs for input 47: port 5, index 13, sparse_out 8, out 8
Routing outputs for input 47: port 5, index 13, sparse_out 9, out 9
Routing outputs for input 47: port 5, index 13, sparse_out 10, out 10
Routing outputs for input 47: port 5, index 13, sparse_out 11, out 11
Routing outputs for input 47: port 5, index 13, sparse_out 12, out 12
Routing outputs for input 47: port 5, index 13, sparse_out 13, out 13
Routing outputs for input 47: port 5, index 13, sparse_out 14, out 14
Routing outputs for input 47: port 5, index 13, sparse_out 15, out 15
Routing outputs for input 47: port 5, index 13, sparse_out 16, out 16
Routing outputs for input 47: port 5, index 13, sparse_out 17, out 17
Routing outputs for input 47: port 5, index 13, sparse_out 18, out 18
Routing outputs for input 47: port 5, index 13, sparse_out 19, out 19
Routing outputs for input 47: port 5, index 13, sparse_out 20, out 20
Routing outputs for input 47: port 5, index 13, sparse_out 21, out 21
Routing outputs for input 47: port 5, index 13, sparse_out 22, out 22
Routing outputs for input 47: port 5, index 13, sparse_out 23, out 23
Routing outputs for input 47: port 5, index 13, sparse_out 24, out 24
Routing outputs for input 47: port 5, index 13, sparse_out 25, out 25
Routing outputs for input 47: port 5, index 13, sparse_out 26, out 26
Routing outputs for input 47: port 5, index 13, sparse_out 27, out 27
Routing outputs for input 47: port 5, index 13, sparse_out 28, out 28
Routing outputs for input 47: port 5, index 13, sparse_out 29, out 29
Routing outputs for input 47: port 5, index 13, sparse_out 30, out 30
Routing outputs for input 47: port 5, index 13, sparse_out 31, out 31
Routing outputs for input 47: port 5, index 13, sparse_out 32, out 32
Routing outputs for input 47: port 5, index 13, sparse_out 33, out 33
Routing outputs for input 47: port 5, index 13, sparse_out 34, out 34
Routing outputs for input 47: port 5, index 13, sparse_out 35, out 35
Routing outputs for input 47: port 5, index 13, sparse_out 36, out 36
Routing outputs for input 47: port 5, index 13, sparse_out 37, out 37
Routing outputs for input 47: port 5, index 13, sparse_out 38, out 38
Routing outputs for input 47: port 5, index 13, sparse_out 39, out 39
Routing outputs for input 47: port 5, index 13, sparse_out 40, out 40
Routing outputs for input 47: port 5, index 13, sparse_out 41, out 41
Routing outputs for input 47: port 5, index 13, sparse_out 42, out 42
Routing outputs for input 47: port 5, index 13, sparse_out 43, out 43
Routing outputs for input 47: port 5, index 13, sparse_out 44, out 44
Routing outputs for input 47: port 5, index 13, sparse_out 45, out 45
Routing outputs for input 47: port 5, index 13, sparse_out 46, out 46
Routing outputs for input 47: port 5, index 13, sparse_out 47, out 47
Routing outputs for input 47: port 5, index 13, sparse_out 48, out 48
Routing outputs for input 47: port 5, index 13, sparse_out 49, out 49
Routing outputs for input 47: port 5, index 13, sparse_out 50, out 50
Routing outputs for input 47: port 5, index 13, sparse_out 51, out 51
Routing outputs for input 47: port 5, index 13, sparse_out 52, out 52
Routing outputs for input 47: port 5, index 13, sparse_out 53, out 53
Routing outputs for input 47: port 5, index 13, sparse_out 54, out 54
Routing outputs for input 47: port 5, index 13, sparse_out 55, out 55
Routing outputs for input 47: port 5, index 13, sparse_out 56, out 56
Routing outputs for input 47: port 5, index 13, sparse_out 57, out 57
Routing outputs for input 47: port 5, index 13, sparse_out 58, out 58
Routing outputs for input 47: port 5, index 13, sparse_out 59, out 59
Routing outputs for input 47: port 5, index 13, sparse_out 60, out 60
Routing outputs for input 47: port 5, index 13, sparse_out 61, out 61
Routing outputs for input 47: port 5, index 13, sparse_out 62, out 62
Routing outputs for input 47: port 5, index 13, sparse_out 63, out 63
Routing outputs for input 48: port 5, index 14, sparse_port_access_granularity 1
Routing outputs for input 48: port 5, index 14, sparse_out 0, out 0
Routing outputs for input 48: port 5, index 14, sparse_out 1, out 1
Routing outputs for input 48: port 5, index 14, sparse_out 2, out 2
Routing outputs for input 48: port 5, index 14, sparse_out 3, out 3
Routing outputs for input 48: port 5, index 14, sparse_out 4, out 4
Routing outputs for input 48: port 5, index 14, sparse_out 5, out 5
Routing outputs for input 48: port 5, index 14, sparse_out 6, out 6
Routing outputs for input 48: port 5, index 14, sparse_out 7, out 7
Routing outputs for input 48: port 5, index 14, sparse_out 8, out 8
Routing outputs for input 48: port 5, index 14, sparse_out 9, out 9
Routing outputs for input 48: port 5, index 14, sparse_out 10, out 10
Routing outputs for input 48: port 5, index 14, sparse_out 11, out 11
Routing outputs for input 48: port 5, index 14, sparse_out 12, out 12
Routing outputs for input 48: port 5, index 14, sparse_out 13, out 13
Routing outputs for input 48: port 5, index 14, sparse_out 14, out 14
Routing outputs for input 48: port 5, index 14, sparse_out 15, out 15
Routing outputs for input 48: port 5, index 14, sparse_out 16, out 16
Routing outputs for input 48: port 5, index 14, sparse_out 17, out 17
Routing outputs for input 48: port 5, index 14, sparse_out 18, out 18
Routing outputs for input 48: port 5, index 14, sparse_out 19, out 19
Routing outputs for input 48: port 5, index 14, sparse_out 20, out 20
Routing outputs for input 48: port 5, index 14, sparse_out 21, out 21
Routing outputs for input 48: port 5, index 14, sparse_out 22, out 22
Routing outputs for input 48: port 5, index 14, sparse_out 23, out 23
Routing outputs for input 48: port 5, index 14, sparse_out 24, out 24
Routing outputs for input 48: port 5, index 14, sparse_out 25, out 25
Routing outputs for input 48: port 5, index 14, sparse_out 26, out 26
Routing outputs for input 48: port 5, index 14, sparse_out 27, out 27
Routing outputs for input 48: port 5, index 14, sparse_out 28, out 28
Routing outputs for input 48: port 5, index 14, sparse_out 29, out 29
Routing outputs for input 48: port 5, index 14, sparse_out 30, out 30
Routing outputs for input 48: port 5, index 14, sparse_out 31, out 31
Routing outputs for input 48: port 5, index 14, sparse_out 32, out 32
Routing outputs for input 48: port 5, index 14, sparse_out 33, out 33
Routing outputs for input 48: port 5, index 14, sparse_out 34, out 34
Routing outputs for input 48: port 5, index 14, sparse_out 35, out 35
Routing outputs for input 48: port 5, index 14, sparse_out 36, out 36
Routing outputs for input 48: port 5, index 14, sparse_out 37, out 37
Routing outputs for input 48: port 5, index 14, sparse_out 38, out 38
Routing outputs for input 48: port 5, index 14, sparse_out 39, out 39
Routing outputs for input 48: port 5, index 14, sparse_out 40, out 40
Routing outputs for input 48: port 5, index 14, sparse_out 41, out 41
Routing outputs for input 48: port 5, index 14, sparse_out 42, out 42
Routing outputs for input 48: port 5, index 14, sparse_out 43, out 43
Routing outputs for input 48: port 5, index 14, sparse_out 44, out 44
Routing outputs for input 48: port 5, index 14, sparse_out 45, out 45
Routing outputs for input 48: port 5, index 14, sparse_out 46, out 46
Routing outputs for input 48: port 5, index 14, sparse_out 47, out 47
Routing outputs for input 48: port 5, index 14, sparse_out 48, out 48
Routing outputs for input 48: port 5, index 14, sparse_out 49, out 49
Routing outputs for input 48: port 5, index 14, sparse_out 50, out 50
Routing outputs for input 48: port 5, index 14, sparse_out 51, out 51
Routing outputs for input 48: port 5, index 14, sparse_out 52, out 52
Routing outputs for input 48: port 5, index 14, sparse_out 53, out 53
Routing outputs for input 48: port 5, index 14, sparse_out 54, out 54
Routing outputs for input 48: port 5, index 14, sparse_out 55, out 55
Routing outputs for input 48: port 5, index 14, sparse_out 56, out 56
Routing outputs for input 48: port 5, index 14, sparse_out 57, out 57
Routing outputs for input 48: port 5, index 14, sparse_out 58, out 58
Routing outputs for input 48: port 5, index 14, sparse_out 59, out 59
Routing outputs for input 48: port 5, index 14, sparse_out 60, out 60
Routing outputs for input 48: port 5, index 14, sparse_out 61, out 61
Routing outputs for input 48: port 5, index 14, sparse_out 62, out 62
Routing outputs for input 48: port 5, index 14, sparse_out 63, out 63
Routing outputs for input 49: port 5, index 15, sparse_port_access_granularity 1
Routing outputs for input 49: port 5, index 15, sparse_out 0, out 0
Routing outputs for input 49: port 5, index 15, sparse_out 1, out 1
Routing outputs for input 49: port 5, index 15, sparse_out 2, out 2
Routing outputs for input 49: port 5, index 15, sparse_out 3, out 3
Routing outputs for input 49: port 5, index 15, sparse_out 4, out 4
Routing outputs for input 49: port 5, index 15, sparse_out 5, out 5
Routing outputs for input 49: port 5, index 15, sparse_out 6, out 6
Routing outputs for input 49: port 5, index 15, sparse_out 7, out 7
Routing outputs for input 49: port 5, index 15, sparse_out 8, out 8
Routing outputs for input 49: port 5, index 15, sparse_out 9, out 9
Routing outputs for input 49: port 5, index 15, sparse_out 10, out 10
Routing outputs for input 49: port 5, index 15, sparse_out 11, out 11
Routing outputs for input 49: port 5, index 15, sparse_out 12, out 12
Routing outputs for input 49: port 5, index 15, sparse_out 13, out 13
Routing outputs for input 49: port 5, index 15, sparse_out 14, out 14
Routing outputs for input 49: port 5, index 15, sparse_out 15, out 15
Routing outputs for input 49: port 5, index 15, sparse_out 16, out 16
Routing outputs for input 49: port 5, index 15, sparse_out 17, out 17
Routing outputs for input 49: port 5, index 15, sparse_out 18, out 18
Routing outputs for input 49: port 5, index 15, sparse_out 19, out 19
Routing outputs for input 49: port 5, index 15, sparse_out 20, out 20
Routing outputs for input 49: port 5, index 15, sparse_out 21, out 21
Routing outputs for input 49: port 5, index 15, sparse_out 22, out 22
Routing outputs for input 49: port 5, index 15, sparse_out 23, out 23
Routing outputs for input 49: port 5, index 15, sparse_out 24, out 24
Routing outputs for input 49: port 5, index 15, sparse_out 25, out 25
Routing outputs for input 49: port 5, index 15, sparse_out 26, out 26
Routing outputs for input 49: port 5, index 15, sparse_out 27, out 27
Routing outputs for input 49: port 5, index 15, sparse_out 28, out 28
Routing outputs for input 49: port 5, index 15, sparse_out 29, out 29
Routing outputs for input 49: port 5, index 15, sparse_out 30, out 30
Routing outputs for input 49: port 5, index 15, sparse_out 31, out 31
Routing outputs for input 49: port 5, index 15, sparse_out 32, out 32
Routing outputs for input 49: port 5, index 15, sparse_out 33, out 33
Routing outputs for input 49: port 5, index 15, sparse_out 34, out 34
Routing outputs for input 49: port 5, index 15, sparse_out 35, out 35
Routing outputs for input 49: port 5, index 15, sparse_out 36, out 36
Routing outputs for input 49: port 5, index 15, sparse_out 37, out 37
Routing outputs for input 49: port 5, index 15, sparse_out 38, out 38
Routing outputs for input 49: port 5, index 15, sparse_out 39, out 39
Routing outputs for input 49: port 5, index 15, sparse_out 40, out 40
Routing outputs for input 49: port 5, index 15, sparse_out 41, out 41
Routing outputs for input 49: port 5, index 15, sparse_out 42, out 42
Routing outputs for input 49: port 5, index 15, sparse_out 43, out 43
Routing outputs for input 49: port 5, index 15, sparse_out 44, out 44
Routing outputs for input 49: port 5, index 15, sparse_out 45, out 45
Routing outputs for input 49: port 5, index 15, sparse_out 46, out 46
Routing outputs for input 49: port 5, index 15, sparse_out 47, out 47
Routing outputs for input 49: port 5, index 15, sparse_out 48, out 48
Routing outputs for input 49: port 5, index 15, sparse_out 49, out 49
Routing outputs for input 49: port 5, index 15, sparse_out 50, out 50
Routing outputs for input 49: port 5, index 15, sparse_out 51, out 51
Routing outputs for input 49: port 5, index 15, sparse_out 52, out 52
Routing outputs for input 49: port 5, index 15, sparse_out 53, out 53
Routing outputs for input 49: port 5, index 15, sparse_out 54, out 54
Routing outputs for input 49: port 5, index 15, sparse_out 55, out 55
Routing outputs for input 49: port 5, index 15, sparse_out 56, out 56
Routing outputs for input 49: port 5, index 15, sparse_out 57, out 57
Routing outputs for input 49: port 5, index 15, sparse_out 58, out 58
Routing outputs for input 49: port 5, index 15, sparse_out 59, out 59
Routing outputs for input 49: port 5, index 15, sparse_out 60, out 60
Routing outputs for input 49: port 5, index 15, sparse_out 61, out 61
Routing outputs for input 49: port 5, index 15, sparse_out 62, out 62
Routing outputs for input 49: port 5, index 15, sparse_out 63, out 63
Routing outputs for input 50: port 6, index 0, sparse_port_access_granularity 1
Routing outputs for input 50: port 6, index 0, sparse_out 0, out 0
Routing outputs for input 50: port 6, index 0, sparse_out 1, out 1
Routing outputs for input 50: port 6, index 0, sparse_out 2, out 2
Routing outputs for input 50: port 6, index 0, sparse_out 3, out 3
Routing outputs for input 50: port 6, index 0, sparse_out 4, out 4
Routing outputs for input 50: port 6, index 0, sparse_out 5, out 5
Routing outputs for input 50: port 6, index 0, sparse_out 6, out 6
Routing outputs for input 50: port 6, index 0, sparse_out 7, out 7
Routing outputs for input 50: port 6, index 0, sparse_out 8, out 8
Routing outputs for input 50: port 6, index 0, sparse_out 9, out 9
Routing outputs for input 50: port 6, index 0, sparse_out 10, out 10
Routing outputs for input 50: port 6, index 0, sparse_out 11, out 11
Routing outputs for input 50: port 6, index 0, sparse_out 12, out 12
Routing outputs for input 50: port 6, index 0, sparse_out 13, out 13
Routing outputs for input 50: port 6, index 0, sparse_out 14, out 14
Routing outputs for input 50: port 6, index 0, sparse_out 15, out 15
Routing outputs for input 50: port 6, index 0, sparse_out 16, out 16
Routing outputs for input 50: port 6, index 0, sparse_out 17, out 17
Routing outputs for input 50: port 6, index 0, sparse_out 18, out 18
Routing outputs for input 50: port 6, index 0, sparse_out 19, out 19
Routing outputs for input 50: port 6, index 0, sparse_out 20, out 20
Routing outputs for input 50: port 6, index 0, sparse_out 21, out 21
Routing outputs for input 50: port 6, index 0, sparse_out 22, out 22
Routing outputs for input 50: port 6, index 0, sparse_out 23, out 23
Routing outputs for input 50: port 6, index 0, sparse_out 24, out 24
Routing outputs for input 50: port 6, index 0, sparse_out 25, out 25
Routing outputs for input 50: port 6, index 0, sparse_out 26, out 26
Routing outputs for input 50: port 6, index 0, sparse_out 27, out 27
Routing outputs for input 50: port 6, index 0, sparse_out 28, out 28
Routing outputs for input 50: port 6, index 0, sparse_out 29, out 29
Routing outputs for input 50: port 6, index 0, sparse_out 30, out 30
Routing outputs for input 50: port 6, index 0, sparse_out 31, out 31
Routing outputs for input 50: port 6, index 0, sparse_out 32, out 32
Routing outputs for input 50: port 6, index 0, sparse_out 33, out 33
Routing outputs for input 50: port 6, index 0, sparse_out 34, out 34
Routing outputs for input 50: port 6, index 0, sparse_out 35, out 35
Routing outputs for input 50: port 6, index 0, sparse_out 36, out 36
Routing outputs for input 50: port 6, index 0, sparse_out 37, out 37
Routing outputs for input 50: port 6, index 0, sparse_out 38, out 38
Routing outputs for input 50: port 6, index 0, sparse_out 39, out 39
Routing outputs for input 50: port 6, index 0, sparse_out 40, out 40
Routing outputs for input 50: port 6, index 0, sparse_out 41, out 41
Routing outputs for input 50: port 6, index 0, sparse_out 42, out 42
Routing outputs for input 50: port 6, index 0, sparse_out 43, out 43
Routing outputs for input 50: port 6, index 0, sparse_out 44, out 44
Routing outputs for input 50: port 6, index 0, sparse_out 45, out 45
Routing outputs for input 50: port 6, index 0, sparse_out 46, out 46
Routing outputs for input 50: port 6, index 0, sparse_out 47, out 47
Routing outputs for input 50: port 6, index 0, sparse_out 48, out 48
Routing outputs for input 50: port 6, index 0, sparse_out 49, out 49
Routing outputs for input 50: port 6, index 0, sparse_out 50, out 50
Routing outputs for input 50: port 6, index 0, sparse_out 51, out 51
Routing outputs for input 50: port 6, index 0, sparse_out 52, out 52
Routing outputs for input 50: port 6, index 0, sparse_out 53, out 53
Routing outputs for input 50: port 6, index 0, sparse_out 54, out 54
Routing outputs for input 50: port 6, index 0, sparse_out 55, out 55
Routing outputs for input 50: port 6, index 0, sparse_out 56, out 56
Routing outputs for input 50: port 6, index 0, sparse_out 57, out 57
Routing outputs for input 50: port 6, index 0, sparse_out 58, out 58
Routing outputs for input 50: port 6, index 0, sparse_out 59, out 59
Routing outputs for input 50: port 6, index 0, sparse_out 60, out 60
Routing outputs for input 50: port 6, index 0, sparse_out 61, out 61
Routing outputs for input 50: port 6, index 0, sparse_out 62, out 62
Routing outputs for input 50: port 6, index 0, sparse_out 63, out 63
Routing outputs for input 51: port 7, index 0, sparse_port_access_granularity 1
Routing outputs for input 51: port 7, index 0, sparse_out 0, out 0
Routing outputs for input 51: port 7, index 0, sparse_out 1, out 1
Routing outputs for input 51: port 7, index 0, sparse_out 2, out 2
Routing outputs for input 51: port 7, index 0, sparse_out 3, out 3
Routing outputs for input 51: port 7, index 0, sparse_out 4, out 4
Routing outputs for input 51: port 7, index 0, sparse_out 5, out 5
Routing outputs for input 51: port 7, index 0, sparse_out 6, out 6
Routing outputs for input 51: port 7, index 0, sparse_out 7, out 7
Routing outputs for input 51: port 7, index 0, sparse_out 8, out 8
Routing outputs for input 51: port 7, index 0, sparse_out 9, out 9
Routing outputs for input 51: port 7, index 0, sparse_out 10, out 10
Routing outputs for input 51: port 7, index 0, sparse_out 11, out 11
Routing outputs for input 51: port 7, index 0, sparse_out 12, out 12
Routing outputs for input 51: port 7, index 0, sparse_out 13, out 13
Routing outputs for input 51: port 7, index 0, sparse_out 14, out 14
Routing outputs for input 51: port 7, index 0, sparse_out 15, out 15
Routing outputs for input 51: port 7, index 0, sparse_out 16, out 16
Routing outputs for input 51: port 7, index 0, sparse_out 17, out 17
Routing outputs for input 51: port 7, index 0, sparse_out 18, out 18
Routing outputs for input 51: port 7, index 0, sparse_out 19, out 19
Routing outputs for input 51: port 7, index 0, sparse_out 20, out 20
Routing outputs for input 51: port 7, index 0, sparse_out 21, out 21
Routing outputs for input 51: port 7, index 0, sparse_out 22, out 22
Routing outputs for input 51: port 7, index 0, sparse_out 23, out 23
Routing outputs for input 51: port 7, index 0, sparse_out 24, out 24
Routing outputs for input 51: port 7, index 0, sparse_out 25, out 25
Routing outputs for input 51: port 7, index 0, sparse_out 26, out 26
Routing outputs for input 51: port 7, index 0, sparse_out 27, out 27
Routing outputs for input 51: port 7, index 0, sparse_out 28, out 28
Routing outputs for input 51: port 7, index 0, sparse_out 29, out 29
Routing outputs for input 51: port 7, index 0, sparse_out 30, out 30
Routing outputs for input 51: port 7, index 0, sparse_out 31, out 31
Routing outputs for input 51: port 7, index 0, sparse_out 32, out 32
Routing outputs for input 51: port 7, index 0, sparse_out 33, out 33
Routing outputs for input 51: port 7, index 0, sparse_out 34, out 34
Routing outputs for input 51: port 7, index 0, sparse_out 35, out 35
Routing outputs for input 51: port 7, index 0, sparse_out 36, out 36
Routing outputs for input 51: port 7, index 0, sparse_out 37, out 37
Routing outputs for input 51: port 7, index 0, sparse_out 38, out 38
Routing outputs for input 51: port 7, index 0, sparse_out 39, out 39
Routing outputs for input 51: port 7, index 0, sparse_out 40, out 40
Routing outputs for input 51: port 7, index 0, sparse_out 41, out 41
Routing outputs for input 51: port 7, index 0, sparse_out 42, out 42
Routing outputs for input 51: port 7, index 0, sparse_out 43, out 43
Routing outputs for input 51: port 7, index 0, sparse_out 44, out 44
Routing outputs for input 51: port 7, index 0, sparse_out 45, out 45
Routing outputs for input 51: port 7, index 0, sparse_out 46, out 46
Routing outputs for input 51: port 7, index 0, sparse_out 47, out 47
Routing outputs for input 51: port 7, index 0, sparse_out 48, out 48
Routing outputs for input 51: port 7, index 0, sparse_out 49, out 49
Routing outputs for input 51: port 7, index 0, sparse_out 50, out 50
Routing outputs for input 51: port 7, index 0, sparse_out 51, out 51
Routing outputs for input 51: port 7, index 0, sparse_out 52, out 52
Routing outputs for input 51: port 7, index 0, sparse_out 53, out 53
Routing outputs for input 51: port 7, index 0, sparse_out 54, out 54
Routing outputs for input 51: port 7, index 0, sparse_out 55, out 55
Routing outputs for input 51: port 7, index 0, sparse_out 56, out 56
Routing outputs for input 51: port 7, index 0, sparse_out 57, out 57
Routing outputs for input 51: port 7, index 0, sparse_out 58, out 58
Routing outputs for input 51: port 7, index 0, sparse_out 59, out 59
Routing outputs for input 51: port 7, index 0, sparse_out 60, out 60
Routing outputs for input 51: port 7, index 0, sparse_out 61, out 61
Routing outputs for input 51: port 7, index 0, sparse_out 62, out 62
Routing outputs for input 51: port 7, index 0, sparse_out 63, out 63
Routing outputs for input 52: port 8, index 0, sparse_port_access_granularity 1
Routing outputs for input 52: port 8, index 0, sparse_out 0, out 0
Routing outputs for input 52: port 8, index 0, sparse_out 1, out 1
Routing outputs for input 52: port 8, index 0, sparse_out 2, out 2
Routing outputs for input 52: port 8, index 0, sparse_out 3, out 3
Routing outputs for input 52: port 8, index 0, sparse_out 4, out 4
Routing outputs for input 52: port 8, index 0, sparse_out 5, out 5
Routing outputs for input 52: port 8, index 0, sparse_out 6, out 6
Routing outputs for input 52: port 8, index 0, sparse_out 7, out 7
Routing outputs for input 52: port 8, index 0, sparse_out 8, out 8
Routing outputs for input 52: port 8, index 0, sparse_out 9, out 9
Routing outputs for input 52: port 8, index 0, sparse_out 10, out 10
Routing outputs for input 52: port 8, index 0, sparse_out 11, out 11
Routing outputs for input 52: port 8, index 0, sparse_out 12, out 12
Routing outputs for input 52: port 8, index 0, sparse_out 13, out 13
Routing outputs for input 52: port 8, index 0, sparse_out 14, out 14
Routing outputs for input 52: port 8, index 0, sparse_out 15, out 15
Routing outputs for input 52: port 8, index 0, sparse_out 16, out 16
Routing outputs for input 52: port 8, index 0, sparse_out 17, out 17
Routing outputs for input 52: port 8, index 0, sparse_out 18, out 18
Routing outputs for input 52: port 8, index 0, sparse_out 19, out 19
Routing outputs for input 52: port 8, index 0, sparse_out 20, out 20
Routing outputs for input 52: port 8, index 0, sparse_out 21, out 21
Routing outputs for input 52: port 8, index 0, sparse_out 22, out 22
Routing outputs for input 52: port 8, index 0, sparse_out 23, out 23
Routing outputs for input 52: port 8, index 0, sparse_out 24, out 24
Routing outputs for input 52: port 8, index 0, sparse_out 25, out 25
Routing outputs for input 52: port 8, index 0, sparse_out 26, out 26
Routing outputs for input 52: port 8, index 0, sparse_out 27, out 27
Routing outputs for input 52: port 8, index 0, sparse_out 28, out 28
Routing outputs for input 52: port 8, index 0, sparse_out 29, out 29
Routing outputs for input 52: port 8, index 0, sparse_out 30, out 30
Routing outputs for input 52: port 8, index 0, sparse_out 31, out 31
Routing outputs for input 52: port 8, index 0, sparse_out 32, out 32
Routing outputs for input 52: port 8, index 0, sparse_out 33, out 33
Routing outputs for input 52: port 8, index 0, sparse_out 34, out 34
Routing outputs for input 52: port 8, index 0, sparse_out 35, out 35
Routing outputs for input 52: port 8, index 0, sparse_out 36, out 36
Routing outputs for input 52: port 8, index 0, sparse_out 37, out 37
Routing outputs for input 52: port 8, index 0, sparse_out 38, out 38
Routing outputs for input 52: port 8, index 0, sparse_out 39, out 39
Routing outputs for input 52: port 8, index 0, sparse_out 40, out 40
Routing outputs for input 52: port 8, index 0, sparse_out 41, out 41
Routing outputs for input 52: port 8, index 0, sparse_out 42, out 42
Routing outputs for input 52: port 8, index 0, sparse_out 43, out 43
Routing outputs for input 52: port 8, index 0, sparse_out 44, out 44
Routing outputs for input 52: port 8, index 0, sparse_out 45, out 45
Routing outputs for input 52: port 8, index 0, sparse_out 46, out 46
Routing outputs for input 52: port 8, index 0, sparse_out 47, out 47
Routing outputs for input 52: port 8, index 0, sparse_out 48, out 48
Routing outputs for input 52: port 8, index 0, sparse_out 49, out 49
Routing outputs for input 52: port 8, index 0, sparse_out 50, out 50
Routing outputs for input 52: port 8, index 0, sparse_out 51, out 51
Routing outputs for input 52: port 8, index 0, sparse_out 52, out 52
Routing outputs for input 52: port 8, index 0, sparse_out 53, out 53
Routing outputs for input 52: port 8, index 0, sparse_out 54, out 54
Routing outputs for input 52: port 8, index 0, sparse_out 55, out 55
Routing outputs for input 52: port 8, index 0, sparse_out 56, out 56
Routing outputs for input 52: port 8, index 0, sparse_out 57, out 57
Routing outputs for input 52: port 8, index 0, sparse_out 58, out 58
Routing outputs for input 52: port 8, index 0, sparse_out 59, out 59
Routing outputs for input 52: port 8, index 0, sparse_out 60, out 60
Routing outputs for input 52: port 8, index 0, sparse_out 61, out 61
Routing outputs for input 52: port 8, index 0, sparse_out 62, out 62
Routing outputs for input 52: port 8, index 0, sparse_out 63, out 63
[success] Total time: 16 s, completed May 6, 2026, 1:00:35 AM
------------------------------------------------
    Generating accelerator specific wrappers    
------------------------------------------------
Running command:  cd /esat/studscratch/r1015498/Thesis/original_snax/snax_cluster/target/snitch_cluster/../../hw/chisel/ &&         sbt 'runMain snax.reqRspManager.ReqRspManagerGen /esat/studscratch/r1015498/Thesis/original_snax/snax_cluster/target/snitch_cluster/generated/snax_dual_versacore_swiglu/' 
Running command:  cd /esat/studscratch/r1015498/Thesis/original_snax/snax_cluster/target/snitch_cluster/../../hw/chisel/ &&         sbt 'runMain snax.streamer.StreamerGen  --streamercfg {}  --hw-target-dir /esat/studscratch/r1015498/Thesis/original_snax/snax_cluster/target/snitch_cluster/generated/snax_dual_versacore_swiglu/' 
Generation of accelerator specific wrappers done!
------------------------------------------------
    Generate SNAX Chisel Accelerators
------------------------------------------------
Running command:  cd /esat/studscratch/r1015498/Thesis/original_snax/snax_cluster/target/snitch_cluster/../../hw/chisel/../chisel_acc &&         sbt 'runMain snax_acc.versacore.DualVersaCoreSwigluGen --versacoreCfg {"snax_acc_name":"snax_dual_versacore_swiglu","bender_target":["snax_dual_versacore_swiglu"],"snax_tcdm_ports":34,"sparse_interconnect_config":[[16,1],[8,1],[8,1],[1,1],[1,1]],"snax_num_rw_csr":23,"snax_num_ro_csr":2,"snax_versacore_mac_num":[256],"snax_versacore_input_a_element_width":[16],"snax_versacore_input_a_data_type":["SInt"],"snax_versacore_input_b_element_width":[4],"snax_versacore_input_b_data_type":["SInt"],"snax_versacore_input_c_element_width":[32],"snax_versacore_input_c_data_type":["SInt"],"snax_versacore_output_d_element_width":[32],"snax_versacore_output_d_data_type":["SInt"],"snax_versacore_array_input_a_width":1024,"snax_versacore_array_input_b_width":512,"snax_versacore_array_input_c_width":1024,"snax_versacore_array_output_d_width":1024,"snax_versacore_serial_a_width":1024,"snax_versacore_serial_b_width":512,"snax_versacore_serial_c_d_width":1024,"snax_versacore_adder_tree_delay":0,"snax_versacore_spatial_unrolling":[[[8,8,4],[4,8,8],[2,8,16]]],"snax_versacore_temporal_unrolling":["output_stationary"],"snax_dual_versacore_postproc_lanes":4,"snax_streamer_cfg":{"data_reader_params":{"spatial_bounds":[[2,8],[2,4],[2,4]],"temporal_dim":[6,4,4],"num_channel":[16,8,8],"fifo_depth":[8,8,8],"configurable_channel":[1,1,1],"tcdm_logic_word_size":[[256,128,64],[256,128,64],[256,128,64]]},"data_writer_params":{"spatial_bounds":[[1],[1]],"temporal_dim":[4,4],"num_channel":[1,1],"fifo_depth":[1,1],"configurable_channel":[1,1],"tcdm_logic_word_size":[[256,128,64],[256,128,64]]},"snax_library_name":"dual-versacore-swiglu"},"granularity_a":4,"granularity_b":2,"granularity_c_d":2,"tcdm_data_width":64,"tcdm_dma_data_width":512,"tcdm_depth":16384,"tcdm_num_banks":64,"tcdm_addr_width":23,"tag_name":"snax_dual_versacore_swiglu","streamer_csr_num":77}  --hw-target-dir /esat/studscratch/r1015498/Thesis/original_snax/snax_cluster/target/snitch_cluster/generated/snax_dual_versacore_swiglu/' 
------------------------------------------------
    Generate XDMA
------------------------------------------------
Running command:  cd /esat/studscratch/r1015498/Thesis/original_snax/snax_cluster/target/snitch_cluster/../../hw/chisel/ &&         sbt 'runMain snax.xdma.xdmaTop.XDMATopGen  --clusterName snax_dual_versacore_int16x4_4lane_postproc_v2_cluster --tcdmDataWidth 64 --axiDataWidth 512 --axiAddrWidth 48 --tcdmSize 8192 --xdmaCfg {"bender_target":["snax_dual_versacore_int16x4_4lane_postproc_v2_cluster_xdma"],"cfg_io_width":32,"max_multicast":16,"max_dimension":5,"max_mem_size":4096,"reader_buffer":12,"writer_buffer":12,"reader_agu_temporal_dimension":5,"writer_agu_temporal_dimension":5,"writer_extensions":{"HasVerilogMemset":{}},"reader_extensions":{}} --hw-target-dir /esat/studscratch/r1015498/Thesis/original_snax/snax_cluster/target/snitch_cluster/generated/snax_dual_versacore_int16x4_4lane_postproc_v2_cluster_xdma/ --sw-target-dir /esat/studscratch/r1015498/Thesis/original_snax/snax_cluster/target/snitch_cluster/generated/../sw/snax/xdma/include/snax-xdma-addr.h' 
------------------------------------------------
    Generating Sparse Interconnect
------------------------------------------------
Running command:  cd /esat/studscratch/r1015498/Thesis/original_snax/snax_cluster/target/snitch_cluster/../../hw/chisel/ &&         sbt 'runMain snax.sparse_interconnect.SparseInterconnectGen --NumInp 53 --NumOut 64 --memAddrWidth 14 --tcdmAddrWidth 23 --dataWidth 64 --strbWidth 8 --priorityWidth 1 --sparseConfig "[[16, 1], [8, 1], [8, 1], [1, 1], [1, 1], [16, 1], [1, 1], [1, 1], [1, 1]]" --hw-target-dir /esat/studscratch/r1015498/Thesis/original_snax/snax_cluster/target/snitch_cluster/generated/ ' 
Testharness generation done!
-------------------------------------------------------------
Generating Cluster Wrapper
-------------------------------------------------------------
/esat/studscratch/r1015498/Thesis/original_snax/snax_cluster/target/snitch_cluster/../../util/clustergen.py -c cfg/snax_dual_versacore_int16x4_multidim_spatial_k8_8x4_4lane.hjson -o /esat/studscratch/r1015498/Thesis/original_snax/snax_cluster/target/snitch_cluster/generated --wrapper
make: Leaving directory '/esat/studscratch/r1015498/Thesis/original_snax/snax_cluster/target/snitch_cluster'
=== SW BUILD ===
make: Entering directory '/esat/studscratch/r1015498/Thesis/original_snax/snax_cluster/target/snitch_cluster'
Overriding config file with: cfg/snax_dual_versacore_int16x4_multidim_spatial_k8_8x4_4lane.hjson
LRU config file already points to cfg/snax_dual_versacore_int16x4_multidim_spatial_k8_8x4_4lane.hjson. Nothing to be done.
[CLUSTERGEN] Generate sw/runtime/common/snitch_cluster_cfg.h
/esat/studscratch/r1015498/Thesis/original_snax/snax_cluster/target/snitch_cluster/../../util/clustergen.py -c cfg/lru.hjson --outdir sw/runtime/common --template sw/runtime/common/snitch_cluster_cfg.h.tpl
[CLUSTERGEN] Generate sw/runtime/common/snitch_cluster_addrmap.h
/esat/studscratch/r1015498/Thesis/original_snax/snax_cluster/target/snitch_cluster/../../util/clustergen.py -c cfg/lru.hjson --outdir sw/runtime/common --template sw/runtime/common/snitch_cluster_addrmap.h.tpl
make -C sw CFG_OVERRIDE=cfg/snax_dual_versacore_int16x4_multidim_spatial_k8_8x4_4lane.hjson
make[1]: Entering directory '/esat/studscratch/r1015498/Thesis/original_snax/snax_cluster/target/snitch_cluster/sw'
make -C math all
make[2]: Entering directory '/esat/studscratch/r1015498/Thesis/original_snax/snax_cluster/target/snitch_cluster/sw/math'
make[2]: Nothing to be done for 'all'.
make[2]: Leaving directory '/esat/studscratch/r1015498/Thesis/original_snax/snax_cluster/target/snitch_cluster/sw/math'
make -C runtime/rtl-generic all
make[2]: Entering directory '/esat/studscratch/r1015498/Thesis/original_snax/snax_cluster/target/snitch_cluster/sw/runtime/rtl-generic'
clang --target=riscv32-unknown-elf -mcpu=generic-rv32 -march=rv32imafdzfh -fno-builtin-memset -DPRINTF_DISABLE_SUPPORT_LONG_LONG -I/esat/studscratch/r1015498/Thesis/original_snax/snax_cluster/sw/snRuntime/src -I/esat/studscratch/r1015498/Thesis/original_snax/snax_cluster/sw/snRuntime/api -I/esat/studscratch/r1015498/Thesis/original_snax/snax_cluster/sw/snRuntime/src/omp -I/esat/studscratch/r1015498/Thesis/original_snax/snax_cluster/sw/snRuntime/api/omp -I/esat/studscratch/r1015498/Thesis/original_snax/snax_cluster/sw/snRuntime/vendor/riscv-opcodes -I/esat/studscratch/r1015498/Thesis/original_snax/snax_cluster/target/snitch_cluster/sw/runtime/common -I/esat/studscratch/r1015498/Thesis/original_snax/snax_cluster/sw/snRuntime/../math/arch/riscv64/ -I/esat/studscratch/r1015498/Thesis/original_snax/snax_cluster/sw/snRuntime/../math/arch/generic -I/esat/studscratch/r1015498/Thesis/original_snax/snax_cluster/sw/snRuntime/../math/src/include -I/esat/studscratch/r1015498/Thesis/original_snax/snax_cluster/sw/snRuntime/../math/src/internal -I/esat/studscratch/r1015498/Thesis/original_snax/snax_cluster/sw/snRuntime/../math/include/bits -I/esat/studscratch/r1015498/Thesis/original_snax/snax_cluster/sw/snRuntime/../math/include -mabi=ilp32d -mcmodel=medany -ffast-math -fno-builtin-printf -fno-builtin-sqrtf -fno-common -fopenmp -ftls-model=local-exec -O3 -D__DEFINED_uint64_t -c /esat/studscratch/r1015498/Thesis/original_snax/snax_cluster/target/snitch_cluster/sw/runtime/rtl-generic/src/snrt.c -o /esat/studscratch/r1015498/Thesis/original_snax/snax_cluster/target/snitch_cluster/sw/runtime/rtl-generic/build/snrt.o
llvm-ar rcs /esat/studscratch/r1015498/Thesis/original_snax/snax_cluster/target/snitch_cluster/sw/runtime/rtl-generic/build/libsnRuntime.a /esat/studscratch/r1015498/Thesis/original_snax/snax_cluster/target/snitch_cluster/sw/runtime/rtl-generic/build/snitch_cluster_start.o /esat/studscratch/r1015498/Thesis/original_snax/snax_cluster/target/snitch_cluster/sw/runtime/rtl-generic/build/snrt.o
llvm-objdump -D /esat/studscratch/r1015498/Thesis/original_snax/snax_cluster/target/snitch_cluster/sw/runtime/rtl-generic/build/libsnRuntime.a > /esat/studscratch/r1015498/Thesis/original_snax/snax_cluster/target/snitch_cluster/sw/runtime/rtl-generic/build/libsnRuntime.dump
make[2]: Leaving directory '/esat/studscratch/r1015498/Thesis/original_snax/snax_cluster/target/snitch_cluster/sw/runtime/rtl-generic'
make -C snax/mac all
make[2]: Entering directory '/esat/studscratch/r1015498/Thesis/original_snax/snax_cluster/target/snitch_cluster/sw/snax/mac'
make[2]: Nothing to be done for 'all'.
make[2]: Leaving directory '/esat/studscratch/r1015498/Thesis/original_snax/snax_cluster/target/snitch_cluster/sw/snax/mac'
make -C snax/dual-versacore-swiglu all
make[2]: Entering directory '/esat/studscratch/r1015498/Thesis/original_snax/snax_cluster/target/snitch_cluster/sw/snax/dual-versacore-swiglu'
make[2]: Nothing to be done for 'all'.
make[2]: Leaving directory '/esat/studscratch/r1015498/Thesis/original_snax/snax_cluster/target/snitch_cluster/sw/snax/dual-versacore-swiglu'
make -C apps TARGET=all
make[2]: Entering directory '/esat/studscratch/r1015498/Thesis/original_snax/snax_cluster/target/snitch_cluster/sw/apps'
make -C lto all
make[3]: Entering directory '/esat/studscratch/r1015498/Thesis/original_snax/snax_cluster/target/snitch_cluster/sw/apps/lto'
clang --target=riscv32-unknown-elf -mcpu=generic-rv32 -march=rv32imafdzfh -fno-builtin-memset -DPRINTF_DISABLE_SUPPORT_LONG_LONG -I/esat/studscratch/r1015498/Thesis/original_snax/snax_cluster/target/snitch_cluster/sw/runtime/rtl-generic/src -I/esat/studscratch/r1015498/Thesis/original_snax/snax_cluster/target/snitch_cluster/sw/runtime/rtl-generic/../common -I/esat/studscratch/r1015498/Thesis/original_snax/snax_cluster/sw/snRuntime/api -I/esat/studscratch/r1015498/Thesis/original_snax/snax_cluster/sw/snRuntime/api/omp -I/esat/studscratch/r1015498/Thesis/original_snax/snax_cluster/sw/snRuntime/src -I/esat/studscratch/r1015498/Thesis/original_snax/snax_cluster/sw/snRuntime/src/omp -I/esat/studscratch/r1015498/Thesis/original_snax/snax_cluster/sw/deps/riscv-opcodes -I/esat/studscratch/r1015498/Thesis/original_snax/snax_cluster/sw/math/include -mabi=ilp32d -mcmodel=medany -ffast-math -fno-builtin-printf -fno-builtin-sqrtf -fno-common -fopenmp -ftls-model=local-exec -O3 -D__DEFINED_uint64_t -fuse-ld=lld -nostdlib -L/esat/studscratch/r1015498/Thesis/original_snax/snax_cluster/target/snitch_cluster/sw/runtime/rtl-generic -T/esat/studscratch/r1015498/Thesis/original_snax/snax_cluster/sw/snRuntime/base.ld -L/esat/studscratch/r1015498/Thesis/original_snax/snax_cluster/target/snitch_cluster/sw/math/build/ -L/esat/studscratch/r1015498/Thesis/original_snax/snax_cluster/target/snitch_cluster/sw/runtime/rtl-generic/build/ -lmath -lsnRuntime /esat/studscratch/r1015498/Thesis/original_snax/snax_cluster/sw/apps/lto/lto.c /esat/studscratch/r1015498/Thesis/original_snax/snax_cluster/sw/apps/lto/lto_a.c -o /esat/studscratch/r1015498/Thesis/original_snax/snax_cluster/target/snitch_cluster/sw/apps/lto/build/lto.elf
llvm-objdump -D /esat/studscratch/r1015498/Thesis/original_snax/snax_cluster/target/snitch_cluster/sw/apps/lto/build/lto.elf > /esat/studscratch/r1015498/Thesis/original_snax/snax_cluster/target/snitch_cluster/sw/apps/lto/build/lto.dump
llvm-dwarfdump /esat/studscratch/r1015498/Thesis/original_snax/snax_cluster/target/snitch_cluster/sw/apps/lto/build/lto.elf > /esat/studscratch/r1015498/Thesis/original_snax/snax_cluster/target/snitch_cluster/sw/apps/lto/build/lto.dwarf
llvm-objcopy -O binary /esat/studscratch/r1015498/Thesis/original_snax/snax_cluster/target/snitch_cluster/sw/apps/lto/build/lto.elf /esat/studscratch/r1015498/Thesis/original_snax/snax_cluster/target/snitch_cluster/sw/apps/lto/build/lto.bin
make[3]: Leaving directory '/esat/studscratch/r1015498/Thesis/original_snax/snax_cluster/target/snitch_cluster/sw/apps/lto'
make -C nop all
make[3]: Entering directory '/esat/studscratch/r1015498/Thesis/original_snax/snax_cluster/target/snitch_cluster/sw/apps/nop'
clang --target=riscv32-unknown-elf -mcpu=generic-rv32 -march=rv32imafdzfh -fno-builtin-memset -DPRINTF_DISABLE_SUPPORT_LONG_LONG -I/esat/studscratch/r1015498/Thesis/original_snax/snax_cluster/target/snitch_cluster/sw/runtime/rtl-generic/src -I/esat/studscratch/r1015498/Thesis/original_snax/snax_cluster/target/snitch_cluster/sw/runtime/rtl-generic/../common -I/esat/studscratch/r1015498/Thesis/original_snax/snax_cluster/sw/snRuntime/api -I/esat/studscratch/r1015498/Thesis/original_snax/snax_cluster/sw/snRuntime/api/omp -I/esat/studscratch/r1015498/Thesis/original_snax/snax_cluster/sw/snRuntime/src -I/esat/studscratch/r1015498/Thesis/original_snax/snax_cluster/sw/snRuntime/src/omp -I/esat/studscratch/r1015498/Thesis/original_snax/snax_cluster/sw/deps/riscv-opcodes -I/esat/studscratch/r1015498/Thesis/original_snax/snax_cluster/sw/math/include -mabi=ilp32d -mcmodel=medany -ffast-math -fno-builtin-printf -fno-builtin-sqrtf -fno-common -fopenmp -ftls-model=local-exec -O3 -D__DEFINED_uint64_t -fuse-ld=lld -nostdlib -L/esat/studscratch/r1015498/Thesis/original_snax/snax_cluster/target/snitch_cluster/sw/runtime/rtl-generic -T/esat/studscratch/r1015498/Thesis/original_snax/snax_cluster/sw/snRuntime/base.ld -L/esat/studscratch/r1015498/Thesis/original_snax/snax_cluster/target/snitch_cluster/sw/math/build/ -L/esat/studscratch/r1015498/Thesis/original_snax/snax_cluster/target/snitch_cluster/sw/runtime/rtl-generic/build/ -lmath -lsnRuntime src/nop.c -o /esat/studscratch/r1015498/Thesis/original_snax/snax_cluster/target/snitch_cluster/sw/apps/nop/build/nop.elf
llvm-objdump -D /esat/studscratch/r1015498/Thesis/original_snax/snax_cluster/target/snitch_cluster/sw/apps/nop/build/nop.elf > /esat/studscratch/r1015498/Thesis/original_snax/snax_cluster/target/snitch_cluster/sw/apps/nop/build/nop.dump
llvm-dwarfdump /esat/studscratch/r1015498/Thesis/original_snax/snax_cluster/target/snitch_cluster/sw/apps/nop/build/nop.elf > /esat/studscratch/r1015498/Thesis/original_snax/snax_cluster/target/snitch_cluster/sw/apps/nop/build/nop.dwarf
llvm-objcopy -O binary /esat/studscratch/r1015498/Thesis/original_snax/snax_cluster/target/snitch_cluster/sw/apps/nop/build/nop.elf /esat/studscratch/r1015498/Thesis/original_snax/snax_cluster/target/snitch_cluster/sw/apps/nop/build/nop.bin
make[3]: Leaving directory '/esat/studscratch/r1015498/Thesis/original_snax/snax_cluster/target/snitch_cluster/sw/apps/nop'
make -C montecarlo/pi_estimation all
make[3]: Entering directory '/esat/studscratch/r1015498/Thesis/original_snax/snax_cluster/target/snitch_cluster/sw/apps/montecarlo/pi_estimation'
clang --target=riscv32-unknown-elf -mcpu=generic-rv32 -march=rv32imafdzfh -fno-builtin-memset -DPRINTF_DISABLE_SUPPORT_LONG_LONG -I../../../../../../sw/apps/montecarlo/pi_estimation -I../../../../../../sw/apps/prng -I/esat/studscratch/r1015498/Thesis/original_snax/snax_cluster/target/snitch_cluster/sw/runtime/rtl-generic/src -I/esat/studscratch/r1015498/Thesis/original_snax/snax_cluster/target/snitch_cluster/sw/runtime/rtl-generic/../common -I/esat/studscratch/r1015498/Thesis/original_snax/snax_cluster/sw/snRuntime/api -I/esat/studscratch/r1015498/Thesis/original_snax/snax_cluster/sw/snRuntime/api/omp -I/esat/studscratch/r1015498/Thesis/original_snax/snax_cluster/sw/snRuntime/src -I/esat/studscratch/r1015498/Thesis/original_snax/snax_cluster/sw/snRuntime/src/omp -I/esat/studscratch/r1015498/Thesis/original_snax/snax_cluster/sw/deps/riscv-opcodes -I/esat/studscratch/r1015498/Thesis/original_snax/snax_cluster/sw/math/include -mabi=ilp32d -mcmodel=medany -ffast-math -fno-builtin-printf -fno-builtin-sqrtf -fno-common -fopenmp -ftls-model=local-exec -O3 -D__DEFINED_uint64_t -fuse-ld=lld -nostdlib -L/esat/studscratch/r1015498/Thesis/original_snax/snax_cluster/target/snitch_cluster/sw/runtime/rtl-generic -T/esat/studscratch/r1015498/Thesis/original_snax/snax_cluster/sw/snRuntime/base.ld -L/esat/studscratch/r1015498/Thesis/original_snax/snax_cluster/target/snitch_cluster/sw/math/build/ -L/esat/studscratch/r1015498/Thesis/original_snax/snax_cluster/target/snitch_cluster/sw/runtime/rtl-generic/build/ -lmath -lsnRuntime ../../../../../../sw/apps/montecarlo/pi_estimation/main.c -o /esat/studscratch/r1015498/Thesis/original_snax/snax_cluster/target/snitch_cluster/sw/apps/montecarlo/pi_estimation/build/pi_estimation.elf
llvm-objdump -D /esat/studscratch/r1015498/Thesis/original_snax/snax_cluster/target/snitch_cluster/sw/apps/montecarlo/pi_estimation/build/pi_estimation.elf > /esat/studscratch/r1015498/Thesis/original_snax/snax_cluster/target/snitch_cluster/sw/apps/montecarlo/pi_estimation/build/pi_estimation.dump
llvm-dwarfdump /esat/studscratch/r1015498/Thesis/original_snax/snax_cluster/target/snitch_cluster/sw/apps/montecarlo/pi_estimation/build/pi_estimation.elf > /esat/studscratch/r1015498/Thesis/original_snax/snax_cluster/target/snitch_cluster/sw/apps/montecarlo/pi_estimation/build/pi_estimation.dwarf
llvm-objcopy -O binary /esat/studscratch/r1015498/Thesis/original_snax/snax_cluster/target/snitch_cluster/sw/apps/montecarlo/pi_estimation/build/pi_estimation.elf /esat/studscratch/r1015498/Thesis/original_snax/snax_cluster/target/snitch_cluster/sw/apps/montecarlo/pi_estimation/build/pi_estimation.bin
make[3]: Leaving directory '/esat/studscratch/r1015498/Thesis/original_snax/snax_cluster/target/snitch_cluster/sw/apps/montecarlo/pi_estimation'
make -C snax-mac all
make[3]: Entering directory '/esat/studscratch/r1015498/Thesis/original_snax/snax_cluster/target/snitch_cluster/sw/apps/snax-mac'
clang --target=riscv32-unknown-elf -mcpu=generic-rv32 -march=rv32imafdzfh -fno-builtin-memset -DPRINTF_DISABLE_SUPPORT_LONG_LONG -Idata -I/esat/studscratch/r1015498/Thesis/original_snax/snax_cluster/target/snitch_cluster/sw/runtime/rtl-generic/src -I/esat/studscratch/r1015498/Thesis/original_snax/snax_cluster/target/snitch_cluster/sw/runtime/rtl-generic/../common -I/esat/studscratch/r1015498/Thesis/original_snax/snax_cluster/sw/snRuntime/api -I/esat/studscratch/r1015498/Thesis/original_snax/snax_cluster/sw/snRuntime/api/omp -I/esat/studscratch/r1015498/Thesis/original_snax/snax_cluster/sw/snRuntime/src -I/esat/studscratch/r1015498/Thesis/original_snax/snax_cluster/sw/snRuntime/src/omp -I/esat/studscratch/r1015498/Thesis/original_snax/snax_cluster/sw/deps/riscv-opcodes -I/esat/studscratch/r1015498/Thesis/original_snax/snax_cluster/sw/math/include -mabi=ilp32d -mcmodel=medany -ffast-math -fno-builtin-printf -fno-builtin-sqrtf -fno-common -fopenmp -ftls-model=local-exec -O3 -D__DEFINED_uint64_t -fuse-ld=lld -nostdlib -L/esat/studscratch/r1015498/Thesis/original_snax/snax_cluster/target/snitch_cluster/sw/runtime/rtl-generic -T/esat/studscratch/r1015498/Thesis/original_snax/snax_cluster/sw/snRuntime/base.ld -L/esat/studscratch/r1015498/Thesis/original_snax/snax_cluster/target/snitch_cluster/sw/math/build/ -L/esat/studscratch/r1015498/Thesis/original_snax/snax_cluster/target/snitch_cluster/sw/runtime/rtl-generic/build/ -lmath -lsnRuntime src/snax-mac.c -o /esat/studscratch/r1015498/Thesis/original_snax/snax_cluster/target/snitch_cluster/sw/apps/snax-mac/build/snax-mac.elf
llvm-objdump -D /esat/studscratch/r1015498/Thesis/original_snax/snax_cluster/target/snitch_cluster/sw/apps/snax-mac/build/snax-mac.elf > /esat/studscratch/r1015498/Thesis/original_snax/snax_cluster/target/snitch_cluster/sw/apps/snax-mac/build/snax-mac.dump
llvm-dwarfdump /esat/studscratch/r1015498/Thesis/original_snax/snax_cluster/target/snitch_cluster/sw/apps/snax-mac/build/snax-mac.elf > /esat/studscratch/r1015498/Thesis/original_snax/snax_cluster/target/snitch_cluster/sw/apps/snax-mac/build/snax-mac.dwarf
llvm-objcopy -O binary /esat/studscratch/r1015498/Thesis/original_snax/snax_cluster/target/snitch_cluster/sw/apps/snax-mac/build/snax-mac.elf /esat/studscratch/r1015498/Thesis/original_snax/snax_cluster/target/snitch_cluster/sw/apps/snax-mac/build/snax-mac.bin
make[3]: Leaving directory '/esat/studscratch/r1015498/Thesis/original_snax/snax_cluster/target/snitch_cluster/sw/apps/snax-mac'
make -C snax-mac-simple/untiled all
make[3]: Entering directory '/esat/studscratch/r1015498/Thesis/original_snax/snax_cluster/target/snitch_cluster/sw/apps/snax-mac-simple/untiled'
clang --target=riscv32-unknown-elf -mcpu=generic-rv32 -march=rv32imafdzfh -fno-builtin-memset -DPRINTF_DISABLE_SUPPORT_LONG_LONG -I/esat/studscratch/r1015498/Thesis/original_snax/snax_cluster/target/snitch_cluster/sw/runtime/rtl-generic/src -I/esat/studscratch/r1015498/Thesis/original_snax/snax_cluster/target/snitch_cluster/sw/runtime/rtl-generic/../common -I/esat/studscratch/r1015498/Thesis/original_snax/snax_cluster/sw/snRuntime/api -I/esat/studscratch/r1015498/Thesis/original_snax/snax_cluster/sw/snRuntime/api/omp -I/esat/studscratch/r1015498/Thesis/original_snax/snax_cluster/sw/snRuntime/src -I/esat/studscratch/r1015498/Thesis/original_snax/snax_cluster/sw/snRuntime/src/omp -I/esat/studscratch/r1015498/Thesis/original_snax/snax_cluster/sw/deps/riscv-opcodes -I/esat/studscratch/r1015498/Thesis/original_snax/snax_cluster/sw/math/include -I/esat/studscratch/r1015498/Thesis/original_snax/snax_cluster/target/snitch_cluster/sw/apps/snax-mac-simple/untiled/src -I../../../snax/mac/include -mabi=ilp32d -mcmodel=medany -ffast-math -fno-builtin-printf -fno-builtin-sqrtf -fno-common -fopenmp -ftls-model=local-exec -O3 -D__DEFINED_uint64_t -fuse-ld=lld -nostdlib -L/esat/studscratch/r1015498/Thesis/original_snax/snax_cluster/target/snitch_cluster/sw/runtime/rtl-generic -T/esat/studscratch/r1015498/Thesis/original_snax/snax_cluster/sw/snRuntime/base.ld -L/esat/studscratch/r1015498/Thesis/original_snax/snax_cluster/target/snitch_cluster/sw/math/build/ -L/esat/studscratch/r1015498/Thesis/original_snax/snax_cluster/target/snitch_cluster/sw/runtime/rtl-generic/build/ -lmath -lsnRuntime ../../../snax/mac/build/mac.o /esat/studscratch/r1015498/Thesis/original_snax/snax_cluster/target/snitch_cluster/sw/apps/snax-mac-simple/untiled/src/untiled.c -o /esat/studscratch/r1015498/Thesis/original_snax/snax_cluster/target/snitch_cluster/sw/apps/snax-mac-simple/untiled/build/untiled.elf
llvm-objdump -D /esat/studscratch/r1015498/Thesis/original_snax/snax_cluster/target/snitch_cluster/sw/apps/snax-mac-simple/untiled/build/untiled.elf > /esat/studscratch/r1015498/Thesis/original_snax/snax_cluster/target/snitch_cluster/sw/apps/snax-mac-simple/untiled/build/untiled.dump
llvm-dwarfdump /esat/studscratch/r1015498/Thesis/original_snax/snax_cluster/target/snitch_cluster/sw/apps/snax-mac-simple/untiled/build/untiled.elf > /esat/studscratch/r1015498/Thesis/original_snax/snax_cluster/target/snitch_cluster/sw/apps/snax-mac-simple/untiled/build/untiled.dwarf
llvm-objcopy -O binary /esat/studscratch/r1015498/Thesis/original_snax/snax_cluster/target/snitch_cluster/sw/apps/snax-mac-simple/untiled/build/untiled.elf /esat/studscratch/r1015498/Thesis/original_snax/snax_cluster/target/snitch_cluster/sw/apps/snax-mac-simple/untiled/build/untiled.bin
make[3]: Leaving directory '/esat/studscratch/r1015498/Thesis/original_snax/snax_cluster/target/snitch_cluster/sw/apps/snax-mac-simple/untiled'
make -C snax-mac-simple/tiled all
make[3]: Entering directory '/esat/studscratch/r1015498/Thesis/original_snax/snax_cluster/target/snitch_cluster/sw/apps/snax-mac-simple/tiled'
clang --target=riscv32-unknown-elf -mcpu=generic-rv32 -march=rv32imafdzfh -fno-builtin-memset -DPRINTF_DISABLE_SUPPORT_LONG_LONG -I/esat/studscratch/r1015498/Thesis/original_snax/snax_cluster/target/snitch_cluster/sw/apps/snax-mac-simple/tiled/src -I../../../snax/mac/include -I/esat/studscratch/r1015498/Thesis/original_snax/snax_cluster/target/snitch_cluster/sw/runtime/rtl-generic/src -I/esat/studscratch/r1015498/Thesis/original_snax/snax_cluster/target/snitch_cluster/sw/runtime/rtl-generic/../common -I/esat/studscratch/r1015498/Thesis/original_snax/snax_cluster/sw/snRuntime/api -I/esat/studscratch/r1015498/Thesis/original_snax/snax_cluster/sw/snRuntime/api/omp -I/esat/studscratch/r1015498/Thesis/original_snax/snax_cluster/sw/snRuntime/src -I/esat/studscratch/r1015498/Thesis/original_snax/snax_cluster/sw/snRuntime/src/omp -I/esat/studscratch/r1015498/Thesis/original_snax/snax_cluster/sw/deps/riscv-opcodes -I/esat/studscratch/r1015498/Thesis/original_snax/snax_cluster/sw/math/include -mabi=ilp32d -mcmodel=medany -ffast-math -fno-builtin-printf -fno-builtin-sqrtf -fno-common -fopenmp -ftls-model=local-exec -O3 -D__DEFINED_uint64_t ../../../snax/mac/build/mac.o -fuse-ld=lld -nostdlib -L/esat/studscratch/r1015498/Thesis/original_snax/snax_cluster/target/snitch_cluster/sw/runtime/rtl-generic -T/esat/studscratch/r1015498/Thesis/original_snax/snax_cluster/sw/snRuntime/base.ld -L/esat/studscratch/r1015498/Thesis/original_snax/snax_cluster/target/snitch_cluster/sw/math/build/ -L/esat/studscratch/r1015498/Thesis/original_snax/snax_cluster/target/snitch_cluster/sw/runtime/rtl-generic/build/ -lmath -lsnRuntime /esat/studscratch/r1015498/Thesis/original_snax/snax_cluster/target/snitch_cluster/sw/apps/snax-mac-simple/tiled/src/tiled.c -o /esat/studscratch/r1015498/Thesis/original_snax/snax_cluster/target/snitch_cluster/sw/apps/snax-mac-simple/tiled/build/tiled.elf
llvm-objdump -D /esat/studscratch/r1015498/Thesis/original_snax/snax_cluster/target/snitch_cluster/sw/apps/snax-mac-simple/tiled/build/tiled.elf > /esat/studscratch/r1015498/Thesis/original_snax/snax_cluster/target/snitch_cluster/sw/apps/snax-mac-simple/tiled/build/tiled.dump
llvm-dwarfdump /esat/studscratch/r1015498/Thesis/original_snax/snax_cluster/target/snitch_cluster/sw/apps/snax-mac-simple/tiled/build/tiled.elf > /esat/studscratch/r1015498/Thesis/original_snax/snax_cluster/target/snitch_cluster/sw/apps/snax-mac-simple/tiled/build/tiled.dwarf
llvm-objcopy -O binary /esat/studscratch/r1015498/Thesis/original_snax/snax_cluster/target/snitch_cluster/sw/apps/snax-mac-simple/tiled/build/tiled.elf /esat/studscratch/r1015498/Thesis/original_snax/snax_cluster/target/snitch_cluster/sw/apps/snax-mac-simple/tiled/build/tiled.bin
make[3]: Leaving directory '/esat/studscratch/r1015498/Thesis/original_snax/snax_cluster/target/snitch_cluster/sw/apps/snax-mac-simple/tiled'
make -C snax-versacore-int16x4-multishape-k8-8x4-mode0-single-writer all
make[3]: Entering directory '/esat/studscratch/r1015498/Thesis/original_snax/snax_cluster/target/snitch_cluster/sw/apps/snax-versacore-int16x4-multishape-k8-8x4-mode0-single-writer'
clang --target=riscv32-unknown-elf -mcpu=generic-rv32 -march=rv32imafdzfh -fno-builtin-memset -DPRINTF_DISABLE_SUPPORT_LONG_LONG -Idata -I../../snax/dual-versacore-swiglu/include -I/esat/studscratch/r1015498/Thesis/original_snax/snax_cluster/target/snitch_cluster/sw/runtime/rtl-generic/src -I/esat/studscratch/r1015498/Thesis/original_snax/snax_cluster/target/snitch_cluster/sw/runtime/rtl-generic/../common -I/esat/studscratch/r1015498/Thesis/original_snax/snax_cluster/sw/snRuntime/api -I/esat/studscratch/r1015498/Thesis/original_snax/snax_cluster/sw/snRuntime/api/omp -I/esat/studscratch/r1015498/Thesis/original_snax/snax_cluster/sw/snRuntime/src -I/esat/studscratch/r1015498/Thesis/original_snax/snax_cluster/sw/snRuntime/src/omp -I/esat/studscratch/r1015498/Thesis/original_snax/snax_cluster/sw/deps/riscv-opcodes -I/esat/studscratch/r1015498/Thesis/original_snax/snax_cluster/sw/math/include -mabi=ilp32d -mcmodel=medany -ffast-math -fno-builtin-printf -fno-builtin-sqrtf -fno-common -fopenmp -ftls-model=local-exec -O3 -D__DEFINED_uint64_t ../../snax/dual-versacore-swiglu/build/snax-dual-versacore-swiglu-lib.o -fuse-ld=lld -nostdlib -L/esat/studscratch/r1015498/Thesis/original_snax/snax_cluster/target/snitch_cluster/sw/runtime/rtl-generic -T/esat/studscratch/r1015498/Thesis/original_snax/snax_cluster/sw/snRuntime/base.ld -L/esat/studscratch/r1015498/Thesis/original_snax/snax_cluster/target/snitch_cluster/sw/math/build/ -L/esat/studscratch/r1015498/Thesis/original_snax/snax_cluster/target/snitch_cluster/sw/runtime/rtl-generic/build/ -lmath -lsnRuntime src/snax-versacore-int16x4-multishape-k8-8x4-mode0-single-writer.c -o /esat/studscratch/r1015498/Thesis/original_snax/snax_cluster/target/snitch_cluster/sw/apps/snax-versacore-int16x4-multishape-k8-8x4-mode0-single-writer/build/snax-versacore-int16x4-multishape-k8-8x4-mode0-single-writer.elf
In file included from src/snax-versacore-int16x4-multishape-k8-8x4-mode0-single-writer.c:4:
../../snax/dual-versacore-swiglu/include/snax-dual-versacore-swiglu-lib.h:98:5: warning: static function 'csrw_ss' is used in an inline function with external linkage [-Wstatic-in-inline]
   98 |     csrw_ss(STREAMER_START_CSR, 1);
      |     ^
../../snax/dual-versacore-swiglu/include/snax-dual-versacore-swiglu-lib.h:97:1: note: use 'static' to give inline function 'set_dual_versacore_streamer_start' internal linkage
   97 | inline void set_dual_versacore_streamer_start() {
      | ^
      | static 
/esat/studscratch/r1015498/Thesis/original_snax/snax_cluster/sw/snRuntime/src/csr.h:451:13: note: 'csrw_ss' declared here
  451 | static void csrw_ss(uint32_t csr_address, uint32_t value) {
      |             ^
In file included from src/snax-versacore-int16x4-multishape-k8-8x4-mode0-single-writer.c:4:
../../snax/dual-versacore-swiglu/include/snax-dual-versacore-swiglu-lib.h:119:42: warning: static function 'csrw_ss' is used in an inline function with external linkage [-Wstatic-in-inline]
  119 | inline void set_dual_versacore_start() { csrw_ss(DUAL_VC_START, 1); }
      |                                          ^
../../snax/dual-versacore-swiglu/include/snax-dual-versacore-swiglu-lib.h:119:1: note: use 'static' to give inline function 'set_dual_versacore_start' internal linkage
  119 | inline void set_dual_versacore_start() { csrw_ss(DUAL_VC_START, 1); }
      | ^
      | static 
/esat/studscratch/r1015498/Thesis/original_snax/snax_cluster/sw/snRuntime/src/csr.h:451:13: note: 'csrw_ss' declared here
  451 | static void csrw_ss(uint32_t csr_address, uint32_t value) {
      |             ^
2 warnings generated.
llvm-objdump -D /esat/studscratch/r1015498/Thesis/original_snax/snax_cluster/target/snitch_cluster/sw/apps/snax-versacore-int16x4-multishape-k8-8x4-mode0-single-writer/build/snax-versacore-int16x4-multishape-k8-8x4-mode0-single-writer.elf > /esat/studscratch/r1015498/Thesis/original_snax/snax_cluster/target/snitch_cluster/sw/apps/snax-versacore-int16x4-multishape-k8-8x4-mode0-single-writer/build/snax-versacore-int16x4-multishape-k8-8x4-mode0-single-writer.dump
llvm-dwarfdump /esat/studscratch/r1015498/Thesis/original_snax/snax_cluster/target/snitch_cluster/sw/apps/snax-versacore-int16x4-multishape-k8-8x4-mode0-single-writer/build/snax-versacore-int16x4-multishape-k8-8x4-mode0-single-writer.elf > /esat/studscratch/r1015498/Thesis/original_snax/snax_cluster/target/snitch_cluster/sw/apps/snax-versacore-int16x4-multishape-k8-8x4-mode0-single-writer/build/snax-versacore-int16x4-multishape-k8-8x4-mode0-single-writer.dwarf
llvm-objcopy -O binary /esat/studscratch/r1015498/Thesis/original_snax/snax_cluster/target/snitch_cluster/sw/apps/snax-versacore-int16x4-multishape-k8-8x4-mode0-single-writer/build/snax-versacore-int16x4-multishape-k8-8x4-mode0-single-writer.elf /esat/studscratch/r1015498/Thesis/original_snax/snax_cluster/target/snitch_cluster/sw/apps/snax-versacore-int16x4-multishape-k8-8x4-mode0-single-writer/build/snax-versacore-int16x4-multishape-k8-8x4-mode0-single-writer.bin
make[3]: Leaving directory '/esat/studscratch/r1015498/Thesis/original_snax/snax_cluster/target/snitch_cluster/sw/apps/snax-versacore-int16x4-multishape-k8-8x4-mode0-single-writer'
make -C snax-versacore-int16x4-multishape-k8-8x4-layout-explore all
make[3]: Entering directory '/esat/studscratch/r1015498/Thesis/original_snax/snax_cluster/target/snitch_cluster/sw/apps/snax-versacore-int16x4-multishape-k8-8x4-layout-explore'
clang -DSELECT_LAYOUT=0 --target=riscv32-unknown-elf -mcpu=generic-rv32 -march=rv32imafdzfh -fno-builtin-memset -DPRINTF_DISABLE_SUPPORT_LONG_LONG -Idata -I../../snax/dual-versacore-swiglu/include -I/esat/studscratch/r1015498/Thesis/original_snax/snax_cluster/target/snitch_cluster/sw/runtime/rtl-generic/src -I/esat/studscratch/r1015498/Thesis/original_snax/snax_cluster/target/snitch_cluster/sw/runtime/rtl-generic/../common -I/esat/studscratch/r1015498/Thesis/original_snax/snax_cluster/sw/snRuntime/api -I/esat/studscratch/r1015498/Thesis/original_snax/snax_cluster/sw/snRuntime/api/omp -I/esat/studscratch/r1015498/Thesis/original_snax/snax_cluster/sw/snRuntime/src -I/esat/studscratch/r1015498/Thesis/original_snax/snax_cluster/sw/snRuntime/src/omp -I/esat/studscratch/r1015498/Thesis/original_snax/snax_cluster/sw/deps/riscv-opcodes -I/esat/studscratch/r1015498/Thesis/original_snax/snax_cluster/sw/math/include -mabi=ilp32d -mcmodel=medany -ffast-math -fno-builtin-printf -fno-builtin-sqrtf -fno-common -fopenmp -ftls-model=local-exec -O3 -D__DEFINED_uint64_t ../../snax/dual-versacore-swiglu/build/snax-dual-versacore-swiglu-lib.o -fuse-ld=lld -nostdlib -L/esat/studscratch/r1015498/Thesis/original_snax/snax_cluster/target/snitch_cluster/sw/runtime/rtl-generic -T/esat/studscratch/r1015498/Thesis/original_snax/snax_cluster/sw/snRuntime/base.ld -L/esat/studscratch/r1015498/Thesis/original_snax/snax_cluster/target/snitch_cluster/sw/math/build/ -L/esat/studscratch/r1015498/Thesis/original_snax/snax_cluster/target/snitch_cluster/sw/runtime/rtl-generic/build/ -lmath -lsnRuntime src/snax-versacore-int16x4-multishape-k8-8x4-layout-explore.c -o /esat/studscratch/r1015498/Thesis/original_snax/snax_cluster/target/snitch_cluster/sw/apps/snax-versacore-int16x4-multishape-k8-8x4-layout-explore/build/snax-versacore-int16x4-multishape-k8-8x4-layout-explore.elf
In file included from src/snax-versacore-int16x4-multishape-k8-8x4-layout-explore.c:4:
../../snax/dual-versacore-swiglu/include/snax-dual-versacore-swiglu-lib.h:98:5: warning: static function 'csrw_ss' is used in an inline function with external linkage [-Wstatic-in-inline]
   98 |     csrw_ss(STREAMER_START_CSR, 1);
      |     ^
../../snax/dual-versacore-swiglu/include/snax-dual-versacore-swiglu-lib.h:97:1: note: use 'static' to give inline function 'set_dual_versacore_streamer_start' internal linkage
   97 | inline void set_dual_versacore_streamer_start() {
      | ^
      | static 
/esat/studscratch/r1015498/Thesis/original_snax/snax_cluster/sw/snRuntime/src/csr.h:451:13: note: 'csrw_ss' declared here
  451 | static void csrw_ss(uint32_t csr_address, uint32_t value) {
      |             ^
In file included from src/snax-versacore-int16x4-multishape-k8-8x4-layout-explore.c:4:
../../snax/dual-versacore-swiglu/include/snax-dual-versacore-swiglu-lib.h:119:42: warning: static function 'csrw_ss' is used in an inline function with external linkage [-Wstatic-in-inline]
  119 | inline void set_dual_versacore_start() { csrw_ss(DUAL_VC_START, 1); }
      |                                          ^
../../snax/dual-versacore-swiglu/include/snax-dual-versacore-swiglu-lib.h:119:1: note: use 'static' to give inline function 'set_dual_versacore_start' internal linkage
  119 | inline void set_dual_versacore_start() { csrw_ss(DUAL_VC_START, 1); }
      | ^
      | static 
/esat/studscratch/r1015498/Thesis/original_snax/snax_cluster/sw/snRuntime/src/csr.h:451:13: note: 'csrw_ss' declared here
  451 | static void csrw_ss(uint32_t csr_address, uint32_t value) {
      |             ^
2 warnings generated.
llvm-objdump -D /esat/studscratch/r1015498/Thesis/original_snax/snax_cluster/target/snitch_cluster/sw/apps/snax-versacore-int16x4-multishape-k8-8x4-layout-explore/build/snax-versacore-int16x4-multishape-k8-8x4-layout-explore.elf > /esat/studscratch/r1015498/Thesis/original_snax/snax_cluster/target/snitch_cluster/sw/apps/snax-versacore-int16x4-multishape-k8-8x4-layout-explore/build/snax-versacore-int16x4-multishape-k8-8x4-layout-explore.dump
llvm-dwarfdump /esat/studscratch/r1015498/Thesis/original_snax/snax_cluster/target/snitch_cluster/sw/apps/snax-versacore-int16x4-multishape-k8-8x4-layout-explore/build/snax-versacore-int16x4-multishape-k8-8x4-layout-explore.elf > /esat/studscratch/r1015498/Thesis/original_snax/snax_cluster/target/snitch_cluster/sw/apps/snax-versacore-int16x4-multishape-k8-8x4-layout-explore/build/snax-versacore-int16x4-multishape-k8-8x4-layout-explore.dwarf
llvm-objcopy -O binary /esat/studscratch/r1015498/Thesis/original_snax/snax_cluster/target/snitch_cluster/sw/apps/snax-versacore-int16x4-multishape-k8-8x4-layout-explore/build/snax-versacore-int16x4-multishape-k8-8x4-layout-explore.elf /esat/studscratch/r1015498/Thesis/original_snax/snax_cluster/target/snitch_cluster/sw/apps/snax-versacore-int16x4-multishape-k8-8x4-layout-explore/build/snax-versacore-int16x4-multishape-k8-8x4-layout-explore.bin
make[3]: Leaving directory '/esat/studscratch/r1015498/Thesis/original_snax/snax_cluster/target/snitch_cluster/sw/apps/snax-versacore-int16x4-multishape-k8-8x4-layout-explore'
make -C snax-multi-cluster-playground all
make[3]: Entering directory '/esat/studscratch/r1015498/Thesis/original_snax/snax_cluster/target/snitch_cluster/sw/apps/snax-multi-cluster-playground'
clang --target=riscv32-unknown-elf -mcpu=generic-rv32 -march=rv32imafdzfh -fno-builtin-memset -DPRINTF_DISABLE_SUPPORT_LONG_LONG -I/esat/studscratch/r1015498/Thesis/original_snax/snax_cluster/target/snitch_cluster/sw/runtime/rtl-generic/src -I/esat/studscratch/r1015498/Thesis/original_snax/snax_cluster/target/snitch_cluster/sw/runtime/rtl-generic/../common -I/esat/studscratch/r1015498/Thesis/original_snax/snax_cluster/sw/snRuntime/api -I/esat/studscratch/r1015498/Thesis/original_snax/snax_cluster/sw/snRuntime/api/omp -I/esat/studscratch/r1015498/Thesis/original_snax/snax_cluster/sw/snRuntime/src -I/esat/studscratch/r1015498/Thesis/original_snax/snax_cluster/sw/snRuntime/src/omp -I/esat/studscratch/r1015498/Thesis/original_snax/snax_cluster/sw/deps/riscv-opcodes -I/esat/studscratch/r1015498/Thesis/original_snax/snax_cluster/sw/math/include -mabi=ilp32d -mcmodel=medany -ffast-math -fno-builtin-printf -fno-builtin-sqrtf -fno-common -fopenmp -ftls-model=local-exec -O3 -D__DEFINED_uint64_t -fuse-ld=lld -nostdlib -L/esat/studscratch/r1015498/Thesis/original_snax/snax_cluster/target/snitch_cluster/sw/runtime/rtl-generic -T/esat/studscratch/r1015498/Thesis/original_snax/snax_cluster/sw/snRuntime/base.ld -L/esat/studscratch/r1015498/Thesis/original_snax/snax_cluster/target/snitch_cluster/sw/math/build/ -L/esat/studscratch/r1015498/Thesis/original_snax/snax_cluster/target/snitch_cluster/sw/runtime/rtl-generic/build/ -lmath -lsnRuntime src/snax-multi-cluster-playground.c -o /esat/studscratch/r1015498/Thesis/original_snax/snax_cluster/target/snitch_cluster/sw/apps/snax-multi-cluster-playground/build/snax-multi-cluster-playground.elf
llvm-objdump -D /esat/studscratch/r1015498/Thesis/original_snax/snax_cluster/target/snitch_cluster/sw/apps/snax-multi-cluster-playground/build/snax-multi-cluster-playground.elf > /esat/studscratch/r1015498/Thesis/original_snax/snax_cluster/target/snitch_cluster/sw/apps/snax-multi-cluster-playground/build/snax-multi-cluster-playground.dump
llvm-dwarfdump /esat/studscratch/r1015498/Thesis/original_snax/snax_cluster/target/snitch_cluster/sw/apps/snax-multi-cluster-playground/build/snax-multi-cluster-playground.elf > /esat/studscratch/r1015498/Thesis/original_snax/snax_cluster/target/snitch_cluster/sw/apps/snax-multi-cluster-playground/build/snax-multi-cluster-playground.dwarf
llvm-objcopy -O binary /esat/studscratch/r1015498/Thesis/original_snax/snax_cluster/target/snitch_cluster/sw/apps/snax-multi-cluster-playground/build/snax-multi-cluster-playground.elf /esat/studscratch/r1015498/Thesis/original_snax/snax_cluster/target/snitch_cluster/sw/apps/snax-multi-cluster-playground/build/snax-multi-cluster-playground.bin
make[3]: Leaving directory '/esat/studscratch/r1015498/Thesis/original_snax/snax_cluster/target/snitch_cluster/sw/apps/snax-multi-cluster-playground'
make[2]: Leaving directory '/esat/studscratch/r1015498/Thesis/original_snax/snax_cluster/target/snitch_cluster/sw/apps'
make -C tests all
make[2]: Entering directory '/esat/studscratch/r1015498/Thesis/original_snax/snax_cluster/target/snitch_cluster/sw/tests'
clang --target=riscv32-unknown-elf -mcpu=generic-rv32 -march=rv32imafdzfh -fno-builtin-memset -DPRINTF_DISABLE_SUPPORT_LONG_LONG -I/esat/studscratch/r1015498/Thesis/original_snax/snax_cluster/target/snitch_cluster/sw/runtime/rtl-generic/src -I/esat/studscratch/r1015498/Thesis/original_snax/snax_cluster/target/snitch_cluster/sw/runtime/rtl-generic/../common -I/esat/studscratch/r1015498/Thesis/original_snax/snax_cluster/sw/snRuntime/api -I/esat/studscratch/r1015498/Thesis/original_snax/snax_cluster/sw/snRuntime/api/omp -I/esat/studscratch/r1015498/Thesis/original_snax/snax_cluster/sw/snRuntime/src -I/esat/studscratch/r1015498/Thesis/original_snax/snax_cluster/sw/snRuntime/src/omp -I/esat/studscratch/r1015498/Thesis/original_snax/snax_cluster/sw/snRuntime/vendor/riscv-opcodes -I/esat/studscratch/r1015498/Thesis/original_snax/snax_cluster/sw/snRuntime/../math/arch/riscv64/ -I/esat/studscratch/r1015498/Thesis/original_snax/snax_cluster/sw/snRuntime/../math/arch/generic -I/esat/studscratch/r1015498/Thesis/original_snax/snax_cluster/sw/snRuntime/../math/src/include -I/esat/studscratch/r1015498/Thesis/original_snax/snax_cluster/sw/snRuntime/../math/src/internal -I/esat/studscratch/r1015498/Thesis/original_snax/snax_cluster/sw/snRuntime/../math/include/bits -I/esat/studscratch/r1015498/Thesis/original_snax/snax_cluster/sw/snRuntime/../math/include -mabi=ilp32d -mcmodel=medany -ffast-math -fno-builtin-printf -fno-builtin-sqrtf -fno-common -fopenmp -ftls-model=local-exec -O3 -D__DEFINED_uint64_t -fuse-ld=lld -nostdlib -L/esat/studscratch/r1015498/Thesis/original_snax/snax_cluster/target/snitch_cluster/sw/runtime/rtl-generic -T/esat/studscratch/r1015498/Thesis/original_snax/snax_cluster/sw/snRuntime/base.ld -L/esat/studscratch/r1015498/Thesis/original_snax/snax_cluster/target/snitch_cluster/sw/runtime/rtl-generic/build -lsnRuntime /esat/studscratch/r1015498/Thesis/original_snax/snax_cluster/sw/tests/atomics.c -o /esat/studscratch/r1015498/Thesis/original_snax/snax_cluster/target/snitch_cluster/sw/tests/build/atomics.elf
clang --target=riscv32-unknown-elf -mcpu=generic-rv32 -march=rv32imafdzfh -fno-builtin-memset -DPRINTF_DISABLE_SUPPORT_LONG_LONG -I/esat/studscratch/r1015498/Thesis/original_snax/snax_cluster/target/snitch_cluster/sw/runtime/rtl-generic/src -I/esat/studscratch/r1015498/Thesis/original_snax/snax_cluster/target/snitch_cluster/sw/runtime/rtl-generic/../common -I/esat/studscratch/r1015498/Thesis/original_snax/snax_cluster/sw/snRuntime/api -I/esat/studscratch/r1015498/Thesis/original_snax/snax_cluster/sw/snRuntime/api/omp -I/esat/studscratch/r1015498/Thesis/original_snax/snax_cluster/sw/snRuntime/src -I/esat/studscratch/r1015498/Thesis/original_snax/snax_cluster/sw/snRuntime/src/omp -I/esat/studscratch/r1015498/Thesis/original_snax/snax_cluster/sw/snRuntime/vendor/riscv-opcodes -I/esat/studscratch/r1015498/Thesis/original_snax/snax_cluster/sw/snRuntime/../math/arch/riscv64/ -I/esat/studscratch/r1015498/Thesis/original_snax/snax_cluster/sw/snRuntime/../math/arch/generic -I/esat/studscratch/r1015498/Thesis/original_snax/snax_cluster/sw/snRuntime/../math/src/include -I/esat/studscratch/r1015498/Thesis/original_snax/snax_cluster/sw/snRuntime/../math/src/internal -I/esat/studscratch/r1015498/Thesis/original_snax/snax_cluster/sw/snRuntime/../math/include/bits -I/esat/studscratch/r1015498/Thesis/original_snax/snax_cluster/sw/snRuntime/../math/include -mabi=ilp32d -mcmodel=medany -ffast-math -fno-builtin-printf -fno-builtin-sqrtf -fno-common -fopenmp -ftls-model=local-exec -O3 -D__DEFINED_uint64_t -fuse-ld=lld -nostdlib -L/esat/studscratch/r1015498/Thesis/original_snax/snax_cluster/target/snitch_cluster/sw/runtime/rtl-generic -T/esat/studscratch/r1015498/Thesis/original_snax/snax_cluster/sw/snRuntime/base.ld -L/esat/studscratch/r1015498/Thesis/original_snax/snax_cluster/target/snitch_cluster/sw/runtime/rtl-generic/build -lsnRuntime /esat/studscratch/r1015498/Thesis/original_snax/snax_cluster/sw/tests/barrier.c -o /esat/studscratch/r1015498/Thesis/original_snax/snax_cluster/target/snitch_cluster/sw/tests/build/barrier.elf
clang --target=riscv32-unknown-elf -mcpu=generic-rv32 -march=rv32imafdzfh -fno-builtin-memset -DPRINTF_DISABLE_SUPPORT_LONG_LONG -I/esat/studscratch/r1015498/Thesis/original_snax/snax_cluster/target/snitch_cluster/sw/runtime/rtl-generic/src -I/esat/studscratch/r1015498/Thesis/original_snax/snax_cluster/target/snitch_cluster/sw/runtime/rtl-generic/../common -I/esat/studscratch/r1015498/Thesis/original_snax/snax_cluster/sw/snRuntime/api -I/esat/studscratch/r1015498/Thesis/original_snax/snax_cluster/sw/snRuntime/api/omp -I/esat/studscratch/r1015498/Thesis/original_snax/snax_cluster/sw/snRuntime/src -I/esat/studscratch/r1015498/Thesis/original_snax/snax_cluster/sw/snRuntime/src/omp -I/esat/studscratch/r1015498/Thesis/original_snax/snax_cluster/sw/snRuntime/vendor/riscv-opcodes -I/esat/studscratch/r1015498/Thesis/original_snax/snax_cluster/sw/snRuntime/../math/arch/riscv64/ -I/esat/studscratch/r1015498/Thesis/original_snax/snax_cluster/sw/snRuntime/../math/arch/generic -I/esat/studscratch/r1015498/Thesis/original_snax/snax_cluster/sw/snRuntime/../math/src/include -I/esat/studscratch/r1015498/Thesis/original_snax/snax_cluster/sw/snRuntime/../math/src/internal -I/esat/studscratch/r1015498/Thesis/original_snax/snax_cluster/sw/snRuntime/../math/include/bits -I/esat/studscratch/r1015498/Thesis/original_snax/snax_cluster/sw/snRuntime/../math/include -mabi=ilp32d -mcmodel=medany -ffast-math -fno-builtin-printf -fno-builtin-sqrtf -fno-common -fopenmp -ftls-model=local-exec -O3 -D__DEFINED_uint64_t -fuse-ld=lld -nostdlib -L/esat/studscratch/r1015498/Thesis/original_snax/snax_cluster/target/snitch_cluster/sw/runtime/rtl-generic -T/esat/studscratch/r1015498/Thesis/original_snax/snax_cluster/sw/snRuntime/base.ld -L/esat/studscratch/r1015498/Thesis/original_snax/snax_cluster/target/snitch_cluster/sw/runtime/rtl-generic/build -lsnRuntime /esat/studscratch/r1015498/Thesis/original_snax/snax_cluster/sw/tests/dma_simple.c -o /esat/studscratch/r1015498/Thesis/original_snax/snax_cluster/target/snitch_cluster/sw/tests/build/dma_simple.elf
clang --target=riscv32-unknown-elf -mcpu=generic-rv32 -march=rv32imafdzfh -fno-builtin-memset -DPRINTF_DISABLE_SUPPORT_LONG_LONG -I/esat/studscratch/r1015498/Thesis/original_snax/snax_cluster/target/snitch_cluster/sw/runtime/rtl-generic/src -I/esat/studscratch/r1015498/Thesis/original_snax/snax_cluster/target/snitch_cluster/sw/runtime/rtl-generic/../common -I/esat/studscratch/r1015498/Thesis/original_snax/snax_cluster/sw/snRuntime/api -I/esat/studscratch/r1015498/Thesis/original_snax/snax_cluster/sw/snRuntime/api/omp -I/esat/studscratch/r1015498/Thesis/original_snax/snax_cluster/sw/snRuntime/src -I/esat/studscratch/r1015498/Thesis/original_snax/snax_cluster/sw/snRuntime/src/omp -I/esat/studscratch/r1015498/Thesis/original_snax/snax_cluster/sw/snRuntime/vendor/riscv-opcodes -I/esat/studscratch/r1015498/Thesis/original_snax/snax_cluster/sw/snRuntime/../math/arch/riscv64/ -I/esat/studscratch/r1015498/Thesis/original_snax/snax_cluster/sw/snRuntime/../math/arch/generic -I/esat/studscratch/r1015498/Thesis/original_snax/snax_cluster/sw/snRuntime/../math/src/include -I/esat/studscratch/r1015498/Thesis/original_snax/snax_cluster/sw/snRuntime/../math/src/internal -I/esat/studscratch/r1015498/Thesis/original_snax/snax_cluster/sw/snRuntime/../math/include/bits -I/esat/studscratch/r1015498/Thesis/original_snax/snax_cluster/sw/snRuntime/../math/include -mabi=ilp32d -mcmodel=medany -ffast-math -fno-builtin-printf -fno-builtin-sqrtf -fno-common -fopenmp -ftls-model=local-exec -O3 -D__DEFINED_uint64_t -fuse-ld=lld -nostdlib -L/esat/studscratch/r1015498/Thesis/original_snax/snax_cluster/target/snitch_cluster/sw/runtime/rtl-generic -T/esat/studscratch/r1015498/Thesis/original_snax/snax_cluster/sw/snRuntime/base.ld -L/esat/studscratch/r1015498/Thesis/original_snax/snax_cluster/target/snitch_cluster/sw/runtime/rtl-generic/build -lsnRuntime /esat/studscratch/r1015498/Thesis/original_snax/snax_cluster/sw/tests/fence_i.c -o /esat/studscratch/r1015498/Thesis/original_snax/snax_cluster/target/snitch_cluster/sw/tests/build/fence_i.elf
clang --target=riscv32-unknown-elf -mcpu=generic-rv32 -march=rv32imafdzfh -fno-builtin-memset -DPRINTF_DISABLE_SUPPORT_LONG_LONG -I/esat/studscratch/r1015498/Thesis/original_snax/snax_cluster/target/snitch_cluster/sw/runtime/rtl-generic/src -I/esat/studscratch/r1015498/Thesis/original_snax/snax_cluster/target/snitch_cluster/sw/runtime/rtl-generic/../common -I/esat/studscratch/r1015498/Thesis/original_snax/snax_cluster/sw/snRuntime/api -I/esat/studscratch/r1015498/Thesis/original_snax/snax_cluster/sw/snRuntime/api/omp -I/esat/studscratch/r1015498/Thesis/original_snax/snax_cluster/sw/snRuntime/src -I/esat/studscratch/r1015498/Thesis/original_snax/snax_cluster/sw/snRuntime/src/omp -I/esat/studscratch/r1015498/Thesis/original_snax/snax_cluster/sw/snRuntime/vendor/riscv-opcodes -I/esat/studscratch/r1015498/Thesis/original_snax/snax_cluster/sw/snRuntime/../math/arch/riscv64/ -I/esat/studscratch/r1015498/Thesis/original_snax/snax_cluster/sw/snRuntime/../math/arch/generic -I/esat/studscratch/r1015498/Thesis/original_snax/snax_cluster/sw/snRuntime/../math/src/include -I/esat/studscratch/r1015498/Thesis/original_snax/snax_cluster/sw/snRuntime/../math/src/internal -I/esat/studscratch/r1015498/Thesis/original_snax/snax_cluster/sw/snRuntime/../math/include/bits -I/esat/studscratch/r1015498/Thesis/original_snax/snax_cluster/sw/snRuntime/../math/include -mabi=ilp32d -mcmodel=medany -ffast-math -fno-builtin-printf -fno-builtin-sqrtf -fno-common -fopenmp -ftls-model=local-exec -O3 -D__DEFINED_uint64_t -fuse-ld=lld -nostdlib -L/esat/studscratch/r1015498/Thesis/original_snax/snax_cluster/target/snitch_cluster/sw/runtime/rtl-generic -T/esat/studscratch/r1015498/Thesis/original_snax/snax_cluster/sw/snRuntime/base.ld -L/esat/studscratch/r1015498/Thesis/original_snax/snax_cluster/target/snitch_cluster/sw/runtime/rtl-generic/build -lsnRuntime /esat/studscratch/r1015498/Thesis/original_snax/snax_cluster/sw/tests/interrupt_local.c -o /esat/studscratch/r1015498/Thesis/original_snax/snax_cluster/target/snitch_cluster/sw/tests/build/interrupt_local.elf
clang --target=riscv32-unknown-elf -mcpu=generic-rv32 -march=rv32imafdzfh -fno-builtin-memset -DPRINTF_DISABLE_SUPPORT_LONG_LONG -I/esat/studscratch/r1015498/Thesis/original_snax/snax_cluster/target/snitch_cluster/sw/runtime/rtl-generic/src -I/esat/studscratch/r1015498/Thesis/original_snax/snax_cluster/target/snitch_cluster/sw/runtime/rtl-generic/../common -I/esat/studscratch/r1015498/Thesis/original_snax/snax_cluster/sw/snRuntime/api -I/esat/studscratch/r1015498/Thesis/original_snax/snax_cluster/sw/snRuntime/api/omp -I/esat/studscratch/r1015498/Thesis/original_snax/snax_cluster/sw/snRuntime/src -I/esat/studscratch/r1015498/Thesis/original_snax/snax_cluster/sw/snRuntime/src/omp -I/esat/studscratch/r1015498/Thesis/original_snax/snax_cluster/sw/snRuntime/vendor/riscv-opcodes -I/esat/studscratch/r1015498/Thesis/original_snax/snax_cluster/sw/snRuntime/../math/arch/riscv64/ -I/esat/studscratch/r1015498/Thesis/original_snax/snax_cluster/sw/snRuntime/../math/arch/generic -I/esat/studscratch/r1015498/Thesis/original_snax/snax_cluster/sw/snRuntime/../math/src/include -I/esat/studscratch/r1015498/Thesis/original_snax/snax_cluster/sw/snRuntime/../math/src/internal -I/esat/studscratch/r1015498/Thesis/original_snax/snax_cluster/sw/snRuntime/../math/include/bits -I/esat/studscratch/r1015498/Thesis/original_snax/snax_cluster/sw/snRuntime/../math/include -mabi=ilp32d -mcmodel=medany -ffast-math -fno-builtin-printf -fno-builtin-sqrtf -fno-common -fopenmp -ftls-model=local-exec -O3 -D__DEFINED_uint64_t -fuse-ld=lld -nostdlib -L/esat/studscratch/r1015498/Thesis/original_snax/snax_cluster/target/snitch_cluster/sw/runtime/rtl-generic -T/esat/studscratch/r1015498/Thesis/original_snax/snax_cluster/sw/snRuntime/base.ld -L/esat/studscratch/r1015498/Thesis/original_snax/snax_cluster/target/snitch_cluster/sw/runtime/rtl-generic/build -lsnRuntime /esat/studscratch/r1015498/Thesis/original_snax/snax_cluster/sw/tests/multi_cluster.c -o /esat/studscratch/r1015498/Thesis/original_snax/snax_cluster/target/snitch_cluster/sw/tests/build/multi_cluster.elf
clang --target=riscv32-unknown-elf -mcpu=generic-rv32 -march=rv32imafdzfh -fno-builtin-memset -DPRINTF_DISABLE_SUPPORT_LONG_LONG -I/esat/studscratch/r1015498/Thesis/original_snax/snax_cluster/target/snitch_cluster/sw/runtime/rtl-generic/src -I/esat/studscratch/r1015498/Thesis/original_snax/snax_cluster/target/snitch_cluster/sw/runtime/rtl-generic/../common -I/esat/studscratch/r1015498/Thesis/original_snax/snax_cluster/sw/snRuntime/api -I/esat/studscratch/r1015498/Thesis/original_snax/snax_cluster/sw/snRuntime/api/omp -I/esat/studscratch/r1015498/Thesis/original_snax/snax_cluster/sw/snRuntime/src -I/esat/studscratch/r1015498/Thesis/original_snax/snax_cluster/sw/snRuntime/src/omp -I/esat/studscratch/r1015498/Thesis/original_snax/snax_cluster/sw/snRuntime/vendor/riscv-opcodes -I/esat/studscratch/r1015498/Thesis/original_snax/snax_cluster/sw/snRuntime/../math/arch/riscv64/ -I/esat/studscratch/r1015498/Thesis/original_snax/snax_cluster/sw/snRuntime/../math/arch/generic -I/esat/studscratch/r1015498/Thesis/original_snax/snax_cluster/sw/snRuntime/../math/src/include -I/esat/studscratch/r1015498/Thesis/original_snax/snax_cluster/sw/snRuntime/../math/src/internal -I/esat/studscratch/r1015498/Thesis/original_snax/snax_cluster/sw/snRuntime/../math/include/bits -I/esat/studscratch/r1015498/Thesis/original_snax/snax_cluster/sw/snRuntime/../math/include -mabi=ilp32d -mcmodel=medany -ffast-math -fno-builtin-printf -fno-builtin-sqrtf -fno-common -fopenmp -ftls-model=local-exec -O3 -D__DEFINED_uint64_t -fuse-ld=lld -nostdlib -L/esat/studscratch/r1015498/Thesis/original_snax/snax_cluster/target/snitch_cluster/sw/runtime/rtl-generic -T/esat/studscratch/r1015498/Thesis/original_snax/snax_cluster/sw/snRuntime/base.ld -L/esat/studscratch/r1015498/Thesis/original_snax/snax_cluster/target/snitch_cluster/sw/runtime/rtl-generic/build -lsnRuntime /esat/studscratch/r1015498/Thesis/original_snax/snax_cluster/sw/tests/perf_cnt.c -o /esat/studscratch/r1015498/Thesis/original_snax/snax_cluster/target/snitch_cluster/sw/tests/build/perf_cnt.elf
clang --target=riscv32-unknown-elf -mcpu=generic-rv32 -march=rv32imafdzfh -fno-builtin-memset -DPRINTF_DISABLE_SUPPORT_LONG_LONG -I/esat/studscratch/r1015498/Thesis/original_snax/snax_cluster/target/snitch_cluster/sw/runtime/rtl-generic/src -I/esat/studscratch/r1015498/Thesis/original_snax/snax_cluster/target/snitch_cluster/sw/runtime/rtl-generic/../common -I/esat/studscratch/r1015498/Thesis/original_snax/snax_cluster/sw/snRuntime/api -I/esat/studscratch/r1015498/Thesis/original_snax/snax_cluster/sw/snRuntime/api/omp -I/esat/studscratch/r1015498/Thesis/original_snax/snax_cluster/sw/snRuntime/src -I/esat/studscratch/r1015498/Thesis/original_snax/snax_cluster/sw/snRuntime/src/omp -I/esat/studscratch/r1015498/Thesis/original_snax/snax_cluster/sw/snRuntime/vendor/riscv-opcodes -I/esat/studscratch/r1015498/Thesis/original_snax/snax_cluster/sw/snRuntime/../math/arch/riscv64/ -I/esat/studscratch/r1015498/Thesis/original_snax/snax_cluster/sw/snRuntime/../math/arch/generic -I/esat/studscratch/r1015498/Thesis/original_snax/snax_cluster/sw/snRuntime/../math/src/include -I/esat/studscratch/r1015498/Thesis/original_snax/snax_cluster/sw/snRuntime/../math/src/internal -I/esat/studscratch/r1015498/Thesis/original_snax/snax_cluster/sw/snRuntime/../math/include/bits -I/esat/studscratch/r1015498/Thesis/original_snax/snax_cluster/sw/snRuntime/../math/include -mabi=ilp32d -mcmodel=medany -ffast-math -fno-builtin-printf -fno-builtin-sqrtf -fno-common -fopenmp -ftls-model=local-exec -O3 -D__DEFINED_uint64_t -fuse-ld=lld -nostdlib -L/esat/studscratch/r1015498/Thesis/original_snax/snax_cluster/target/snitch_cluster/sw/runtime/rtl-generic -T/esat/studscratch/r1015498/Thesis/original_snax/snax_cluster/sw/snRuntime/base.ld -L/esat/studscratch/r1015498/Thesis/original_snax/snax_cluster/target/snitch_cluster/sw/runtime/rtl-generic/build -lsnRuntime /esat/studscratch/r1015498/Thesis/original_snax/snax_cluster/sw/tests/printf_simple.c -o /esat/studscratch/r1015498/Thesis/original_snax/snax_cluster/target/snitch_cluster/sw/tests/build/printf_simple.elf
clang --target=riscv32-unknown-elf -mcpu=generic-rv32 -march=rv32imafdzfh -fno-builtin-memset -DPRINTF_DISABLE_SUPPORT_LONG_LONG -I/esat/studscratch/r1015498/Thesis/original_snax/snax_cluster/target/snitch_cluster/sw/runtime/rtl-generic/src -I/esat/studscratch/r1015498/Thesis/original_snax/snax_cluster/target/snitch_cluster/sw/runtime/rtl-generic/../common -I/esat/studscratch/r1015498/Thesis/original_snax/snax_cluster/sw/snRuntime/api -I/esat/studscratch/r1015498/Thesis/original_snax/snax_cluster/sw/snRuntime/api/omp -I/esat/studscratch/r1015498/Thesis/original_snax/snax_cluster/sw/snRuntime/src -I/esat/studscratch/r1015498/Thesis/original_snax/snax_cluster/sw/snRuntime/src/omp -I/esat/studscratch/r1015498/Thesis/original_snax/snax_cluster/sw/snRuntime/vendor/riscv-opcodes -I/esat/studscratch/r1015498/Thesis/original_snax/snax_cluster/sw/snRuntime/../math/arch/riscv64/ -I/esat/studscratch/r1015498/Thesis/original_snax/snax_cluster/sw/snRuntime/../math/arch/generic -I/esat/studscratch/r1015498/Thesis/original_snax/snax_cluster/sw/snRuntime/../math/src/include -I/esat/studscratch/r1015498/Thesis/original_snax/snax_cluster/sw/snRuntime/../math/src/internal -I/esat/studscratch/r1015498/Thesis/original_snax/snax_cluster/sw/snRuntime/../math/include/bits -I/esat/studscratch/r1015498/Thesis/original_snax/snax_cluster/sw/snRuntime/../math/include -mabi=ilp32d -mcmodel=medany -ffast-math -fno-builtin-printf -fno-builtin-sqrtf -fno-common -fopenmp -ftls-model=local-exec -O3 -D__DEFINED_uint64_t -fuse-ld=lld -nostdlib -L/esat/studscratch/r1015498/Thesis/original_snax/snax_cluster/target/snitch_cluster/sw/runtime/rtl-generic -T/esat/studscratch/r1015498/Thesis/original_snax/snax_cluster/sw/snRuntime/base.ld -L/esat/studscratch/r1015498/Thesis/original_snax/snax_cluster/target/snitch_cluster/sw/runtime/rtl-generic/build -lsnRuntime /esat/studscratch/r1015498/Thesis/original_snax/snax_cluster/sw/tests/printf_fmtint.c -o /esat/studscratch/r1015498/Thesis/original_snax/snax_cluster/target/snitch_cluster/sw/tests/build/printf_fmtint.elf
clang --target=riscv32-unknown-elf -mcpu=generic-rv32 -march=rv32imafdzfh -fno-builtin-memset -DPRINTF_DISABLE_SUPPORT_LONG_LONG -I/esat/studscratch/r1015498/Thesis/original_snax/snax_cluster/target/snitch_cluster/sw/runtime/rtl-generic/src -I/esat/studscratch/r1015498/Thesis/original_snax/snax_cluster/target/snitch_cluster/sw/runtime/rtl-generic/../common -I/esat/studscratch/r1015498/Thesis/original_snax/snax_cluster/sw/snRuntime/api -I/esat/studscratch/r1015498/Thesis/original_snax/snax_cluster/sw/snRuntime/api/omp -I/esat/studscratch/r1015498/Thesis/original_snax/snax_cluster/sw/snRuntime/src -I/esat/studscratch/r1015498/Thesis/original_snax/snax_cluster/sw/snRuntime/src/omp -I/esat/studscratch/r1015498/Thesis/original_snax/snax_cluster/sw/snRuntime/vendor/riscv-opcodes -I/esat/studscratch/r1015498/Thesis/original_snax/snax_cluster/sw/snRuntime/../math/arch/riscv64/ -I/esat/studscratch/r1015498/Thesis/original_snax/snax_cluster/sw/snRuntime/../math/arch/generic -I/esat/studscratch/r1015498/Thesis/original_snax/snax_cluster/sw/snRuntime/../math/src/include -I/esat/studscratch/r1015498/Thesis/original_snax/snax_cluster/sw/snRuntime/../math/src/internal -I/esat/studscratch/r1015498/Thesis/original_snax/snax_cluster/sw/snRuntime/../math/include/bits -I/esat/studscratch/r1015498/Thesis/original_snax/snax_cluster/sw/snRuntime/../math/include -mabi=ilp32d -mcmodel=medany -ffast-math -fno-builtin-printf -fno-builtin-sqrtf -fno-common -fopenmp -ftls-model=local-exec -O3 -D__DEFINED_uint64_t -fuse-ld=lld -nostdlib -L/esat/studscratch/r1015498/Thesis/original_snax/snax_cluster/target/snitch_cluster/sw/runtime/rtl-generic -T/esat/studscratch/r1015498/Thesis/original_snax/snax_cluster/sw/snRuntime/base.ld -L/esat/studscratch/r1015498/Thesis/original_snax/snax_cluster/target/snitch_cluster/sw/runtime/rtl-generic/build -lsnRuntime /esat/studscratch/r1015498/Thesis/original_snax/snax_cluster/sw/tests/fp16_comparison_scalar.c -o /esat/studscratch/r1015498/Thesis/original_snax/snax_cluster/target/snitch_cluster/sw/tests/build/fp16_comparison_scalar.elf
clang --target=riscv32-unknown-elf -mcpu=generic-rv32 -march=rv32imafdzfh -fno-builtin-memset -DPRINTF_DISABLE_SUPPORT_LONG_LONG -I/esat/studscratch/r1015498/Thesis/original_snax/snax_cluster/target/snitch_cluster/sw/runtime/rtl-generic/src -I/esat/studscratch/r1015498/Thesis/original_snax/snax_cluster/target/snitch_cluster/sw/runtime/rtl-generic/../common -I/esat/studscratch/r1015498/Thesis/original_snax/snax_cluster/sw/snRuntime/api -I/esat/studscratch/r1015498/Thesis/original_snax/snax_cluster/sw/snRuntime/api/omp -I/esat/studscratch/r1015498/Thesis/original_snax/snax_cluster/sw/snRuntime/src -I/esat/studscratch/r1015498/Thesis/original_snax/snax_cluster/sw/snRuntime/src/omp -I/esat/studscratch/r1015498/Thesis/original_snax/snax_cluster/sw/snRuntime/vendor/riscv-opcodes -I/esat/studscratch/r1015498/Thesis/original_snax/snax_cluster/sw/snRuntime/../math/arch/riscv64/ -I/esat/studscratch/r1015498/Thesis/original_snax/snax_cluster/sw/snRuntime/../math/arch/generic -I/esat/studscratch/r1015498/Thesis/original_snax/snax_cluster/sw/snRuntime/../math/src/include -I/esat/studscratch/r1015498/Thesis/original_snax/snax_cluster/sw/snRuntime/../math/src/internal -I/esat/studscratch/r1015498/Thesis/original_snax/snax_cluster/sw/snRuntime/../math/include/bits -I/esat/studscratch/r1015498/Thesis/original_snax/snax_cluster/sw/snRuntime/../math/include -mabi=ilp32d -mcmodel=medany -ffast-math -fno-builtin-printf -fno-builtin-sqrtf -fno-common -fopenmp -ftls-model=local-exec -O3 -D__DEFINED_uint64_t -fuse-ld=lld -nostdlib -L/esat/studscratch/r1015498/Thesis/original_snax/snax_cluster/target/snitch_cluster/sw/runtime/rtl-generic -T/esat/studscratch/r1015498/Thesis/original_snax/snax_cluster/sw/snRuntime/base.ld -L/esat/studscratch/r1015498/Thesis/original_snax/snax_cluster/target/snitch_cluster/sw/runtime/rtl-generic/build -lsnRuntime /esat/studscratch/r1015498/Thesis/original_snax/snax_cluster/sw/tests/fp16_computation_scalar.c -o /esat/studscratch/r1015498/Thesis/original_snax/snax_cluster/target/snitch_cluster/sw/tests/build/fp16_computation_scalar.elf
clang --target=riscv32-unknown-elf -mcpu=generic-rv32 -march=rv32imafdzfh -fno-builtin-memset -DPRINTF_DISABLE_SUPPORT_LONG_LONG -I/esat/studscratch/r1015498/Thesis/original_snax/snax_cluster/target/snitch_cluster/sw/runtime/rtl-generic/src -I/esat/studscratch/r1015498/Thesis/original_snax/snax_cluster/target/snitch_cluster/sw/runtime/rtl-generic/../common -I/esat/studscratch/r1015498/Thesis/original_snax/snax_cluster/sw/snRuntime/api -I/esat/studscratch/r1015498/Thesis/original_snax/snax_cluster/sw/snRuntime/api/omp -I/esat/studscratch/r1015498/Thesis/original_snax/snax_cluster/sw/snRuntime/src -I/esat/studscratch/r1015498/Thesis/original_snax/snax_cluster/sw/snRuntime/src/omp -I/esat/studscratch/r1015498/Thesis/original_snax/snax_cluster/sw/snRuntime/vendor/riscv-opcodes -I/esat/studscratch/r1015498/Thesis/original_snax/snax_cluster/sw/snRuntime/../math/arch/riscv64/ -I/esat/studscratch/r1015498/Thesis/original_snax/snax_cluster/sw/snRuntime/../math/arch/generic -I/esat/studscratch/r1015498/Thesis/original_snax/snax_cluster/sw/snRuntime/../math/src/include -I/esat/studscratch/r1015498/Thesis/original_snax/snax_cluster/sw/snRuntime/../math/src/internal -I/esat/studscratch/r1015498/Thesis/original_snax/snax_cluster/sw/snRuntime/../math/include/bits -I/esat/studscratch/r1015498/Thesis/original_snax/snax_cluster/sw/snRuntime/../math/include -mabi=ilp32d -mcmodel=medany -ffast-math -fno-builtin-printf -fno-builtin-sqrtf -fno-common -fopenmp -ftls-model=local-exec -O3 -D__DEFINED_uint64_t -fuse-ld=lld -nostdlib -L/esat/studscratch/r1015498/Thesis/original_snax/snax_cluster/target/snitch_cluster/sw/runtime/rtl-generic -T/esat/studscratch/r1015498/Thesis/original_snax/snax_cluster/sw/snRuntime/base.ld -L/esat/studscratch/r1015498/Thesis/original_snax/snax_cluster/target/snitch_cluster/sw/runtime/rtl-generic/build -lsnRuntime /esat/studscratch/r1015498/Thesis/original_snax/snax_cluster/sw/tests/fp32_comparison_scalar.c -o /esat/studscratch/r1015498/Thesis/original_snax/snax_cluster/target/snitch_cluster/sw/tests/build/fp32_comparison_scalar.elf
clang --target=riscv32-unknown-elf -mcpu=generic-rv32 -march=rv32imafdzfh -fno-builtin-memset -DPRINTF_DISABLE_SUPPORT_LONG_LONG -I/esat/studscratch/r1015498/Thesis/original_snax/snax_cluster/target/snitch_cluster/sw/runtime/rtl-generic/src -I/esat/studscratch/r1015498/Thesis/original_snax/snax_cluster/target/snitch_cluster/sw/runtime/rtl-generic/../common -I/esat/studscratch/r1015498/Thesis/original_snax/snax_cluster/sw/snRuntime/api -I/esat/studscratch/r1015498/Thesis/original_snax/snax_cluster/sw/snRuntime/api/omp -I/esat/studscratch/r1015498/Thesis/original_snax/snax_cluster/sw/snRuntime/src -I/esat/studscratch/r1015498/Thesis/original_snax/snax_cluster/sw/snRuntime/src/omp -I/esat/studscratch/r1015498/Thesis/original_snax/snax_cluster/sw/snRuntime/vendor/riscv-opcodes -I/esat/studscratch/r1015498/Thesis/original_snax/snax_cluster/sw/snRuntime/../math/arch/riscv64/ -I/esat/studscratch/r1015498/Thesis/original_snax/snax_cluster/sw/snRuntime/../math/arch/generic -I/esat/studscratch/r1015498/Thesis/original_snax/snax_cluster/sw/snRuntime/../math/src/include -I/esat/studscratch/r1015498/Thesis/original_snax/snax_cluster/sw/snRuntime/../math/src/internal -I/esat/studscratch/r1015498/Thesis/original_snax/snax_cluster/sw/snRuntime/../math/include/bits -I/esat/studscratch/r1015498/Thesis/original_snax/snax_cluster/sw/snRuntime/../math/include -mabi=ilp32d -mcmodel=medany -ffast-math -fno-builtin-printf -fno-builtin-sqrtf -fno-common -fopenmp -ftls-model=local-exec -O3 -D__DEFINED_uint64_t -fuse-ld=lld -nostdlib -L/esat/studscratch/r1015498/Thesis/original_snax/snax_cluster/target/snitch_cluster/sw/runtime/rtl-generic -T/esat/studscratch/r1015498/Thesis/original_snax/snax_cluster/sw/snRuntime/base.ld -L/esat/studscratch/r1015498/Thesis/original_snax/snax_cluster/target/snitch_cluster/sw/runtime/rtl-generic/build -lsnRuntime /esat/studscratch/r1015498/Thesis/original_snax/snax_cluster/sw/tests/fp32_computation_scalar.c -o /esat/studscratch/r1015498/Thesis/original_snax/snax_cluster/target/snitch_cluster/sw/tests/build/fp32_computation_scalar.elf
make[2]: Leaving directory '/esat/studscratch/r1015498/Thesis/original_snax/snax_cluster/target/snitch_cluster/sw/tests'
make[1]: Leaving directory '/esat/studscratch/r1015498/Thesis/original_snax/snax_cluster/target/snitch_cluster/sw'
make: Leaving directory '/esat/studscratch/r1015498/Thesis/original_snax/snax_cluster/target/snitch_cluster'
=== HELPER CLEAN ===
make: Entering directory '/esat/studscratch/r1015498/Thesis/original_snax/snax_cluster/target/snitch_cluster/sw/snax/dual-versacore-swiglu'
clang --target=riscv32-unknown-elf -mcpu=generic-rv32 -march=rv32imafdzfh -fno-builtin-memset -DPRINTF_DISABLE_SUPPORT_LONG_LONG -I/esat/studscratch/r1015498/Thesis/original_snax/snax_cluster/target/snitch_cluster/sw/snax/dual-versacore-swiglu/include -I/esat/studscratch/r1015498/Thesis/original_snax/snax_cluster/sw/snRuntime/src -I/esat/studscratch/r1015498/Thesis/original_snax/snax_cluster/sw/snRuntime/api -I/esat/studscratch/r1015498/Thesis/original_snax/snax_cluster/sw/snRuntime/src/omp -I/esat/studscratch/r1015498/Thesis/original_snax/snax_cluster/sw/snRuntime/api/omp -I/esat/studscratch/r1015498/Thesis/original_snax/snax_cluster/sw/snRuntime/vendor/riscv-opcodes -I/esat/studscratch/r1015498/Thesis/original_snax/snax_cluster/target/snitch_cluster/sw/runtime/common -I/esat/studscratch/r1015498/Thesis/original_snax/snax_cluster/sw/snRuntime/../math/arch/riscv64/ -I/esat/studscratch/r1015498/Thesis/original_snax/snax_cluster/sw/snRuntime/../math/arch/generic -I/esat/studscratch/r1015498/Thesis/original_snax/snax_cluster/sw/snRuntime/../math/src/include -I/esat/studscratch/r1015498/Thesis/original_snax/snax_cluster/sw/snRuntime/../math/src/internal -I/esat/studscratch/r1015498/Thesis/original_snax/snax_cluster/sw/snRuntime/../math/include/bits -I/esat/studscratch/r1015498/Thesis/original_snax/snax_cluster/sw/snRuntime/../math/include -I/esat/studscratch/r1015498/Thesis/original_snax/snax_cluster/target/snitch_cluster/sw/runtime/rtl-generic/src -I/esat/studscratch/r1015498/Thesis/original_snax/snax_cluster/target/snitch_cluster/sw/runtime/rtl-generic/include -mabi=ilp32d -mcmodel=medany -ffast-math -fno-builtin-printf -fno-builtin-sqrtf -fno-common -fopenmp -ftls-model=local-exec -O3 -D__DEFINED_uint64_t -c /esat/studscratch/r1015498/Thesis/original_snax/snax_cluster/target/snitch_cluster/sw/snax/dual-versacore-swiglu/src/snax-dual-versacore-swiglu-lib.c -o /esat/studscratch/r1015498/Thesis/original_snax/snax_cluster/target/snitch_cluster/sw/snax/dual-versacore-swiglu/build/snax-dual-versacore-swiglu-lib.o
In file included from /esat/studscratch/r1015498/Thesis/original_snax/snax_cluster/target/snitch_cluster/sw/snax/dual-versacore-swiglu/src/snax-dual-versacore-swiglu-lib.c:5:
/esat/studscratch/r1015498/Thesis/original_snax/snax_cluster/target/snitch_cluster/sw/snax/dual-versacore-swiglu/include/snax-dual-versacore-swiglu-lib.h:98:5: warning: static function 'csrw_ss' is used in an inline function with external linkage [-Wstatic-in-inline]
   98 |     csrw_ss(STREAMER_START_CSR, 1);
      |     ^
/esat/studscratch/r1015498/Thesis/original_snax/snax_cluster/target/snitch_cluster/sw/snax/dual-versacore-swiglu/include/snax-dual-versacore-swiglu-lib.h:97:1: note: use 'static' to give inline function 'set_dual_versacore_streamer_start' internal linkage
   97 | inline void set_dual_versacore_streamer_start() {
      | ^
      | static 
/esat/studscratch/r1015498/Thesis/original_snax/snax_cluster/sw/snRuntime/src/csr.h:451:13: note: 'csrw_ss' declared here
  451 | static void csrw_ss(uint32_t csr_address, uint32_t value) {
      |             ^
In file included from /esat/studscratch/r1015498/Thesis/original_snax/snax_cluster/target/snitch_cluster/sw/snax/dual-versacore-swiglu/src/snax-dual-versacore-swiglu-lib.c:5:
/esat/studscratch/r1015498/Thesis/original_snax/snax_cluster/target/snitch_cluster/sw/snax/dual-versacore-swiglu/include/snax-dual-versacore-swiglu-lib.h:119:42: warning: static function 'csrw_ss' is used in an inline function with external linkage [-Wstatic-in-inline]
  119 | inline void set_dual_versacore_start() { csrw_ss(DUAL_VC_START, 1); }
      |                                          ^
/esat/studscratch/r1015498/Thesis/original_snax/snax_cluster/target/snitch_cluster/sw/snax/dual-versacore-swiglu/include/snax-dual-versacore-swiglu-lib.h:119:1: note: use 'static' to give inline function 'set_dual_versacore_start' internal linkage
  119 | inline void set_dual_versacore_start() { csrw_ss(DUAL_VC_START, 1); }
      | ^
      | static 
/esat/studscratch/r1015498/Thesis/original_snax/snax_cluster/sw/snRuntime/src/csr.h:451:13: note: 'csrw_ss' declared here
  451 | static void csrw_ss(uint32_t csr_address, uint32_t value) {
      |             ^
2 warnings generated.
make: Leaving directory '/esat/studscratch/r1015498/Thesis/original_snax/snax_cluster/target/snitch_cluster/sw/snax/dual-versacore-swiglu'
=== VERILATOR BUILD ===
make: Entering directory '/esat/studscratch/r1015498/Thesis/original_snax/snax_cluster/target/snitch_cluster'
mkdir -p work-vlt/
bender script verilator -t rtl   -t sparse_interconnect -t snax_dual_versacore_int16x4_4lane_postproc_v2_cluster -t snax_dual_versacore_int16x4_4lane_postproc_v2_cluster_xdma -t snax_dual_versacore_swiglu -t snax_test_harness > work-vlt/files
Overriding config file with: cfg/snax_dual_versacore_int16x4_multidim_spatial_k8_8x4_4lane.hjson
LRU config file already points to cfg/snax_dual_versacore_int16x4_multidim_spatial_k8_8x4_4lane.hjson. Nothing to be done.
verilator --Mdir work-vlt/ -f work-vlt/files --timing -Wno-BLKANDNBLK -Wno-LITENDIAN -Wno-CASEINCOMPLETE -Wno-CMPCONST -Wno-WIDTH -Wno-WIDTHCONCAT -Wno-UNSIGNED -Wno-UNOPTFLAT -Wno-fatal +define+SYNTHESIS --unroll-count 1024 --trace -j 36 --cc --build --top-module testharness
%Warning-SHORTREAL: /esat/studscratch/r1015498/Thesis/original_snax/snax_cluster/hw/snitch/src/snitch.sv:2740:71: Unsupported: shortreal being promoted to real (suggest use real instead)
 2740 |         $time, hart_id_i, inst_data_i[31:20], alu_result, alu_result, $bitstoshortreal(alu_result));
      |                                                                       ^~~~~~~~~~~~~~~~
                    ... For warning description see https://verilator.org/warn/SHORTREAL?v=5.034
                    ... Use "/* verilator lint_off SHORTREAL */" and lint_on around source to disable this message.
%Warning-PINMISSING: /esat/studscratch/r1015498/Thesis/original_snax/snax_cluster/.bender/git/checkouts/axi-10c18867bc585e38/src/axi_burst_splitter.sv:529:5: Cell has missing pin: 'full_o'
  529 |   ) i_idq (
      |     ^~~~~
                     /esat/studscratch/r1015498/Thesis/original_snax/snax_cluster/.bender/git/checkouts/common_cells-02aa01ee4a3b2e52/src/id_queue.sv:81:21: ... Location of port declaration
   81 |     output logic    full_o,
      |                     ^~~~~~
%Warning-PINMISSING: /esat/studscratch/r1015498/Thesis/original_snax/snax_cluster/.bender/git/checkouts/axi-10c18867bc585e38/src/axi_burst_splitter.sv:529:5: Cell has missing pin: 'empty_o'
  529 |   ) i_idq (
      |     ^~~~~
                     /esat/studscratch/r1015498/Thesis/original_snax/snax_cluster/.bender/git/checkouts/common_cells-02aa01ee4a3b2e52/src/id_queue.sv:82:21: ... Location of port declaration
   82 |     output logic    empty_o
      |                     ^~~~~~~
%Warning-PINMISSING: /esat/studscratch/r1015498/Thesis/original_snax/snax_cluster/.bender/git/checkouts/axi-10c18867bc585e38/src/axi_dw_downsizer.sv:316:5: Cell has missing pin: 'full_o'
  316 |   ) i_read_id_queue (
      |     ^~~~~~~~~~~~~~~
                     /esat/studscratch/r1015498/Thesis/original_snax/snax_cluster/.bender/git/checkouts/common_cells-02aa01ee4a3b2e52/src/id_queue.sv:81:21: ... Location of port declaration
   81 |     output logic    full_o,
      |                     ^~~~~~
%Warning-PINMISSING: /esat/studscratch/r1015498/Thesis/original_snax/snax_cluster/.bender/git/checkouts/axi-10c18867bc585e38/src/axi_dw_downsizer.sv:316:5: Cell has missing pin: 'empty_o'
  316 |   ) i_read_id_queue (
      |     ^~~~~~~~~~~~~~~
                     /esat/studscratch/r1015498/Thesis/original_snax/snax_cluster/.bender/git/checkouts/common_cells-02aa01ee4a3b2e52/src/id_queue.sv:82:21: ... Location of port declaration
   82 |     output logic    empty_o
      |                     ^~~~~~~
%Warning-PINMISSING: /esat/studscratch/r1015498/Thesis/original_snax/snax_cluster/.bender/git/checkouts/axi-10c18867bc585e38/src/axi_to_mem_interleaved.sv:337:5: Cell has missing pin: 'test_i'
  337 |   ) i_axi_to_mem_interleaved (
      |     ^~~~~~~~~~~~~~~~~~~~~~~~
                     /esat/studscratch/r1015498/Thesis/original_snax/snax_cluster/.bender/git/checkouts/axi-10c18867bc585e38/src/axi_to_mem_interleaved.sv:51:42: ... Location of port declaration
   51 |   input  logic                           test_i,
      |                                          ^~~~~~
%Warning-PINMISSING: /esat/studscratch/r1015498/Thesis/original_snax/snax_cluster/.bender/git/checkouts/axi-10c18867bc585e38/src/axi_to_mem_split.sv:244:5: Cell has missing pin: 'test_i'
  244 |   ) i_axi_to_mem_split (
      |     ^~~~~~~~~~~~~~~~~~
                     /esat/studscratch/r1015498/Thesis/original_snax/snax_cluster/.bender/git/checkouts/axi-10c18867bc585e38/src/axi_to_mem_split.sv:54:44: ... Location of port declaration
   54 |   input  logic                             test_i,
      |                                            ^~~~~~
%Warning-PINMISSING: /esat/studscratch/r1015498/Thesis/original_snax/snax_cluster/.bender/git/checkouts/scm-e009308f0dd3005a/fpga_scm/register_file_1w_multi_port_read.sv:57:13: Cell has missing pin: 'rst_n'
   57 |             bram_cut
      |             ^~~~~~~~
                     /esat/studscratch/r1015498/Thesis/original_snax/snax_cluster/.bender/git/checkouts/scm-e009308f0dd3005a/fpga_scm/register_file_1r_1w_1row.sv:22:55: ... Location of port declaration
   22 |     input   logic                                     rst_n,
      |                                                       ^~~~~
%Warning-PINMISSING: /esat/studscratch/r1015498/Thesis/original_snax/snax_cluster/.bender/git/checkouts/scm-e009308f0dd3005a/fpga_scm/register_file_1w_multi_port_read.sv:82:13: Cell has missing pin: 'rst_n'
   82 |             bram_cut
      |             ^~~~~~~~
                     /esat/studscratch/r1015498/Thesis/original_snax/snax_cluster/.bender/git/checkouts/scm-e009308f0dd3005a/fpga_scm/register_file_1r_1w.sv:23:55: ... Location of port declaration
   23 |     input   logic                                     rst_n,
      |                                                       ^~~~~
%Warning-PINMISSING: /esat/studscratch/r1015498/Thesis/original_snax/snax_cluster/.bender/git/checkouts/cluster_icache-0cf2c89bb71ebd3b/src/snitch_axi_to_cache.sv:439:5: Cell has missing pin: 'full_o'
  439 |   ) i_idq (
      |     ^~~~~
                     /esat/studscratch/r1015498/Thesis/original_snax/snax_cluster/.bender/git/checkouts/common_cells-02aa01ee4a3b2e52/src/id_queue.sv:81:21: ... Location of port declaration
   81 |     output logic    full_o,
      |                     ^~~~~~
%Warning-PINMISSING: /esat/studscratch/r1015498/Thesis/original_snax/snax_cluster/.bender/git/checkouts/cluster_icache-0cf2c89bb71ebd3b/src/snitch_axi_to_cache.sv:439:5: Cell has missing pin: 'empty_o'
  439 |   ) i_idq (
      |     ^~~~~
                     /esat/studscratch/r1015498/Thesis/original_snax/snax_cluster/.bender/git/checkouts/common_cells-02aa01ee4a3b2e52/src/id_queue.sv:82:21: ... Location of port declaration
   82 |     output logic    empty_o
      |                     ^~~~~~~
%Warning-PINMISSING: /esat/studscratch/r1015498/Thesis/original_snax/snax_cluster/hw/snitch_cluster/src/snitch_fpu.sv:105:5: Cell has missing pin: 'hart_id_i'
  105 |   ) i_fpu (
      |     ^~~~~
                     /esat/studscratch/r1015498/Thesis/original_snax/snax_cluster/.bender/git/checkouts/fpnew-4a953b8b22f6345f/src/fpnew_top.sv:35:45: ... Location of port declaration
   35 |   input logic [31:0]                        hart_id_i,
      |                                             ^~~~~~~~~
%Warning-PINMISSING: /esat/studscratch/r1015498/Thesis/original_snax/snax_cluster/hw/snitch_cluster/src/snitch_fpu.sv:105:5: Cell has missing pin: 'simd_mask_i'
  105 |   ) i_fpu (
      |     ^~~~~
                     /esat/studscratch/r1015498/Thesis/original_snax/snax_cluster/.bender/git/checkouts/fpnew-4a953b8b22f6345f/src/fpnew_top.sv:46:45: ... Location of port declaration
   46 |   input MaskType                            simd_mask_i,
      |                                             ^~~~~~~~~~~
%Warning-PINMISSING: /esat/studscratch/r1015498/Thesis/original_snax/snax_cluster/target/snitch_cluster/test/testharness.sv:27:65: Cell has missing pin: 'obs_o'
   27 |   snax_dual_versacore_int16x4_4lane_postproc_v2_cluster_wrapper i_snax_dual_versacore_int16x4_4lane_postproc_v2_cluster (
      |                                                                 ^~~~~~~~~~~~~~~~~~~~~~~~~~~~~~~~~~~~~~~~~~~~~~~~~~~~~~~
                     /esat/studscratch/r1015498/Thesis/original_snax/snax_cluster/target/snitch_cluster/generated/snax_dual_versacore_int16x4_4lane_postproc_v2_cluster_wrapper.sv:295:107: ... Location of port declaration
  295 |   (* false_path *) output logic [snax_dual_versacore_int16x4_4lane_postproc_v2_cluster_pkg::ObsWidth-1:0] obs_o,
      |                                                                                                           ^~~~~
%Warning-PINMISSING: /esat/studscratch/r1015498/Thesis/original_snax/snax_cluster/target/snitch_cluster/test/testharness.sv:27:65: Cell has missing pin: 'csr_req_o'
   27 |   snax_dual_versacore_int16x4_4lane_postproc_v2_cluster_wrapper i_snax_dual_versacore_int16x4_4lane_postproc_v2_cluster (
      |                                                                 ^~~~~~~~~~~~~~~~~~~~~~~~~~~~~~~~~~~~~~~~~~~~~~~~~~~~~~~
                     /esat/studscratch/r1015498/Thesis/original_snax/snax_cluster/target/snitch_cluster/generated/snax_dual_versacore_int16x4_4lane_postproc_v2_cluster_wrapper.sv:315:159: ... Location of port declaration
  315 |   output snax_dual_versacore_int16x4_4lane_postproc_v2_cluster_pkg::csr_req_t  [snax_dual_versacore_int16x4_4lane_postproc_v2_cluster_pkg::NrCores-1:0]       csr_req_o,
      |                                                                                                                                                               ^~~~~~~~~
%Warning-PINMISSING: /esat/studscratch/r1015498/Thesis/original_snax/snax_cluster/target/snitch_cluster/test/testharness.sv:27:65: Cell has missing pin: 'csr_req_valid_o'
   27 |   snax_dual_versacore_int16x4_4lane_postproc_v2_cluster_wrapper i_snax_dual_versacore_int16x4_4lane_postproc_v2_cluster (
      |                                                                 ^~~~~~~~~~~~~~~~~~~~~~~~~~~~~~~~~~~~~~~~~~~~~~~~~~~~~~~
                     /esat/studscratch/r1015498/Thesis/original_snax/snax_cluster/target/snitch_cluster/generated/snax_dual_versacore_int16x4_4lane_postproc_v2_cluster_wrapper.sv:316:120: ... Location of port declaration
  316 |   output logic                          [snax_dual_versacore_int16x4_4lane_postproc_v2_cluster_pkg::NrCores-1:0]       csr_req_valid_o,
      |                                                                                                                        ^~~~~~~~~~~~~~~
%Warning-PINMISSING: /esat/studscratch/r1015498/Thesis/original_snax/snax_cluster/target/snitch_cluster/test/testharness.sv:27:65: Cell has missing pin: 'csr_req_ready_i'
   27 |   snax_dual_versacore_int16x4_4lane_postproc_v2_cluster_wrapper i_snax_dual_versacore_int16x4_4lane_postproc_v2_cluster (
      |                                                                 ^~~~~~~~~~~~~~~~~~~~~~~~~~~~~~~~~~~~~~~~~~~~~~~~~~~~~~~
                     /esat/studscratch/r1015498/Thesis/original_snax/snax_cluster/target/snitch_cluster/generated/snax_dual_versacore_int16x4_4lane_postproc_v2_cluster_wrapper.sv:317:120: ... Location of port declaration
  317 |   input  logic                          [snax_dual_versacore_int16x4_4lane_postproc_v2_cluster_pkg::NrCores-1:0]       csr_req_ready_i,
      |                                                                                                                        ^~~~~~~~~~~~~~~
%Warning-PINMISSING: /esat/studscratch/r1015498/Thesis/original_snax/snax_cluster/target/snitch_cluster/test/testharness.sv:27:65: Cell has missing pin: 'csr_resp_i'
   27 |   snax_dual_versacore_int16x4_4lane_postproc_v2_cluster_wrapper i_snax_dual_versacore_int16x4_4lane_postproc_v2_cluster (
      |                                                                 ^~~~~~~~~~~~~~~~~~~~~~~~~~~~~~~~~~~~~~~~~~~~~~~~~~~~~~~
                     /esat/studscratch/r1015498/Thesis/original_snax/snax_cluster/target/snitch_cluster/generated/snax_dual_versacore_int16x4_4lane_postproc_v2_cluster_wrapper.sv:318:159: ... Location of port declaration
  318 |   input  snax_dual_versacore_int16x4_4lane_postproc_v2_cluster_pkg::csr_rsp_t  [snax_dual_versacore_int16x4_4lane_postproc_v2_cluster_pkg::NrCores-1:0]       csr_resp_i,
      |                                                                                                                                                               ^~~~~~~~~~
%Warning-PINMISSING: /esat/studscratch/r1015498/Thesis/original_snax/snax_cluster/target/snitch_cluster/test/testharness.sv:27:65: Cell has missing pin: 'csr_resp_valid_i'
   27 |   snax_dual_versacore_int16x4_4lane_postproc_v2_cluster_wrapper i_snax_dual_versacore_int16x4_4lane_postproc_v2_cluster (
      |                                                                 ^~~~~~~~~~~~~~~~~~~~~~~~~~~~~~~~~~~~~~~~~~~~~~~~~~~~~~~
                     /esat/studscratch/r1015498/Thesis/original_snax/snax_cluster/target/snitch_cluster/generated/snax_dual_versacore_int16x4_4lane_postproc_v2_cluster_wrapper.sv:319:120: ... Location of port declaration
  319 |   input  logic                          [snax_dual_versacore_int16x4_4lane_postproc_v2_cluster_pkg::NrCores-1:0]       csr_resp_valid_i,
      |                                                                                                                        ^~~~~~~~~~~~~~~~
%Warning-PINMISSING: /esat/studscratch/r1015498/Thesis/original_snax/snax_cluster/target/snitch_cluster/test/testharness.sv:27:65: Cell has missing pin: 'csr_resp_ready_o'
   27 |   snax_dual_versacore_int16x4_4lane_postproc_v2_cluster_wrapper i_snax_dual_versacore_int16x4_4lane_postproc_v2_cluster (
      |                                                                 ^~~~~~~~~~~~~~~~~~~~~~~~~~~~~~~~~~~~~~~~~~~~~~~~~~~~~~~
                     /esat/studscratch/r1015498/Thesis/original_snax/snax_cluster/target/snitch_cluster/generated/snax_dual_versacore_int16x4_4lane_postproc_v2_cluster_wrapper.sv:320:120: ... Location of port declaration
  320 |   output logic                          [snax_dual_versacore_int16x4_4lane_postproc_v2_cluster_pkg::NrCores-1:0]       csr_resp_ready_o,                                              
      |                                                                                                                        ^~~~~~~~~~~~~~~~
%Warning-IMPLICIT: /esat/studscratch/r1015498/Thesis/original_snax/snax_cluster/.bender/git/checkouts/common_cells-02aa01ee4a3b2e52/src/id_queue.sv:193:12: Signal definition not found, creating implicitly: 'empty'
                                                                                                                                                          : ... Suggested alternative: 'empty_o'
  193 |     assign empty = &linked_data_free;
      |            ^~~~~
%Warning-IMPLICIT: /esat/studscratch/r1015498/Thesis/original_snax/snax_cluster/hw/snax_util/src/snax_intf_translator.sv:155:10: Signal definition not found, creating implicitly: 'snax_csr_rsp_ready_o'
                                                                                                                               : ... Suggested alternative: 'snax_csr_rsp_acc_ready_o'
  155 |   assign snax_csr_rsp_ready_o = snax_pready_i && !rsp_fifo_full;
      |          ^~~~~~~~~~~~~~~~~~~~
%Warning-LATCH: /esat/studscratch/r1015498/Thesis/original_snax/snax_cluster/target/common/test/tb_memory_regbus.sv:68:3: Latch inferred for signal 'testharness.i_mem.i_tb_memory_regbus.unnamedblk3.data' (not all control paths of combinational always assign a value)
                                                                                                                        : ... Suggest use of always_latch for intentional latches
   68 |   always_comb begin
      |   ^~~~~~~~~~~
%Warning-LATCH: /esat/studscratch/r1015498/Thesis/original_snax/snax_cluster/target/common/test/tb_memory_regbus.sv:68:3: Latch inferred for signal 'rdata' (not all control paths of combinational always assign a value)
                                                                                                                        : ... Suggest use of always_latch for intentional latches
   68 |   always_comb begin
      |   ^~~~~~~~~~~
%Warning-LATCH: /esat/studscratch/r1015498/Thesis/original_snax/snax_cluster/target/common/test/tb_memory_regbus.sv:68:3: Latch inferred for signal 'testharness.i_dma.i_tb_memory_regbus.unnamedblk3.data' (not all control paths of combinational always assign a value)
                                                                                                                        : ... Suggest use of always_latch for intentional latches
   68 |   always_comb begin
      |   ^~~~~~~~~~~
make[1]: Entering directory '/esat/studscratch/r1015498/Thesis/original_snax/snax_cluster/target/snitch_cluster/work-vlt'
/pixi/.pixi/envs/default/bin/x86_64-conda-linux-gnu-c++ -Os -fvisibility-inlines-hidden -fmessage-length=0 -march=nocona -mtune=haswell -ftree-vectorize -fPIC -fstack-protector-strong -fno-plt -O2 -ffunction-sections -pipe -isystem /pixi/.pixi/envs/default/include -DNDEBUG -D_FORTIFY_SOURCE=2 -O2 -isystem /pixi/.pixi/envs/default/include -I.  -MMD -I/pixi/.pixi/envs/default/share/verilator/include -I/pixi/.pixi/envs/default/share/verilator/include/vltstd -DVM_COVERAGE=0 -DVM_SC=0 -DVM_TIMING=0 -DVM_TRACE=1 -DVM_TRACE_FST=0 -DVM_TRACE_VCD=1 -faligned-new -fcf-protection=none -Wno-bool-operation -Wno-shadow -Wno-sign-compare -Wno-subobject-linkage -Wno-tautological-compare -Wno-uninitialized -Wno-unused-but-set-parameter -Wno-unused-but-set-variable -Wno-unused-parameter -Wno-unused-variable      -x c++-header Vtestharness__pch.h -o Vtestharness__pch.h.fast.gch
/pixi/.pixi/envs/default/bin/x86_64-conda-linux-gnu-c++  -fvisibility-inlines-hidden -fmessage-length=0 -march=nocona -mtune=haswell -ftree-vectorize -fPIC -fstack-protector-strong -fno-plt -O2 -ffunction-sections -pipe -isystem /pixi/.pixi/envs/default/include -DNDEBUG -D_FORTIFY_SOURCE=2 -O2 -isystem /pixi/.pixi/envs/default/include -I.  -MMD -I/pixi/.pixi/envs/default/share/verilator/include -I/pixi/.pixi/envs/default/share/verilator/include/vltstd -DVM_COVERAGE=0 -DVM_SC=0 -DVM_TIMING=0 -DVM_TRACE=1 -DVM_TRACE_FST=0 -DVM_TRACE_VCD=1 -faligned-new -fcf-protection=none -Wno-bool-operation -Wno-shadow -Wno-sign-compare -Wno-subobject-linkage -Wno-tautological-compare -Wno-uninitialized -Wno-unused-but-set-parameter -Wno-unused-but-set-variable -Wno-unused-parameter -Wno-unused-variable      -x c++-header Vtestharness__pch.h -o Vtestharness__pch.h.slow.gch
/pixi/.pixi/envs/default/bin/x86_64-conda-linux-gnu-c++ -Os -fvisibility-inlines-hidden -fmessage-length=0 -march=nocona -mtune=haswell -ftree-vectorize -fPIC -fstack-protector-strong -fno-plt -O2 -ffunction-sections -pipe -isystem /pixi/.pixi/envs/default/include -DNDEBUG -D_FORTIFY_SOURCE=2 -O2 -isystem /pixi/.pixi/envs/default/include -I.  -MMD -I/pixi/.pixi/envs/default/share/verilator/include -I/pixi/.pixi/envs/default/share/verilator/include/vltstd -DVM_COVERAGE=0 -DVM_SC=0 -DVM_TIMING=0 -DVM_TRACE=1 -DVM_TRACE_FST=0 -DVM_TRACE_VCD=1 -faligned-new -fcf-protection=none -Wno-bool-operation -Wno-shadow -Wno-sign-compare -Wno-subobject-linkage -Wno-tautological-compare -Wno-uninitialized -Wno-unused-but-set-parameter -Wno-unused-but-set-variable -Wno-unused-parameter -Wno-unused-variable      -c -o verilated.o /pixi/.pixi/envs/default/share/verilator/include/verilated.cpp
/pixi/.pixi/envs/default/bin/x86_64-conda-linux-gnu-c++ -Os -fvisibility-inlines-hidden -fmessage-length=0 -march=nocona -mtune=haswell -ftree-vectorize -fPIC -fstack-protector-strong -fno-plt -O2 -ffunction-sections -pipe -isystem /pixi/.pixi/envs/default/include -DNDEBUG -D_FORTIFY_SOURCE=2 -O2 -isystem /pixi/.pixi/envs/default/include -I.  -MMD -I/pixi/.pixi/envs/default/share/verilator/include -I/pixi/.pixi/envs/default/share/verilator/include/vltstd -DVM_COVERAGE=0 -DVM_SC=0 -DVM_TIMING=0 -DVM_TRACE=1 -DVM_TRACE_FST=0 -DVM_TRACE_VCD=1 -faligned-new -fcf-protection=none -Wno-bool-operation -Wno-shadow -Wno-sign-compare -Wno-subobject-linkage -Wno-tautological-compare -Wno-uninitialized -Wno-unused-but-set-parameter -Wno-unused-but-set-variable -Wno-unused-parameter -Wno-unused-variable      -c -o verilated_dpi.o /pixi/.pixi/envs/default/share/verilator/include/verilated_dpi.cpp
/pixi/.pixi/envs/default/bin/x86_64-conda-linux-gnu-c++ -Os -fvisibility-inlines-hidden -fmessage-length=0 -march=nocona -mtune=haswell -ftree-vectorize -fPIC -fstack-protector-strong -fno-plt -O2 -ffunction-sections -pipe -isystem /pixi/.pixi/envs/default/include -DNDEBUG -D_FORTIFY_SOURCE=2 -O2 -isystem /pixi/.pixi/envs/default/include -I.  -MMD -I/pixi/.pixi/envs/default/share/verilator/include -I/pixi/.pixi/envs/default/share/verilator/include/vltstd -DVM_COVERAGE=0 -DVM_SC=0 -DVM_TIMING=0 -DVM_TRACE=1 -DVM_TRACE_FST=0 -DVM_TRACE_VCD=1 -faligned-new -fcf-protection=none -Wno-bool-operation -Wno-shadow -Wno-sign-compare -Wno-subobject-linkage -Wno-tautological-compare -Wno-uninitialized -Wno-unused-but-set-parameter -Wno-unused-but-set-variable -Wno-unused-parameter -Wno-unused-variable      -c -o verilated_vcd_c.o /pixi/.pixi/envs/default/share/verilator/include/verilated_vcd_c.cpp
/pixi/.pixi/envs/default/bin/x86_64-conda-linux-gnu-c++ -Os -fvisibility-inlines-hidden -fmessage-length=0 -march=nocona -mtune=haswell -ftree-vectorize -fPIC -fstack-protector-strong -fno-plt -O2 -ffunction-sections -pipe -isystem /pixi/.pixi/envs/default/include -DNDEBUG -D_FORTIFY_SOURCE=2 -O2 -isystem /pixi/.pixi/envs/default/include -I.  -MMD -I/pixi/.pixi/envs/default/share/verilator/include -I/pixi/.pixi/envs/default/share/verilator/include/vltstd -DVM_COVERAGE=0 -DVM_SC=0 -DVM_TIMING=0 -DVM_TRACE=1 -DVM_TRACE_FST=0 -DVM_TRACE_VCD=1 -faligned-new -fcf-protection=none -Wno-bool-operation -Wno-shadow -Wno-sign-compare -Wno-subobject-linkage -Wno-tautological-compare -Wno-uninitialized -Wno-unused-but-set-parameter -Wno-unused-but-set-variable -Wno-unused-parameter -Wno-unused-variable      -c -o verilated_threads.o /pixi/.pixi/envs/default/share/verilator/include/verilated_threads.cpp
echo "" > libverilated.verilator_deplist.tmp
/pixi/.pixi/envs/default/bin/x86_64-conda-linux-gnu-c++ -Os -fvisibility-inlines-hidden -fmessage-length=0 -march=nocona -mtune=haswell -ftree-vectorize -fPIC -fstack-protector-strong -fno-plt -O2 -ffunction-sections -pipe -isystem /pixi/.pixi/envs/default/include -DNDEBUG -D_FORTIFY_SOURCE=2 -O2 -isystem /pixi/.pixi/envs/default/include -I.  -MMD -I/pixi/.pixi/envs/default/share/verilator/include -I/pixi/.pixi/envs/default/share/verilator/include/vltstd -DVM_COVERAGE=0 -DVM_SC=0 -DVM_TIMING=0 -DVM_TRACE=1 -DVM_TRACE_FST=0 -DVM_TRACE_VCD=1 -faligned-new -fcf-protection=none -Wno-bool-operation -Wno-shadow -Wno-sign-compare -Wno-subobject-linkage -Wno-tautological-compare -Wno-uninitialized -Wno-unused-but-set-parameter -Wno-unused-but-set-variable -Wno-unused-parameter -Wno-unused-variable      -include Vtestharness__pch.h.fast -c -o Vtestharness.o Vtestharness.cpp
/pixi/.pixi/envs/default/bin/x86_64-conda-linux-gnu-c++ -Os -fvisibility-inlines-hidden -fmessage-length=0 -march=nocona -mtune=haswell -ftree-vectorize -fPIC -fstack-protector-strong -fno-plt -O2 -ffunction-sections -pipe -isystem /pixi/.pixi/envs/default/include -DNDEBUG -D_FORTIFY_SOURCE=2 -O2 -isystem /pixi/.pixi/envs/default/include -I.  -MMD -I/pixi/.pixi/envs/default/share/verilator/include -I/pixi/.pixi/envs/default/share/verilator/include/vltstd -DVM_COVERAGE=0 -DVM_SC=0 -DVM_TIMING=0 -DVM_TRACE=1 -DVM_TRACE_FST=0 -DVM_TRACE_VCD=1 -faligned-new -fcf-protection=none -Wno-bool-operation -Wno-shadow -Wno-sign-compare -Wno-subobject-linkage -Wno-tautological-compare -Wno-uninitialized -Wno-unused-but-set-parameter -Wno-unused-but-set-variable -Wno-unused-parameter -Wno-unused-variable      -include Vtestharness__pch.h.fast -c -o Vtestharness___024root__DepSet_hbc650c6c__0.o Vtestharness___024root__DepSet_hbc650c6c__0.cpp
/pixi/.pixi/envs/default/bin/x86_64-conda-linux-gnu-c++ -Os -fvisibility-inlines-hidden -fmessage-length=0 -march=nocona -mtune=haswell -ftree-vectorize -fPIC -fstack-protector-strong -fno-plt -O2 -ffunction-sections -pipe -isystem /pixi/.pixi/envs/default/include -DNDEBUG -D_FORTIFY_SOURCE=2 -O2 -isystem /pixi/.pixi/envs/default/include -I.  -MMD -I/pixi/.pixi/envs/default/share/verilator/include -I/pixi/.pixi/envs/default/share/verilator/include/vltstd -DVM_COVERAGE=0 -DVM_SC=0 -DVM_TIMING=0 -DVM_TRACE=1 -DVM_TRACE_FST=0 -DVM_TRACE_VCD=1 -faligned-new -fcf-protection=none -Wno-bool-operation -Wno-shadow -Wno-sign-compare -Wno-subobject-linkage -Wno-tautological-compare -Wno-uninitialized -Wno-unused-but-set-parameter -Wno-unused-but-set-variable -Wno-unused-parameter -Wno-unused-variable      -include Vtestharness__pch.h.fast -c -o Vtestharness___024root__DepSet_hbc650c6c__1.o Vtestharness___024root__DepSet_hbc650c6c__1.cpp
/pixi/.pixi/envs/default/bin/x86_64-conda-linux-gnu-c++ -Os -fvisibility-inlines-hidden -fmessage-length=0 -march=nocona -mtune=haswell -ftree-vectorize -fPIC -fstack-protector-strong -fno-plt -O2 -ffunction-sections -pipe -isystem /pixi/.pixi/envs/default/include -DNDEBUG -D_FORTIFY_SOURCE=2 -O2 -isystem /pixi/.pixi/envs/default/include -I.  -MMD -I/pixi/.pixi/envs/default/share/verilator/include -I/pixi/.pixi/envs/default/share/verilator/include/vltstd -DVM_COVERAGE=0 -DVM_SC=0 -DVM_TIMING=0 -DVM_TRACE=1 -DVM_TRACE_FST=0 -DVM_TRACE_VCD=1 -faligned-new -fcf-protection=none -Wno-bool-operation -Wno-shadow -Wno-sign-compare -Wno-subobject-linkage -Wno-tautological-compare -Wno-uninitialized -Wno-unused-but-set-parameter -Wno-unused-but-set-variable -Wno-unused-parameter -Wno-unused-variable      -include Vtestharness__pch.h.fast -c -o Vtestharness___024root__DepSet_hbc650c6c__2.o Vtestharness___024root__DepSet_hbc650c6c__2.cpp
/pixi/.pixi/envs/default/bin/x86_64-conda-linux-gnu-c++ -Os -fvisibility-inlines-hidden -fmessage-length=0 -march=nocona -mtune=haswell -ftree-vectorize -fPIC -fstack-protector-strong -fno-plt -O2 -ffunction-sections -pipe -isystem /pixi/.pixi/envs/default/include -DNDEBUG -D_FORTIFY_SOURCE=2 -O2 -isystem /pixi/.pixi/envs/default/include -I.  -MMD -I/pixi/.pixi/envs/default/share/verilator/include -I/pixi/.pixi/envs/default/share/verilator/include/vltstd -DVM_COVERAGE=0 -DVM_SC=0 -DVM_TIMING=0 -DVM_TRACE=1 -DVM_TRACE_FST=0 -DVM_TRACE_VCD=1 -faligned-new -fcf-protection=none -Wno-bool-operation -Wno-shadow -Wno-sign-compare -Wno-subobject-linkage -Wno-tautological-compare -Wno-uninitialized -Wno-unused-but-set-parameter -Wno-unused-but-set-variable -Wno-unused-parameter -Wno-unused-variable      -include Vtestharness__pch.h.fast -c -o Vtestharness___024root__DepSet_hbc650c6c__3.o Vtestharness___024root__DepSet_hbc650c6c__3.cpp
/pixi/.pixi/envs/default/bin/x86_64-conda-linux-gnu-c++ -Os -fvisibility-inlines-hidden -fmessage-length=0 -march=nocona -mtune=haswell -ftree-vectorize -fPIC -fstack-protector-strong -fno-plt -O2 -ffunction-sections -pipe -isystem /pixi/.pixi/envs/default/include -DNDEBUG -D_FORTIFY_SOURCE=2 -O2 -isystem /pixi/.pixi/envs/default/include -I.  -MMD -I/pixi/.pixi/envs/default/share/verilator/include -I/pixi/.pixi/envs/default/share/verilator/include/vltstd -DVM_COVERAGE=0 -DVM_SC=0 -DVM_TIMING=0 -DVM_TRACE=1 -DVM_TRACE_FST=0 -DVM_TRACE_VCD=1 -faligned-new -fcf-protection=none -Wno-bool-operation -Wno-shadow -Wno-sign-compare -Wno-subobject-linkage -Wno-tautological-compare -Wno-uninitialized -Wno-unused-but-set-parameter -Wno-unused-but-set-variable -Wno-unused-parameter -Wno-unused-variable      -include Vtestharness__pch.h.fast -c -o Vtestharness___024root__DepSet_hbc650c6c__4.o Vtestharness___024root__DepSet_hbc650c6c__4.cpp
/pixi/.pixi/envs/default/bin/x86_64-conda-linux-gnu-c++ -Os -fvisibility-inlines-hidden -fmessage-length=0 -march=nocona -mtune=haswell -ftree-vectorize -fPIC -fstack-protector-strong -fno-plt -O2 -ffunction-sections -pipe -isystem /pixi/.pixi/envs/default/include -DNDEBUG -D_FORTIFY_SOURCE=2 -O2 -isystem /pixi/.pixi/envs/default/include -I.  -MMD -I/pixi/.pixi/envs/default/share/verilator/include -I/pixi/.pixi/envs/default/share/verilator/include/vltstd -DVM_COVERAGE=0 -DVM_SC=0 -DVM_TIMING=0 -DVM_TRACE=1 -DVM_TRACE_FST=0 -DVM_TRACE_VCD=1 -faligned-new -fcf-protection=none -Wno-bool-operation -Wno-shadow -Wno-sign-compare -Wno-subobject-linkage -Wno-tautological-compare -Wno-uninitialized -Wno-unused-but-set-parameter -Wno-unused-but-set-variable -Wno-unused-parameter -Wno-unused-variable      -include Vtestharness__pch.h.fast -c -o Vtestharness___024root__DepSet_hbc650c6c__5.o Vtestharness___024root__DepSet_hbc650c6c__5.cpp
/pixi/.pixi/envs/default/bin/x86_64-conda-linux-gnu-c++ -Os -fvisibility-inlines-hidden -fmessage-length=0 -march=nocona -mtune=haswell -ftree-vectorize -fPIC -fstack-protector-strong -fno-plt -O2 -ffunction-sections -pipe -isystem /pixi/.pixi/envs/default/include -DNDEBUG -D_FORTIFY_SOURCE=2 -O2 -isystem /pixi/.pixi/envs/default/include -I.  -MMD -I/pixi/.pixi/envs/default/share/verilator/include -I/pixi/.pixi/envs/default/share/verilator/include/vltstd -DVM_COVERAGE=0 -DVM_SC=0 -DVM_TIMING=0 -DVM_TRACE=1 -DVM_TRACE_FST=0 -DVM_TRACE_VCD=1 -faligned-new -fcf-protection=none -Wno-bool-operation -Wno-shadow -Wno-sign-compare -Wno-subobject-linkage -Wno-tautological-compare -Wno-uninitialized -Wno-unused-but-set-parameter -Wno-unused-but-set-variable -Wno-unused-parameter -Wno-unused-variable      -include Vtestharness__pch.h.fast -c -o Vtestharness___024root__DepSet_hbc650c6c__6.o Vtestharness___024root__DepSet_hbc650c6c__6.cpp
/pixi/.pixi/envs/default/bin/x86_64-conda-linux-gnu-c++ -Os -fvisibility-inlines-hidden -fmessage-length=0 -march=nocona -mtune=haswell -ftree-vectorize -fPIC -fstack-protector-strong -fno-plt -O2 -ffunction-sections -pipe -isystem /pixi/.pixi/envs/default/include -DNDEBUG -D_FORTIFY_SOURCE=2 -O2 -isystem /pixi/.pixi/envs/default/include -I.  -MMD -I/pixi/.pixi/envs/default/share/verilator/include -I/pixi/.pixi/envs/default/share/verilator/include/vltstd -DVM_COVERAGE=0 -DVM_SC=0 -DVM_TIMING=0 -DVM_TRACE=1 -DVM_TRACE_FST=0 -DVM_TRACE_VCD=1 -faligned-new -fcf-protection=none -Wno-bool-operation -Wno-shadow -Wno-sign-compare -Wno-subobject-linkage -Wno-tautological-compare -Wno-uninitialized -Wno-unused-but-set-parameter -Wno-unused-but-set-variable -Wno-unused-parameter -Wno-unused-variable      -include Vtestharness__pch.h.fast -c -o Vtestharness___024root__DepSet_hbc650c6c__7.o Vtestharness___024root__DepSet_hbc650c6c__7.cpp
/pixi/.pixi/envs/default/bin/x86_64-conda-linux-gnu-c++ -Os -fvisibility-inlines-hidden -fmessage-length=0 -march=nocona -mtune=haswell -ftree-vectorize -fPIC -fstack-protector-strong -fno-plt -O2 -ffunction-sections -pipe -isystem /pixi/.pixi/envs/default/include -DNDEBUG -D_FORTIFY_SOURCE=2 -O2 -isystem /pixi/.pixi/envs/default/include -I.  -MMD -I/pixi/.pixi/envs/default/share/verilator/include -I/pixi/.pixi/envs/default/share/verilator/include/vltstd -DVM_COVERAGE=0 -DVM_SC=0 -DVM_TIMING=0 -DVM_TRACE=1 -DVM_TRACE_FST=0 -DVM_TRACE_VCD=1 -faligned-new -fcf-protection=none -Wno-bool-operation -Wno-shadow -Wno-sign-compare -Wno-subobject-linkage -Wno-tautological-compare -Wno-uninitialized -Wno-unused-but-set-parameter -Wno-unused-but-set-variable -Wno-unused-parameter -Wno-unused-variable      -include Vtestharness__pch.h.fast -c -o Vtestharness___024root__DepSet_hbc650c6c__8.o Vtestharness___024root__DepSet_hbc650c6c__8.cpp
/pixi/.pixi/envs/default/bin/x86_64-conda-linux-gnu-c++ -Os -fvisibility-inlines-hidden -fmessage-length=0 -march=nocona -mtune=haswell -ftree-vectorize -fPIC -fstack-protector-strong -fno-plt -O2 -ffunction-sections -pipe -isystem /pixi/.pixi/envs/default/include -DNDEBUG -D_FORTIFY_SOURCE=2 -O2 -isystem /pixi/.pixi/envs/default/include -I.  -MMD -I/pixi/.pixi/envs/default/share/verilator/include -I/pixi/.pixi/envs/default/share/verilator/include/vltstd -DVM_COVERAGE=0 -DVM_SC=0 -DVM_TIMING=0 -DVM_TRACE=1 -DVM_TRACE_FST=0 -DVM_TRACE_VCD=1 -faligned-new -fcf-protection=none -Wno-bool-operation -Wno-shadow -Wno-sign-compare -Wno-subobject-linkage -Wno-tautological-compare -Wno-uninitialized -Wno-unused-but-set-parameter -Wno-unused-but-set-variable -Wno-unused-parameter -Wno-unused-variable      -include Vtestharness__pch.h.fast -c -o Vtestharness___024root__DepSet_hbc650c6c__9.o Vtestharness___024root__DepSet_hbc650c6c__9.cpp
/pixi/.pixi/envs/default/bin/x86_64-conda-linux-gnu-c++ -Os -fvisibility-inlines-hidden -fmessage-length=0 -march=nocona -mtune=haswell -ftree-vectorize -fPIC -fstack-protector-strong -fno-plt -O2 -ffunction-sections -pipe -isystem /pixi/.pixi/envs/default/include -DNDEBUG -D_FORTIFY_SOURCE=2 -O2 -isystem /pixi/.pixi/envs/default/include -I.  -MMD -I/pixi/.pixi/envs/default/share/verilator/include -I/pixi/.pixi/envs/default/share/verilator/include/vltstd -DVM_COVERAGE=0 -DVM_SC=0 -DVM_TIMING=0 -DVM_TRACE=1 -DVM_TRACE_FST=0 -DVM_TRACE_VCD=1 -faligned-new -fcf-protection=none -Wno-bool-operation -Wno-shadow -Wno-sign-compare -Wno-subobject-linkage -Wno-tautological-compare -Wno-uninitialized -Wno-unused-but-set-parameter -Wno-unused-but-set-variable -Wno-unused-parameter -Wno-unused-variable      -include Vtestharness__pch.h.fast -c -o Vtestharness___024root__DepSet_hbc650c6c__10.o Vtestharness___024root__DepSet_hbc650c6c__10.cpp
/pixi/.pixi/envs/default/bin/x86_64-conda-linux-gnu-c++ -Os -fvisibility-inlines-hidden -fmessage-length=0 -march=nocona -mtune=haswell -ftree-vectorize -fPIC -fstack-protector-strong -fno-plt -O2 -ffunction-sections -pipe -isystem /pixi/.pixi/envs/default/include -DNDEBUG -D_FORTIFY_SOURCE=2 -O2 -isystem /pixi/.pixi/envs/default/include -I.  -MMD -I/pixi/.pixi/envs/default/share/verilator/include -I/pixi/.pixi/envs/default/share/verilator/include/vltstd -DVM_COVERAGE=0 -DVM_SC=0 -DVM_TIMING=0 -DVM_TRACE=1 -DVM_TRACE_FST=0 -DVM_TRACE_VCD=1 -faligned-new -fcf-protection=none -Wno-bool-operation -Wno-shadow -Wno-sign-compare -Wno-subobject-linkage -Wno-tautological-compare -Wno-uninitialized -Wno-unused-but-set-parameter -Wno-unused-but-set-variable -Wno-unused-parameter -Wno-unused-variable      -include Vtestharness__pch.h.fast -c -o Vtestharness___024root__DepSet_hbc650c6c__11.o Vtestharness___024root__DepSet_hbc650c6c__11.cpp
/pixi/.pixi/envs/default/bin/x86_64-conda-linux-gnu-c++ -Os -fvisibility-inlines-hidden -fmessage-length=0 -march=nocona -mtune=haswell -ftree-vectorize -fPIC -fstack-protector-strong -fno-plt -O2 -ffunction-sections -pipe -isystem /pixi/.pixi/envs/default/include -DNDEBUG -D_FORTIFY_SOURCE=2 -O2 -isystem /pixi/.pixi/envs/default/include -I.  -MMD -I/pixi/.pixi/envs/default/share/verilator/include -I/pixi/.pixi/envs/default/share/verilator/include/vltstd -DVM_COVERAGE=0 -DVM_SC=0 -DVM_TIMING=0 -DVM_TRACE=1 -DVM_TRACE_FST=0 -DVM_TRACE_VCD=1 -faligned-new -fcf-protection=none -Wno-bool-operation -Wno-shadow -Wno-sign-compare -Wno-subobject-linkage -Wno-tautological-compare -Wno-uninitialized -Wno-unused-but-set-parameter -Wno-unused-but-set-variable -Wno-unused-parameter -Wno-unused-variable      -include Vtestharness__pch.h.fast -c -o Vtestharness___024root__DepSet_hbc650c6c__12.o Vtestharness___024root__DepSet_hbc650c6c__12.cpp
/pixi/.pixi/envs/default/bin/x86_64-conda-linux-gnu-c++ -Os -fvisibility-inlines-hidden -fmessage-length=0 -march=nocona -mtune=haswell -ftree-vectorize -fPIC -fstack-protector-strong -fno-plt -O2 -ffunction-sections -pipe -isystem /pixi/.pixi/envs/default/include -DNDEBUG -D_FORTIFY_SOURCE=2 -O2 -isystem /pixi/.pixi/envs/default/include -I.  -MMD -I/pixi/.pixi/envs/default/share/verilator/include -I/pixi/.pixi/envs/default/share/verilator/include/vltstd -DVM_COVERAGE=0 -DVM_SC=0 -DVM_TIMING=0 -DVM_TRACE=1 -DVM_TRACE_FST=0 -DVM_TRACE_VCD=1 -faligned-new -fcf-protection=none -Wno-bool-operation -Wno-shadow -Wno-sign-compare -Wno-subobject-linkage -Wno-tautological-compare -Wno-uninitialized -Wno-unused-but-set-parameter -Wno-unused-but-set-variable -Wno-unused-parameter -Wno-unused-variable      -include Vtestharness__pch.h.fast -c -o Vtestharness___024root__DepSet_h3e9cff1f__0.o Vtestharness___024root__DepSet_h3e9cff1f__0.cpp
/pixi/.pixi/envs/default/bin/x86_64-conda-linux-gnu-c++ -Os -fvisibility-inlines-hidden -fmessage-length=0 -march=nocona -mtune=haswell -ftree-vectorize -fPIC -fstack-protector-strong -fno-plt -O2 -ffunction-sections -pipe -isystem /pixi/.pixi/envs/default/include -DNDEBUG -D_FORTIFY_SOURCE=2 -O2 -isystem /pixi/.pixi/envs/default/include -I.  -MMD -I/pixi/.pixi/envs/default/share/verilator/include -I/pixi/.pixi/envs/default/share/verilator/include/vltstd -DVM_COVERAGE=0 -DVM_SC=0 -DVM_TIMING=0 -DVM_TRACE=1 -DVM_TRACE_FST=0 -DVM_TRACE_VCD=1 -faligned-new -fcf-protection=none -Wno-bool-operation -Wno-shadow -Wno-sign-compare -Wno-subobject-linkage -Wno-tautological-compare -Wno-uninitialized -Wno-unused-but-set-parameter -Wno-unused-but-set-variable -Wno-unused-parameter -Wno-unused-variable      -include Vtestharness__pch.h.fast -c -o Vtestharness___024root__DepSet_h3e9cff1f__1.o Vtestharness___024root__DepSet_h3e9cff1f__1.cpp
/pixi/.pixi/envs/default/bin/x86_64-conda-linux-gnu-c++ -Os -fvisibility-inlines-hidden -fmessage-length=0 -march=nocona -mtune=haswell -ftree-vectorize -fPIC -fstack-protector-strong -fno-plt -O2 -ffunction-sections -pipe -isystem /pixi/.pixi/envs/default/include -DNDEBUG -D_FORTIFY_SOURCE=2 -O2 -isystem /pixi/.pixi/envs/default/include -I.  -MMD -I/pixi/.pixi/envs/default/share/verilator/include -I/pixi/.pixi/envs/default/share/verilator/include/vltstd -DVM_COVERAGE=0 -DVM_SC=0 -DVM_TIMING=0 -DVM_TRACE=1 -DVM_TRACE_FST=0 -DVM_TRACE_VCD=1 -faligned-new -fcf-protection=none -Wno-bool-operation -Wno-shadow -Wno-sign-compare -Wno-subobject-linkage -Wno-tautological-compare -Wno-uninitialized -Wno-unused-but-set-parameter -Wno-unused-but-set-variable -Wno-unused-parameter -Wno-unused-variable      -include Vtestharness__pch.h.fast -c -o Vtestharness___024root__DepSet_h3e9cff1f__2.o Vtestharness___024root__DepSet_h3e9cff1f__2.cpp
/pixi/.pixi/envs/default/bin/x86_64-conda-linux-gnu-c++ -Os -fvisibility-inlines-hidden -fmessage-length=0 -march=nocona -mtune=haswell -ftree-vectorize -fPIC -fstack-protector-strong -fno-plt -O2 -ffunction-sections -pipe -isystem /pixi/.pixi/envs/default/include -DNDEBUG -D_FORTIFY_SOURCE=2 -O2 -isystem /pixi/.pixi/envs/default/include -I.  -MMD -I/pixi/.pixi/envs/default/share/verilator/include -I/pixi/.pixi/envs/default/share/verilator/include/vltstd -DVM_COVERAGE=0 -DVM_SC=0 -DVM_TIMING=0 -DVM_TRACE=1 -DVM_TRACE_FST=0 -DVM_TRACE_VCD=1 -faligned-new -fcf-protection=none -Wno-bool-operation -Wno-shadow -Wno-sign-compare -Wno-subobject-linkage -Wno-tautological-compare -Wno-uninitialized -Wno-unused-but-set-parameter -Wno-unused-but-set-variable -Wno-unused-parameter -Wno-unused-variable      -include Vtestharness__pch.h.fast -c -o Vtestharness___024root__DepSet_h3e9cff1f__3.o Vtestharness___024root__DepSet_h3e9cff1f__3.cpp
/pixi/.pixi/envs/default/bin/x86_64-conda-linux-gnu-c++ -Os -fvisibility-inlines-hidden -fmessage-length=0 -march=nocona -mtune=haswell -ftree-vectorize -fPIC -fstack-protector-strong -fno-plt -O2 -ffunction-sections -pipe -isystem /pixi/.pixi/envs/default/include -DNDEBUG -D_FORTIFY_SOURCE=2 -O2 -isystem /pixi/.pixi/envs/default/include -I.  -MMD -I/pixi/.pixi/envs/default/share/verilator/include -I/pixi/.pixi/envs/default/share/verilator/include/vltstd -DVM_COVERAGE=0 -DVM_SC=0 -DVM_TIMING=0 -DVM_TRACE=1 -DVM_TRACE_FST=0 -DVM_TRACE_VCD=1 -faligned-new -fcf-protection=none -Wno-bool-operation -Wno-shadow -Wno-sign-compare -Wno-subobject-linkage -Wno-tautological-compare -Wno-uninitialized -Wno-unused-but-set-parameter -Wno-unused-but-set-variable -Wno-unused-parameter -Wno-unused-variable      -include Vtestharness__pch.h.fast -c -o Vtestharness___024root__DepSet_h3e9cff1f__4.o Vtestharness___024root__DepSet_h3e9cff1f__4.cpp
/pixi/.pixi/envs/default/bin/x86_64-conda-linux-gnu-c++ -Os -fvisibility-inlines-hidden -fmessage-length=0 -march=nocona -mtune=haswell -ftree-vectorize -fPIC -fstack-protector-strong -fno-plt -O2 -ffunction-sections -pipe -isystem /pixi/.pixi/envs/default/include -DNDEBUG -D_FORTIFY_SOURCE=2 -O2 -isystem /pixi/.pixi/envs/default/include -I.  -MMD -I/pixi/.pixi/envs/default/share/verilator/include -I/pixi/.pixi/envs/default/share/verilator/include/vltstd -DVM_COVERAGE=0 -DVM_SC=0 -DVM_TIMING=0 -DVM_TRACE=1 -DVM_TRACE_FST=0 -DVM_TRACE_VCD=1 -faligned-new -fcf-protection=none -Wno-bool-operation -Wno-shadow -Wno-sign-compare -Wno-subobject-linkage -Wno-tautological-compare -Wno-uninitialized -Wno-unused-but-set-parameter -Wno-unused-but-set-variable -Wno-unused-parameter -Wno-unused-variable      -include Vtestharness__pch.h.fast -c -o Vtestharness___024root__DepSet_h3e9cff1f__5.o Vtestharness___024root__DepSet_h3e9cff1f__5.cpp
/pixi/.pixi/envs/default/bin/x86_64-conda-linux-gnu-c++ -Os -fvisibility-inlines-hidden -fmessage-length=0 -march=nocona -mtune=haswell -ftree-vectorize -fPIC -fstack-protector-strong -fno-plt -O2 -ffunction-sections -pipe -isystem /pixi/.pixi/envs/default/include -DNDEBUG -D_FORTIFY_SOURCE=2 -O2 -isystem /pixi/.pixi/envs/default/include -I.  -MMD -I/pixi/.pixi/envs/default/share/verilator/include -I/pixi/.pixi/envs/default/share/verilator/include/vltstd -DVM_COVERAGE=0 -DVM_SC=0 -DVM_TIMING=0 -DVM_TRACE=1 -DVM_TRACE_FST=0 -DVM_TRACE_VCD=1 -faligned-new -fcf-protection=none -Wno-bool-operation -Wno-shadow -Wno-sign-compare -Wno-subobject-linkage -Wno-tautological-compare -Wno-uninitialized -Wno-unused-but-set-parameter -Wno-unused-but-set-variable -Wno-unused-parameter -Wno-unused-variable      -include Vtestharness__pch.h.fast -c -o Vtestharness___024root__DepSet_h3e9cff1f__6.o Vtestharness___024root__DepSet_h3e9cff1f__6.cpp
/pixi/.pixi/envs/default/bin/x86_64-conda-linux-gnu-c++ -Os -fvisibility-inlines-hidden -fmessage-length=0 -march=nocona -mtune=haswell -ftree-vectorize -fPIC -fstack-protector-strong -fno-plt -O2 -ffunction-sections -pipe -isystem /pixi/.pixi/envs/default/include -DNDEBUG -D_FORTIFY_SOURCE=2 -O2 -isystem /pixi/.pixi/envs/default/include -I.  -MMD -I/pixi/.pixi/envs/default/share/verilator/include -I/pixi/.pixi/envs/default/share/verilator/include/vltstd -DVM_COVERAGE=0 -DVM_SC=0 -DVM_TIMING=0 -DVM_TRACE=1 -DVM_TRACE_FST=0 -DVM_TRACE_VCD=1 -faligned-new -fcf-protection=none -Wno-bool-operation -Wno-shadow -Wno-sign-compare -Wno-subobject-linkage -Wno-tautological-compare -Wno-uninitialized -Wno-unused-but-set-parameter -Wno-unused-but-set-variable -Wno-unused-parameter -Wno-unused-variable      -include Vtestharness__pch.h.fast -c -o Vtestharness___024root__DepSet_h3e9cff1f__7.o Vtestharness___024root__DepSet_h3e9cff1f__7.cpp
/pixi/.pixi/envs/default/bin/x86_64-conda-linux-gnu-c++ -Os -fvisibility-inlines-hidden -fmessage-length=0 -march=nocona -mtune=haswell -ftree-vectorize -fPIC -fstack-protector-strong -fno-plt -O2 -ffunction-sections -pipe -isystem /pixi/.pixi/envs/default/include -DNDEBUG -D_FORTIFY_SOURCE=2 -O2 -isystem /pixi/.pixi/envs/default/include -I.  -MMD -I/pixi/.pixi/envs/default/share/verilator/include -I/pixi/.pixi/envs/default/share/verilator/include/vltstd -DVM_COVERAGE=0 -DVM_SC=0 -DVM_TIMING=0 -DVM_TRACE=1 -DVM_TRACE_FST=0 -DVM_TRACE_VCD=1 -faligned-new -fcf-protection=none -Wno-bool-operation -Wno-shadow -Wno-sign-compare -Wno-subobject-linkage -Wno-tautological-compare -Wno-uninitialized -Wno-unused-but-set-parameter -Wno-unused-but-set-variable -Wno-unused-parameter -Wno-unused-variable      -include Vtestharness__pch.h.fast -c -o Vtestharness___024root__DepSet_h3e9cff1f__8.o Vtestharness___024root__DepSet_h3e9cff1f__8.cpp
/pixi/.pixi/envs/default/bin/x86_64-conda-linux-gnu-c++ -Os -fvisibility-inlines-hidden -fmessage-length=0 -march=nocona -mtune=haswell -ftree-vectorize -fPIC -fstack-protector-strong -fno-plt -O2 -ffunction-sections -pipe -isystem /pixi/.pixi/envs/default/include -DNDEBUG -D_FORTIFY_SOURCE=2 -O2 -isystem /pixi/.pixi/envs/default/include -I.  -MMD -I/pixi/.pixi/envs/default/share/verilator/include -I/pixi/.pixi/envs/default/share/verilator/include/vltstd -DVM_COVERAGE=0 -DVM_SC=0 -DVM_TIMING=0 -DVM_TRACE=1 -DVM_TRACE_FST=0 -DVM_TRACE_VCD=1 -faligned-new -fcf-protection=none -Wno-bool-operation -Wno-shadow -Wno-sign-compare -Wno-subobject-linkage -Wno-tautological-compare -Wno-uninitialized -Wno-unused-but-set-parameter -Wno-unused-but-set-variable -Wno-unused-parameter -Wno-unused-variable      -include Vtestharness__pch.h.fast -c -o Vtestharness___024root__DepSet_h3e9cff1f__9.o Vtestharness___024root__DepSet_h3e9cff1f__9.cpp
/pixi/.pixi/envs/default/bin/x86_64-conda-linux-gnu-c++ -Os -fvisibility-inlines-hidden -fmessage-length=0 -march=nocona -mtune=haswell -ftree-vectorize -fPIC -fstack-protector-strong -fno-plt -O2 -ffunction-sections -pipe -isystem /pixi/.pixi/envs/default/include -DNDEBUG -D_FORTIFY_SOURCE=2 -O2 -isystem /pixi/.pixi/envs/default/include -I.  -MMD -I/pixi/.pixi/envs/default/share/verilator/include -I/pixi/.pixi/envs/default/share/verilator/include/vltstd -DVM_COVERAGE=0 -DVM_SC=0 -DVM_TIMING=0 -DVM_TRACE=1 -DVM_TRACE_FST=0 -DVM_TRACE_VCD=1 -faligned-new -fcf-protection=none -Wno-bool-operation -Wno-shadow -Wno-sign-compare -Wno-subobject-linkage -Wno-tautological-compare -Wno-uninitialized -Wno-unused-but-set-parameter -Wno-unused-but-set-variable -Wno-unused-parameter -Wno-unused-variable      -include Vtestharness__pch.h.fast -c -o Vtestharness___024root__DepSet_h3e9cff1f__10.o Vtestharness___024root__DepSet_h3e9cff1f__10.cpp
/pixi/.pixi/envs/default/bin/x86_64-conda-linux-gnu-c++ -Os -fvisibility-inlines-hidden -fmessage-length=0 -march=nocona -mtune=haswell -ftree-vectorize -fPIC -fstack-protector-strong -fno-plt -O2 -ffunction-sections -pipe -isystem /pixi/.pixi/envs/default/include -DNDEBUG -D_FORTIFY_SOURCE=2 -O2 -isystem /pixi/.pixi/envs/default/include -I.  -MMD -I/pixi/.pixi/envs/default/share/verilator/include -I/pixi/.pixi/envs/default/share/verilator/include/vltstd -DVM_COVERAGE=0 -DVM_SC=0 -DVM_TIMING=0 -DVM_TRACE=1 -DVM_TRACE_FST=0 -DVM_TRACE_VCD=1 -faligned-new -fcf-protection=none -Wno-bool-operation -Wno-shadow -Wno-sign-compare -Wno-subobject-linkage -Wno-tautological-compare -Wno-uninitialized -Wno-unused-but-set-parameter -Wno-unused-but-set-variable -Wno-unused-parameter -Wno-unused-variable      -include Vtestharness__pch.h.fast -c -o Vtestharness___024root__DepSet_h3e9cff1f__11.o Vtestharness___024root__DepSet_h3e9cff1f__11.cpp
/pixi/.pixi/envs/default/bin/x86_64-conda-linux-gnu-c++ -Os -fvisibility-inlines-hidden -fmessage-length=0 -march=nocona -mtune=haswell -ftree-vectorize -fPIC -fstack-protector-strong -fno-plt -O2 -ffunction-sections -pipe -isystem /pixi/.pixi/envs/default/include -DNDEBUG -D_FORTIFY_SOURCE=2 -O2 -isystem /pixi/.pixi/envs/default/include -I.  -MMD -I/pixi/.pixi/envs/default/share/verilator/include -I/pixi/.pixi/envs/default/share/verilator/include/vltstd -DVM_COVERAGE=0 -DVM_SC=0 -DVM_TIMING=0 -DVM_TRACE=1 -DVM_TRACE_FST=0 -DVM_TRACE_VCD=1 -faligned-new -fcf-protection=none -Wno-bool-operation -Wno-shadow -Wno-sign-compare -Wno-subobject-linkage -Wno-tautological-compare -Wno-uninitialized -Wno-unused-but-set-parameter -Wno-unused-but-set-variable -Wno-unused-parameter -Wno-unused-variable      -include Vtestharness__pch.h.fast -c -o Vtestharness___024root__DepSet_h3e9cff1f__12.o Vtestharness___024root__DepSet_h3e9cff1f__12.cpp
/pixi/.pixi/envs/default/bin/x86_64-conda-linux-gnu-c++ -Os -fvisibility-inlines-hidden -fmessage-length=0 -march=nocona -mtune=haswell -ftree-vectorize -fPIC -fstack-protector-strong -fno-plt -O2 -ffunction-sections -pipe -isystem /pixi/.pixi/envs/default/include -DNDEBUG -D_FORTIFY_SOURCE=2 -O2 -isystem /pixi/.pixi/envs/default/include -I.  -MMD -I/pixi/.pixi/envs/default/share/verilator/include -I/pixi/.pixi/envs/default/share/verilator/include/vltstd -DVM_COVERAGE=0 -DVM_SC=0 -DVM_TIMING=0 -DVM_TRACE=1 -DVM_TRACE_FST=0 -DVM_TRACE_VCD=1 -faligned-new -fcf-protection=none -Wno-bool-operation -Wno-shadow -Wno-sign-compare -Wno-subobject-linkage -Wno-tautological-compare -Wno-uninitialized -Wno-unused-but-set-parameter -Wno-unused-but-set-variable -Wno-unused-parameter -Wno-unused-variable      -include Vtestharness__pch.h.fast -c -o Vtestharness___024root__DepSet_h3e9cff1f__13.o Vtestharness___024root__DepSet_h3e9cff1f__13.cpp
/pixi/.pixi/envs/default/bin/x86_64-conda-linux-gnu-c++ -Os -fvisibility-inlines-hidden -fmessage-length=0 -march=nocona -mtune=haswell -ftree-vectorize -fPIC -fstack-protector-strong -fno-plt -O2 -ffunction-sections -pipe -isystem /pixi/.pixi/envs/default/include -DNDEBUG -D_FORTIFY_SOURCE=2 -O2 -isystem /pixi/.pixi/envs/default/include -I.  -MMD -I/pixi/.pixi/envs/default/share/verilator/include -I/pixi/.pixi/envs/default/share/verilator/include/vltstd -DVM_COVERAGE=0 -DVM_SC=0 -DVM_TIMING=0 -DVM_TRACE=1 -DVM_TRACE_FST=0 -DVM_TRACE_VCD=1 -faligned-new -fcf-protection=none -Wno-bool-operation -Wno-shadow -Wno-sign-compare -Wno-subobject-linkage -Wno-tautological-compare -Wno-uninitialized -Wno-unused-but-set-parameter -Wno-unused-but-set-variable -Wno-unused-parameter -Wno-unused-variable      -include Vtestharness__pch.h.fast -c -o Vtestharness___024root__DepSet_h3e9cff1f__14.o Vtestharness___024root__DepSet_h3e9cff1f__14.cpp
/pixi/.pixi/envs/default/bin/x86_64-conda-linux-gnu-c++ -Os -fvisibility-inlines-hidden -fmessage-length=0 -march=nocona -mtune=haswell -ftree-vectorize -fPIC -fstack-protector-strong -fno-plt -O2 -ffunction-sections -pipe -isystem /pixi/.pixi/envs/default/include -DNDEBUG -D_FORTIFY_SOURCE=2 -O2 -isystem /pixi/.pixi/envs/default/include -I.  -MMD -I/pixi/.pixi/envs/default/share/verilator/include -I/pixi/.pixi/envs/default/share/verilator/include/vltstd -DVM_COVERAGE=0 -DVM_SC=0 -DVM_TIMING=0 -DVM_TRACE=1 -DVM_TRACE_FST=0 -DVM_TRACE_VCD=1 -faligned-new -fcf-protection=none -Wno-bool-operation -Wno-shadow -Wno-sign-compare -Wno-subobject-linkage -Wno-tautological-compare -Wno-uninitialized -Wno-unused-but-set-parameter -Wno-unused-but-set-variable -Wno-unused-parameter -Wno-unused-variable      -include Vtestharness__pch.h.fast -c -o Vtestharness___024root__DepSet_h3e9cff1f__15.o Vtestharness___024root__DepSet_h3e9cff1f__15.cpp
/pixi/.pixi/envs/default/bin/x86_64-conda-linux-gnu-c++ -Os -fvisibility-inlines-hidden -fmessage-length=0 -march=nocona -mtune=haswell -ftree-vectorize -fPIC -fstack-protector-strong -fno-plt -O2 -ffunction-sections -pipe -isystem /pixi/.pixi/envs/default/include -DNDEBUG -D_FORTIFY_SOURCE=2 -O2 -isystem /pixi/.pixi/envs/default/include -I.  -MMD -I/pixi/.pixi/envs/default/share/verilator/include -I/pixi/.pixi/envs/default/share/verilator/include/vltstd -DVM_COVERAGE=0 -DVM_SC=0 -DVM_TIMING=0 -DVM_TRACE=1 -DVM_TRACE_FST=0 -DVM_TRACE_VCD=1 -faligned-new -fcf-protection=none -Wno-bool-operation -Wno-shadow -Wno-sign-compare -Wno-subobject-linkage -Wno-tautological-compare -Wno-uninitialized -Wno-unused-but-set-parameter -Wno-unused-but-set-variable -Wno-unused-parameter -Wno-unused-variable      -include Vtestharness__pch.h.fast -c -o Vtestharness___024root__DepSet_h3e9cff1f__16.o Vtestharness___024root__DepSet_h3e9cff1f__16.cpp
/pixi/.pixi/envs/default/bin/x86_64-conda-linux-gnu-c++ -Os -fvisibility-inlines-hidden -fmessage-length=0 -march=nocona -mtune=haswell -ftree-vectorize -fPIC -fstack-protector-strong -fno-plt -O2 -ffunction-sections -pipe -isystem /pixi/.pixi/envs/default/include -DNDEBUG -D_FORTIFY_SOURCE=2 -O2 -isystem /pixi/.pixi/envs/default/include -I.  -MMD -I/pixi/.pixi/envs/default/share/verilator/include -I/pixi/.pixi/envs/default/share/verilator/include/vltstd -DVM_COVERAGE=0 -DVM_SC=0 -DVM_TIMING=0 -DVM_TRACE=1 -DVM_TRACE_FST=0 -DVM_TRACE_VCD=1 -faligned-new -fcf-protection=none -Wno-bool-operation -Wno-shadow -Wno-sign-compare -Wno-subobject-linkage -Wno-tautological-compare -Wno-uninitialized -Wno-unused-but-set-parameter -Wno-unused-but-set-variable -Wno-unused-parameter -Wno-unused-variable      -include Vtestharness__pch.h.fast -c -o Vtestharness___024unit__DepSet_h888bae81__0.o Vtestharness___024unit__DepSet_h888bae81__0.cpp
/pixi/.pixi/envs/default/bin/x86_64-conda-linux-gnu-c++ -Os -fvisibility-inlines-hidden -fmessage-length=0 -march=nocona -mtune=haswell -ftree-vectorize -fPIC -fstack-protector-strong -fno-plt -O2 -ffunction-sections -pipe -isystem /pixi/.pixi/envs/default/include -DNDEBUG -D_FORTIFY_SOURCE=2 -O2 -isystem /pixi/.pixi/envs/default/include -I.  -MMD -I/pixi/.pixi/envs/default/share/verilator/include -I/pixi/.pixi/envs/default/share/verilator/include/vltstd -DVM_COVERAGE=0 -DVM_SC=0 -DVM_TIMING=0 -DVM_TRACE=1 -DVM_TRACE_FST=0 -DVM_TRACE_VCD=1 -faligned-new -fcf-protection=none -Wno-bool-operation -Wno-shadow -Wno-sign-compare -Wno-subobject-linkage -Wno-tautological-compare -Wno-uninitialized -Wno-unused-but-set-parameter -Wno-unused-but-set-variable -Wno-unused-parameter -Wno-unused-variable      -include Vtestharness__pch.h.fast -c -o Vtestharness_snitch_amo_shim__Ae_D40_C1__DepSet_ha7a765ad__0.o Vtestharness_snitch_amo_shim__Ae_D40_C1__DepSet_ha7a765ad__0.cpp
/pixi/.pixi/envs/default/bin/x86_64-conda-linux-gnu-c++ -Os -fvisibility-inlines-hidden -fmessage-length=0 -march=nocona -mtune=haswell -ftree-vectorize -fPIC -fstack-protector-strong -fno-plt -O2 -ffunction-sections -pipe -isystem /pixi/.pixi/envs/default/include -DNDEBUG -D_FORTIFY_SOURCE=2 -O2 -isystem /pixi/.pixi/envs/default/include -I.  -MMD -I/pixi/.pixi/envs/default/share/verilator/include -I/pixi/.pixi/envs/default/share/verilator/include/vltstd -DVM_COVERAGE=0 -DVM_SC=0 -DVM_TIMING=0 -DVM_TRACE=1 -DVM_TRACE_FST=0 -DVM_TRACE_VCD=1 -faligned-new -fcf-protection=none -Wno-bool-operation -Wno-shadow -Wno-sign-compare -Wno-subobject-linkage -Wno-tautological-compare -Wno-uninitialized -Wno-unused-but-set-parameter -Wno-unused-but-set-variable -Wno-unused-parameter -Wno-unused-variable      -include Vtestharness__pch.h.fast -c -o Vtestharness_snitch_amo_shim__Ae_D40_C1__DepSet_ha7a765ad__1.o Vtestharness_snitch_amo_shim__Ae_D40_C1__DepSet_ha7a765ad__1.cpp
/pixi/.pixi/envs/default/bin/x86_64-conda-linux-gnu-c++ -Os -fvisibility-inlines-hidden -fmessage-length=0 -march=nocona -mtune=haswell -ftree-vectorize -fPIC -fstack-protector-strong -fno-plt -O2 -ffunction-sections -pipe -isystem /pixi/.pixi/envs/default/include -DNDEBUG -D_FORTIFY_SOURCE=2 -O2 -isystem /pixi/.pixi/envs/default/include -I.  -MMD -I/pixi/.pixi/envs/default/share/verilator/include -I/pixi/.pixi/envs/default/share/verilator/include/vltstd -DVM_COVERAGE=0 -DVM_SC=0 -DVM_TIMING=0 -DVM_TRACE=1 -DVM_TRACE_FST=0 -DVM_TRACE_VCD=1 -faligned-new -fcf-protection=none -Wno-bool-operation -Wno-shadow -Wno-sign-compare -Wno-subobject-linkage -Wno-tautological-compare -Wno-uninitialized -Wno-unused-but-set-parameter -Wno-unused-but-set-variable -Wno-unused-parameter -Wno-unused-variable      -include Vtestharness__pch.h.fast -c -o Vtestharness_snitch_amo_shim__Ae_D40_C1__DepSet_ha7a765ad__2.o Vtestharness_snitch_amo_shim__Ae_D40_C1__DepSet_ha7a765ad__2.cpp
/pixi/.pixi/envs/default/bin/x86_64-conda-linux-gnu-c++ -Os -fvisibility-inlines-hidden -fmessage-length=0 -march=nocona -mtune=haswell -ftree-vectorize -fPIC -fstack-protector-strong -fno-plt -O2 -ffunction-sections -pipe -isystem /pixi/.pixi/envs/default/include -DNDEBUG -D_FORTIFY_SOURCE=2 -O2 -isystem /pixi/.pixi/envs/default/include -I.  -MMD -I/pixi/.pixi/envs/default/share/verilator/include -I/pixi/.pixi/envs/default/share/verilator/include/vltstd -DVM_COVERAGE=0 -DVM_SC=0 -DVM_TIMING=0 -DVM_TRACE=1 -DVM_TRACE_FST=0 -DVM_TRACE_VCD=1 -faligned-new -fcf-protection=none -Wno-bool-operation -Wno-shadow -Wno-sign-compare -Wno-subobject-linkage -Wno-tautological-compare -Wno-uninitialized -Wno-unused-but-set-parameter -Wno-unused-but-set-variable -Wno-unused-parameter -Wno-unused-variable      -include Vtestharness__pch.h.fast -c -o Vtestharness_VersaCore__DepSet_h218f0bea__0.o Vtestharness_VersaCore__DepSet_h218f0bea__0.cpp
/pixi/.pixi/envs/default/bin/x86_64-conda-linux-gnu-c++ -Os -fvisibility-inlines-hidden -fmessage-length=0 -march=nocona -mtune=haswell -ftree-vectorize -fPIC -fstack-protector-strong -fno-plt -O2 -ffunction-sections -pipe -isystem /pixi/.pixi/envs/default/include -DNDEBUG -D_FORTIFY_SOURCE=2 -O2 -isystem /pixi/.pixi/envs/default/include -I.  -MMD -I/pixi/.pixi/envs/default/share/verilator/include -I/pixi/.pixi/envs/default/share/verilator/include/vltstd -DVM_COVERAGE=0 -DVM_SC=0 -DVM_TIMING=0 -DVM_TRACE=1 -DVM_TRACE_FST=0 -DVM_TRACE_VCD=1 -faligned-new -fcf-protection=none -Wno-bool-operation -Wno-shadow -Wno-sign-compare -Wno-subobject-linkage -Wno-tautological-compare -Wno-uninitialized -Wno-unused-but-set-parameter -Wno-unused-but-set-variable -Wno-unused-parameter -Wno-unused-variable      -include Vtestharness__pch.h.fast -c -o Vtestharness_VersaCore__DepSet_h218f0bea__1.o Vtestharness_VersaCore__DepSet_h218f0bea__1.cpp
/pixi/.pixi/envs/default/bin/x86_64-conda-linux-gnu-c++ -Os -fvisibility-inlines-hidden -fmessage-length=0 -march=nocona -mtune=haswell -ftree-vectorize -fPIC -fstack-protector-strong -fno-plt -O2 -ffunction-sections -pipe -isystem /pixi/.pixi/envs/default/include -DNDEBUG -D_FORTIFY_SOURCE=2 -O2 -isystem /pixi/.pixi/envs/default/include -I.  -MMD -I/pixi/.pixi/envs/default/share/verilator/include -I/pixi/.pixi/envs/default/share/verilator/include/vltstd -DVM_COVERAGE=0 -DVM_SC=0 -DVM_TIMING=0 -DVM_TRACE=1 -DVM_TRACE_FST=0 -DVM_TRACE_VCD=1 -faligned-new -fcf-protection=none -Wno-bool-operation -Wno-shadow -Wno-sign-compare -Wno-subobject-linkage -Wno-tautological-compare -Wno-uninitialized -Wno-unused-but-set-parameter -Wno-unused-but-set-variable -Wno-unused-parameter -Wno-unused-variable      -include Vtestharness__pch.h.fast -c -o Vtestharness_VersaCore__DepSet_h218f0bea__2.o Vtestharness_VersaCore__DepSet_h218f0bea__2.cpp
/pixi/.pixi/envs/default/bin/x86_64-conda-linux-gnu-c++ -Os -fvisibility-inlines-hidden -fmessage-length=0 -march=nocona -mtune=haswell -ftree-vectorize -fPIC -fstack-protector-strong -fno-plt -O2 -ffunction-sections -pipe -isystem /pixi/.pixi/envs/default/include -DNDEBUG -D_FORTIFY_SOURCE=2 -O2 -isystem /pixi/.pixi/envs/default/include -I.  -MMD -I/pixi/.pixi/envs/default/share/verilator/include -I/pixi/.pixi/envs/default/share/verilator/include/vltstd -DVM_COVERAGE=0 -DVM_SC=0 -DVM_TIMING=0 -DVM_TRACE=1 -DVM_TRACE_FST=0 -DVM_TRACE_VCD=1 -faligned-new -fcf-protection=none -Wno-bool-operation -Wno-shadow -Wno-sign-compare -Wno-subobject-linkage -Wno-tautological-compare -Wno-uninitialized -Wno-unused-but-set-parameter -Wno-unused-but-set-variable -Wno-unused-parameter -Wno-unused-variable      -include Vtestharness__pch.h.fast -c -o Vtestharness_REG_BUS__A30_D40__DepSet_h9b8387fd__0.o Vtestharness_REG_BUS__A30_D40__DepSet_h9b8387fd__0.cpp
/pixi/.pixi/envs/default/bin/x86_64-conda-linux-gnu-c++ -Os -fvisibility-inlines-hidden -fmessage-length=0 -march=nocona -mtune=haswell -ftree-vectorize -fPIC -fstack-protector-strong -fno-plt -O2 -ffunction-sections -pipe -isystem /pixi/.pixi/envs/default/include -DNDEBUG -D_FORTIFY_SOURCE=2 -O2 -isystem /pixi/.pixi/envs/default/include -I.  -MMD -I/pixi/.pixi/envs/default/share/verilator/include -I/pixi/.pixi/envs/default/share/verilator/include/vltstd -DVM_COVERAGE=0 -DVM_SC=0 -DVM_TIMING=0 -DVM_TRACE=1 -DVM_TRACE_FST=0 -DVM_TRACE_VCD=1 -faligned-new -fcf-protection=none -Wno-bool-operation -Wno-shadow -Wno-sign-compare -Wno-subobject-linkage -Wno-tautological-compare -Wno-uninitialized -Wno-unused-but-set-parameter -Wno-unused-but-set-variable -Wno-unused-parameter -Wno-unused-variable      -include Vtestharness__pch.h.fast -c -o Vtestharness_REG_BUS__A30_D200__DepSet_h9af89066__0.o Vtestharness_REG_BUS__A30_D200__DepSet_h9af89066__0.cpp
/pixi/.pixi/envs/default/bin/x86_64-conda-linux-gnu-c++ -Os -fvisibility-inlines-hidden -fmessage-length=0 -march=nocona -mtune=haswell -ftree-vectorize -fPIC -fstack-protector-strong -fno-plt -O2 -ffunction-sections -pipe -isystem /pixi/.pixi/envs/default/include -DNDEBUG -D_FORTIFY_SOURCE=2 -O2 -isystem /pixi/.pixi/envs/default/include -I.  -MMD -I/pixi/.pixi/envs/default/share/verilator/include -I/pixi/.pixi/envs/default/share/verilator/include/vltstd -DVM_COVERAGE=0 -DVM_SC=0 -DVM_TIMING=0 -DVM_TRACE=1 -DVM_TRACE_FST=0 -DVM_TRACE_VCD=1 -faligned-new -fcf-protection=none -Wno-bool-operation -Wno-shadow -Wno-sign-compare -Wno-subobject-linkage -Wno-tautological-compare -Wno-uninitialized -Wno-unused-but-set-parameter -Wno-unused-but-set-variable -Wno-unused-parameter -Wno-unused-variable      -include Vtestharness__pch.h.fast -c -o Vtestharness_axi_mux__pi52__DepSet_h39c09a6b__0.o Vtestharness_axi_mux__pi52__DepSet_h39c09a6b__0.cpp
/pixi/.pixi/envs/default/bin/x86_64-conda-linux-gnu-c++ -Os -fvisibility-inlines-hidden -fmessage-length=0 -march=nocona -mtune=haswell -ftree-vectorize -fPIC -fstack-protector-strong -fno-plt -O2 -ffunction-sections -pipe -isystem /pixi/.pixi/envs/default/include -DNDEBUG -D_FORTIFY_SOURCE=2 -O2 -isystem /pixi/.pixi/envs/default/include -I.  -MMD -I/pixi/.pixi/envs/default/share/verilator/include -I/pixi/.pixi/envs/default/share/verilator/include/vltstd -DVM_COVERAGE=0 -DVM_SC=0 -DVM_TIMING=0 -DVM_TRACE=1 -DVM_TRACE_FST=0 -DVM_TRACE_VCD=1 -faligned-new -fcf-protection=none -Wno-bool-operation -Wno-shadow -Wno-sign-compare -Wno-subobject-linkage -Wno-tautological-compare -Wno-uninitialized -Wno-unused-but-set-parameter -Wno-unused-but-set-variable -Wno-unused-parameter -Wno-unused-variable      -include Vtestharness__pch.h.fast -c -o Vtestharness_axi_mux__pi52__DepSet_h39c09a6b__1.o Vtestharness_axi_mux__pi52__DepSet_h39c09a6b__1.cpp
/pixi/.pixi/envs/default/bin/x86_64-conda-linux-gnu-c++ -Os -fvisibility-inlines-hidden -fmessage-length=0 -march=nocona -mtune=haswell -ftree-vectorize -fPIC -fstack-protector-strong -fno-plt -O2 -ffunction-sections -pipe -isystem /pixi/.pixi/envs/default/include -DNDEBUG -D_FORTIFY_SOURCE=2 -O2 -isystem /pixi/.pixi/envs/default/include -I.  -MMD -I/pixi/.pixi/envs/default/share/verilator/include -I/pixi/.pixi/envs/default/share/verilator/include/vltstd -DVM_COVERAGE=0 -DVM_SC=0 -DVM_TIMING=0 -DVM_TRACE=1 -DVM_TRACE_FST=0 -DVM_TRACE_VCD=1 -faligned-new -fcf-protection=none -Wno-bool-operation -Wno-shadow -Wno-sign-compare -Wno-subobject-linkage -Wno-tautological-compare -Wno-uninitialized -Wno-unused-but-set-parameter -Wno-unused-but-set-variable -Wno-unused-parameter -Wno-unused-variable      -include Vtestharness__pch.h.fast -c -o Vtestharness_axi_mux__pi52__DepSet_hc3376922__0.o Vtestharness_axi_mux__pi52__DepSet_hc3376922__0.cpp
/pixi/.pixi/envs/default/bin/x86_64-conda-linux-gnu-c++ -Os -fvisibility-inlines-hidden -fmessage-length=0 -march=nocona -mtune=haswell -ftree-vectorize -fPIC -fstack-protector-strong -fno-plt -O2 -ffunction-sections -pipe -isystem /pixi/.pixi/envs/default/include -DNDEBUG -D_FORTIFY_SOURCE=2 -O2 -isystem /pixi/.pixi/envs/default/include -I.  -MMD -I/pixi/.pixi/envs/default/share/verilator/include -I/pixi/.pixi/envs/default/share/verilator/include/vltstd -DVM_COVERAGE=0 -DVM_SC=0 -DVM_TIMING=0 -DVM_TRACE=1 -DVM_TRACE_FST=0 -DVM_TRACE_VCD=1 -faligned-new -fcf-protection=none -Wno-bool-operation -Wno-shadow -Wno-sign-compare -Wno-subobject-linkage -Wno-tautological-compare -Wno-uninitialized -Wno-unused-but-set-parameter -Wno-unused-but-set-variable -Wno-unused-parameter -Wno-unused-variable      -include Vtestharness__pch.h.fast -c -o Vtestharness_axi_to_mem__pi54__DepSet_h2fc044c8__0.o Vtestharness_axi_to_mem__pi54__DepSet_h2fc044c8__0.cpp
/pixi/.pixi/envs/default/bin/x86_64-conda-linux-gnu-c++ -Os -fvisibility-inlines-hidden -fmessage-length=0 -march=nocona -mtune=haswell -ftree-vectorize -fPIC -fstack-protector-strong -fno-plt -O2 -ffunction-sections -pipe -isystem /pixi/.pixi/envs/default/include -DNDEBUG -D_FORTIFY_SOURCE=2 -O2 -isystem /pixi/.pixi/envs/default/include -I.  -MMD -I/pixi/.pixi/envs/default/share/verilator/include -I/pixi/.pixi/envs/default/share/verilator/include/vltstd -DVM_COVERAGE=0 -DVM_SC=0 -DVM_TIMING=0 -DVM_TRACE=1 -DVM_TRACE_FST=0 -DVM_TRACE_VCD=1 -faligned-new -fcf-protection=none -Wno-bool-operation -Wno-shadow -Wno-sign-compare -Wno-subobject-linkage -Wno-tautological-compare -Wno-uninitialized -Wno-unused-but-set-parameter -Wno-unused-but-set-variable -Wno-unused-parameter -Wno-unused-variable      -include Vtestharness__pch.h.fast -c -o Vtestharness_axi_to_mem__pi54__DepSet_h2fc044c8__1.o Vtestharness_axi_to_mem__pi54__DepSet_h2fc044c8__1.cpp
/pixi/.pixi/envs/default/bin/x86_64-conda-linux-gnu-c++ -Os -fvisibility-inlines-hidden -fmessage-length=0 -march=nocona -mtune=haswell -ftree-vectorize -fPIC -fstack-protector-strong -fno-plt -O2 -ffunction-sections -pipe -isystem /pixi/.pixi/envs/default/include -DNDEBUG -D_FORTIFY_SOURCE=2 -O2 -isystem /pixi/.pixi/envs/default/include -I.  -MMD -I/pixi/.pixi/envs/default/share/verilator/include -I/pixi/.pixi/envs/default/share/verilator/include/vltstd -DVM_COVERAGE=0 -DVM_SC=0 -DVM_TIMING=0 -DVM_TRACE=1 -DVM_TRACE_FST=0 -DVM_TRACE_VCD=1 -faligned-new -fcf-protection=none -Wno-bool-operation -Wno-shadow -Wno-sign-compare -Wno-subobject-linkage -Wno-tautological-compare -Wno-uninitialized -Wno-unused-but-set-parameter -Wno-unused-but-set-variable -Wno-unused-parameter -Wno-unused-variable      -include Vtestharness__pch.h.fast -c -o Vtestharness_axi_mux__pi71__DepSet_h07ad2274__0.o Vtestharness_axi_mux__pi71__DepSet_h07ad2274__0.cpp
/pixi/.pixi/envs/default/bin/x86_64-conda-linux-gnu-c++ -Os -fvisibility-inlines-hidden -fmessage-length=0 -march=nocona -mtune=haswell -ftree-vectorize -fPIC -fstack-protector-strong -fno-plt -O2 -ffunction-sections -pipe -isystem /pixi/.pixi/envs/default/include -DNDEBUG -D_FORTIFY_SOURCE=2 -O2 -isystem /pixi/.pixi/envs/default/include -I.  -MMD -I/pixi/.pixi/envs/default/share/verilator/include -I/pixi/.pixi/envs/default/share/verilator/include/vltstd -DVM_COVERAGE=0 -DVM_SC=0 -DVM_TIMING=0 -DVM_TRACE=1 -DVM_TRACE_FST=0 -DVM_TRACE_VCD=1 -faligned-new -fcf-protection=none -Wno-bool-operation -Wno-shadow -Wno-sign-compare -Wno-subobject-linkage -Wno-tautological-compare -Wno-uninitialized -Wno-unused-but-set-parameter -Wno-unused-but-set-variable -Wno-unused-parameter -Wno-unused-variable      -include Vtestharness__pch.h.fast -c -o Vtestharness_ArbitrationTree__DepSet_he3b41dbc__0.o Vtestharness_ArbitrationTree__DepSet_he3b41dbc__0.cpp
/pixi/.pixi/envs/default/bin/x86_64-conda-linux-gnu-c++ -Os -fvisibility-inlines-hidden -fmessage-length=0 -march=nocona -mtune=haswell -ftree-vectorize -fPIC -fstack-protector-strong -fno-plt -O2 -ffunction-sections -pipe -isystem /pixi/.pixi/envs/default/include -DNDEBUG -D_FORTIFY_SOURCE=2 -O2 -isystem /pixi/.pixi/envs/default/include -I.  -MMD -I/pixi/.pixi/envs/default/share/verilator/include -I/pixi/.pixi/envs/default/share/verilator/include/vltstd -DVM_COVERAGE=0 -DVM_SC=0 -DVM_TIMING=0 -DVM_TRACE=1 -DVM_TRACE_FST=0 -DVM_TRACE_VCD=1 -faligned-new -fcf-protection=none -Wno-bool-operation -Wno-shadow -Wno-sign-compare -Wno-subobject-linkage -Wno-tautological-compare -Wno-uninitialized -Wno-unused-but-set-parameter -Wno-unused-but-set-variable -Wno-unused-parameter -Wno-unused-variable      -include Vtestharness__pch.h.fast -c -o Vtestharness_ArbitrationTree__DepSet_he3b41dbc__1.o Vtestharness_ArbitrationTree__DepSet_he3b41dbc__1.cpp
/pixi/.pixi/envs/default/bin/x86_64-conda-linux-gnu-c++ -Os -fvisibility-inlines-hidden -fmessage-length=0 -march=nocona -mtune=haswell -ftree-vectorize -fPIC -fstack-protector-strong -fno-plt -O2 -ffunction-sections -pipe -isystem /pixi/.pixi/envs/default/include -DNDEBUG -D_FORTIFY_SOURCE=2 -O2 -isystem /pixi/.pixi/envs/default/include -I.  -MMD -I/pixi/.pixi/envs/default/share/verilator/include -I/pixi/.pixi/envs/default/share/verilator/include/vltstd -DVM_COVERAGE=0 -DVM_SC=0 -DVM_TIMING=0 -DVM_TRACE=1 -DVM_TRACE_FST=0 -DVM_TRACE_VCD=1 -faligned-new -fcf-protection=none -Wno-bool-operation -Wno-shadow -Wno-sign-compare -Wno-subobject-linkage -Wno-tautological-compare -Wno-uninitialized -Wno-unused-but-set-parameter -Wno-unused-but-set-variable -Wno-unused-parameter -Wno-unused-variable      -include Vtestharness__pch.h.fast -c -o Vtestharness_ArbitrationTree__DepSet_he3b41dbc__2.o Vtestharness_ArbitrationTree__DepSet_he3b41dbc__2.cpp
/pixi/.pixi/envs/default/bin/x86_64-conda-linux-gnu-c++ -Os -fvisibility-inlines-hidden -fmessage-length=0 -march=nocona -mtune=haswell -ftree-vectorize -fPIC -fstack-protector-strong -fno-plt -O2 -ffunction-sections -pipe -isystem /pixi/.pixi/envs/default/include -DNDEBUG -D_FORTIFY_SOURCE=2 -O2 -isystem /pixi/.pixi/envs/default/include -I.  -MMD -I/pixi/.pixi/envs/default/share/verilator/include -I/pixi/.pixi/envs/default/share/verilator/include/vltstd -DVM_COVERAGE=0 -DVM_SC=0 -DVM_TIMING=0 -DVM_TRACE=1 -DVM_TRACE_FST=0 -DVM_TRACE_VCD=1 -faligned-new -fcf-protection=none -Wno-bool-operation -Wno-shadow -Wno-sign-compare -Wno-subobject-linkage -Wno-tautological-compare -Wno-uninitialized -Wno-unused-but-set-parameter -Wno-unused-but-set-variable -Wno-unused-parameter -Wno-unused-variable      -include Vtestharness__pch.h.fast -c -o Vtestharness_ArbitrationTree__DepSet_he3b41dbc__3.o Vtestharness_ArbitrationTree__DepSet_he3b41dbc__3.cpp
/pixi/.pixi/envs/default/bin/x86_64-conda-linux-gnu-c++ -Os -fvisibility-inlines-hidden -fmessage-length=0 -march=nocona -mtune=haswell -ftree-vectorize -fPIC -fstack-protector-strong -fno-plt -O2 -ffunction-sections -pipe -isystem /pixi/.pixi/envs/default/include -DNDEBUG -D_FORTIFY_SOURCE=2 -O2 -isystem /pixi/.pixi/envs/default/include -I.  -MMD -I/pixi/.pixi/envs/default/share/verilator/include -I/pixi/.pixi/envs/default/share/verilator/include/vltstd -DVM_COVERAGE=0 -DVM_SC=0 -DVM_TIMING=0 -DVM_TRACE=1 -DVM_TRACE_FST=0 -DVM_TRACE_VCD=1 -faligned-new -fcf-protection=none -Wno-bool-operation -Wno-shadow -Wno-sign-compare -Wno-subobject-linkage -Wno-tautological-compare -Wno-uninitialized -Wno-unused-but-set-parameter -Wno-unused-but-set-variable -Wno-unused-parameter -Wno-unused-variable      -include Vtestharness__pch.h.fast -c -o Vtestharness_ArbitrationTree__DepSet_he3b41dbc__4.o Vtestharness_ArbitrationTree__DepSet_he3b41dbc__4.cpp
/pixi/.pixi/envs/default/bin/x86_64-conda-linux-gnu-c++ -Os -fvisibility-inlines-hidden -fmessage-length=0 -march=nocona -mtune=haswell -ftree-vectorize -fPIC -fstack-protector-strong -fno-plt -O2 -ffunction-sections -pipe -isystem /pixi/.pixi/envs/default/include -DNDEBUG -D_FORTIFY_SOURCE=2 -O2 -isystem /pixi/.pixi/envs/default/include -I.  -MMD -I/pixi/.pixi/envs/default/share/verilator/include -I/pixi/.pixi/envs/default/share/verilator/include/vltstd -DVM_COVERAGE=0 -DVM_SC=0 -DVM_TIMING=0 -DVM_TRACE=1 -DVM_TRACE_FST=0 -DVM_TRACE_VCD=1 -faligned-new -fcf-protection=none -Wno-bool-operation -Wno-shadow -Wno-sign-compare -Wno-subobject-linkage -Wno-tautological-compare -Wno-uninitialized -Wno-unused-but-set-parameter -Wno-unused-but-set-variable -Wno-unused-parameter -Wno-unused-variable      -include Vtestharness__pch.h.fast -c -o Vtestharness_ArbitrationTree__DepSet_he3b41dbc__5.o Vtestharness_ArbitrationTree__DepSet_he3b41dbc__5.cpp
/pixi/.pixi/envs/default/bin/x86_64-conda-linux-gnu-c++ -Os -fvisibility-inlines-hidden -fmessage-length=0 -march=nocona -mtune=haswell -ftree-vectorize -fPIC -fstack-protector-strong -fno-plt -O2 -ffunction-sections -pipe -isystem /pixi/.pixi/envs/default/include -DNDEBUG -D_FORTIFY_SOURCE=2 -O2 -isystem /pixi/.pixi/envs/default/include -I.  -MMD -I/pixi/.pixi/envs/default/share/verilator/include -I/pixi/.pixi/envs/default/share/verilator/include/vltstd -DVM_COVERAGE=0 -DVM_SC=0 -DVM_TIMING=0 -DVM_TRACE=1 -DVM_TRACE_FST=0 -DVM_TRACE_VCD=1 -faligned-new -fcf-protection=none -Wno-bool-operation -Wno-shadow -Wno-sign-compare -Wno-subobject-linkage -Wno-tautological-compare -Wno-uninitialized -Wno-unused-but-set-parameter -Wno-unused-but-set-variable -Wno-unused-parameter -Wno-unused-variable      -include Vtestharness__pch.h.fast -c -o Vtestharness_ArbitrationTree__DepSet_he3b41dbc__6.o Vtestharness_ArbitrationTree__DepSet_he3b41dbc__6.cpp
/pixi/.pixi/envs/default/bin/x86_64-conda-linux-gnu-c++ -Os -fvisibility-inlines-hidden -fmessage-length=0 -march=nocona -mtune=haswell -ftree-vectorize -fPIC -fstack-protector-strong -fno-plt -O2 -ffunction-sections -pipe -isystem /pixi/.pixi/envs/default/include -DNDEBUG -D_FORTIFY_SOURCE=2 -O2 -isystem /pixi/.pixi/envs/default/include -I.  -MMD -I/pixi/.pixi/envs/default/share/verilator/include -I/pixi/.pixi/envs/default/share/verilator/include/vltstd -DVM_COVERAGE=0 -DVM_SC=0 -DVM_TIMING=0 -DVM_TRACE=1 -DVM_TRACE_FST=0 -DVM_TRACE_VCD=1 -faligned-new -fcf-protection=none -Wno-bool-operation -Wno-shadow -Wno-sign-compare -Wno-subobject-linkage -Wno-tautological-compare -Wno-uninitialized -Wno-unused-but-set-parameter -Wno-unused-but-set-variable -Wno-unused-parameter -Wno-unused-variable      -include Vtestharness__pch.h.fast -c -o Vtestharness_ArbitrationTree__DepSet_he3b41dbc__7.o Vtestharness_ArbitrationTree__DepSet_he3b41dbc__7.cpp
/pixi/.pixi/envs/default/bin/x86_64-conda-linux-gnu-c++ -Os -fvisibility-inlines-hidden -fmessage-length=0 -march=nocona -mtune=haswell -ftree-vectorize -fPIC -fstack-protector-strong -fno-plt -O2 -ffunction-sections -pipe -isystem /pixi/.pixi/envs/default/include -DNDEBUG -D_FORTIFY_SOURCE=2 -O2 -isystem /pixi/.pixi/envs/default/include -I.  -MMD -I/pixi/.pixi/envs/default/share/verilator/include -I/pixi/.pixi/envs/default/share/verilator/include/vltstd -DVM_COVERAGE=0 -DVM_SC=0 -DVM_TIMING=0 -DVM_TRACE=1 -DVM_TRACE_FST=0 -DVM_TRACE_VCD=1 -faligned-new -fcf-protection=none -Wno-bool-operation -Wno-shadow -Wno-sign-compare -Wno-subobject-linkage -Wno-tautological-compare -Wno-uninitialized -Wno-unused-but-set-parameter -Wno-unused-but-set-variable -Wno-unused-parameter -Wno-unused-variable      -include Vtestharness__pch.h.fast -c -o Vtestharness_ArbitrationTree__DepSet_he3b41dbc__8.o Vtestharness_ArbitrationTree__DepSet_he3b41dbc__8.cpp
/pixi/.pixi/envs/default/bin/x86_64-conda-linux-gnu-c++ -Os -fvisibility-inlines-hidden -fmessage-length=0 -march=nocona -mtune=haswell -ftree-vectorize -fPIC -fstack-protector-strong -fno-plt -O2 -ffunction-sections -pipe -isystem /pixi/.pixi/envs/default/include -DNDEBUG -D_FORTIFY_SOURCE=2 -O2 -isystem /pixi/.pixi/envs/default/include -I.  -MMD -I/pixi/.pixi/envs/default/share/verilator/include -I/pixi/.pixi/envs/default/share/verilator/include/vltstd -DVM_COVERAGE=0 -DVM_SC=0 -DVM_TIMING=0 -DVM_TRACE=1 -DVM_TRACE_FST=0 -DVM_TRACE_VCD=1 -faligned-new -fcf-protection=none -Wno-bool-operation -Wno-shadow -Wno-sign-compare -Wno-subobject-linkage -Wno-tautological-compare -Wno-uninitialized -Wno-unused-but-set-parameter -Wno-unused-but-set-variable -Wno-unused-parameter -Wno-unused-variable      -include Vtestharness__pch.h.fast -c -o Vtestharness_ArbitrationTree__DepSet_he3b41dbc__9.o Vtestharness_ArbitrationTree__DepSet_he3b41dbc__9.cpp
/pixi/.pixi/envs/default/bin/x86_64-conda-linux-gnu-c++ -Os -fvisibility-inlines-hidden -fmessage-length=0 -march=nocona -mtune=haswell -ftree-vectorize -fPIC -fstack-protector-strong -fno-plt -O2 -ffunction-sections -pipe -isystem /pixi/.pixi/envs/default/include -DNDEBUG -D_FORTIFY_SOURCE=2 -O2 -isystem /pixi/.pixi/envs/default/include -I.  -MMD -I/pixi/.pixi/envs/default/share/verilator/include -I/pixi/.pixi/envs/default/share/verilator/include/vltstd -DVM_COVERAGE=0 -DVM_SC=0 -DVM_TIMING=0 -DVM_TRACE=1 -DVM_TRACE_FST=0 -DVM_TRACE_VCD=1 -faligned-new -fcf-protection=none -Wno-bool-operation -Wno-shadow -Wno-sign-compare -Wno-subobject-linkage -Wno-tautological-compare -Wno-uninitialized -Wno-unused-but-set-parameter -Wno-unused-but-set-variable -Wno-unused-parameter -Wno-unused-variable      -include Vtestharness__pch.h.fast -c -o Vtestharness_ArbitrationTree__DepSet_he3b41dbc__10.o Vtestharness_ArbitrationTree__DepSet_he3b41dbc__10.cpp
/pixi/.pixi/envs/default/bin/x86_64-conda-linux-gnu-c++ -Os -fvisibility-inlines-hidden -fmessage-length=0 -march=nocona -mtune=haswell -ftree-vectorize -fPIC -fstack-protector-strong -fno-plt -O2 -ffunction-sections -pipe -isystem /pixi/.pixi/envs/default/include -DNDEBUG -D_FORTIFY_SOURCE=2 -O2 -isystem /pixi/.pixi/envs/default/include -I.  -MMD -I/pixi/.pixi/envs/default/share/verilator/include -I/pixi/.pixi/envs/default/share/verilator/include/vltstd -DVM_COVERAGE=0 -DVM_SC=0 -DVM_TIMING=0 -DVM_TRACE=1 -DVM_TRACE_FST=0 -DVM_TRACE_VCD=1 -faligned-new -fcf-protection=none -Wno-bool-operation -Wno-shadow -Wno-sign-compare -Wno-subobject-linkage -Wno-tautological-compare -Wno-uninitialized -Wno-unused-but-set-parameter -Wno-unused-but-set-variable -Wno-unused-parameter -Wno-unused-variable      -include Vtestharness__pch.h.fast -c -o Vtestharness_ArbitrationTree__DepSet_he3b41dbc__11.o Vtestharness_ArbitrationTree__DepSet_he3b41dbc__11.cpp
/pixi/.pixi/envs/default/bin/x86_64-conda-linux-gnu-c++ -Os -fvisibility-inlines-hidden -fmessage-length=0 -march=nocona -mtune=haswell -ftree-vectorize -fPIC -fstack-protector-strong -fno-plt -O2 -ffunction-sections -pipe -isystem /pixi/.pixi/envs/default/include -DNDEBUG -D_FORTIFY_SOURCE=2 -O2 -isystem /pixi/.pixi/envs/default/include -I.  -MMD -I/pixi/.pixi/envs/default/share/verilator/include -I/pixi/.pixi/envs/default/share/verilator/include/vltstd -DVM_COVERAGE=0 -DVM_SC=0 -DVM_TIMING=0 -DVM_TRACE=1 -DVM_TRACE_FST=0 -DVM_TRACE_VCD=1 -faligned-new -fcf-protection=none -Wno-bool-operation -Wno-shadow -Wno-sign-compare -Wno-subobject-linkage -Wno-tautological-compare -Wno-uninitialized -Wno-unused-but-set-parameter -Wno-unused-but-set-variable -Wno-unused-parameter -Wno-unused-variable      -include Vtestharness__pch.h.fast -c -o Vtestharness_ArbitrationTree__DepSet_he3b41dbc__12.o Vtestharness_ArbitrationTree__DepSet_he3b41dbc__12.cpp
/pixi/.pixi/envs/default/bin/x86_64-conda-linux-gnu-c++ -Os -fvisibility-inlines-hidden -fmessage-length=0 -march=nocona -mtune=haswell -ftree-vectorize -fPIC -fstack-protector-strong -fno-plt -O2 -ffunction-sections -pipe -isystem /pixi/.pixi/envs/default/include -DNDEBUG -D_FORTIFY_SOURCE=2 -O2 -isystem /pixi/.pixi/envs/default/include -I.  -MMD -I/pixi/.pixi/envs/default/share/verilator/include -I/pixi/.pixi/envs/default/share/verilator/include/vltstd -DVM_COVERAGE=0 -DVM_SC=0 -DVM_TIMING=0 -DVM_TRACE=1 -DVM_TRACE_FST=0 -DVM_TRACE_VCD=1 -faligned-new -fcf-protection=none -Wno-bool-operation -Wno-shadow -Wno-sign-compare -Wno-subobject-linkage -Wno-tautological-compare -Wno-uninitialized -Wno-unused-but-set-parameter -Wno-unused-but-set-variable -Wno-unused-parameter -Wno-unused-variable      -include Vtestharness__pch.h.fast -c -o Vtestharness_ArbitrationTree__DepSet_he3b41dbc__13.o Vtestharness_ArbitrationTree__DepSet_he3b41dbc__13.cpp
/pixi/.pixi/envs/default/bin/x86_64-conda-linux-gnu-c++ -Os -fvisibility-inlines-hidden -fmessage-length=0 -march=nocona -mtune=haswell -ftree-vectorize -fPIC -fstack-protector-strong -fno-plt -O2 -ffunction-sections -pipe -isystem /pixi/.pixi/envs/default/include -DNDEBUG -D_FORTIFY_SOURCE=2 -O2 -isystem /pixi/.pixi/envs/default/include -I.  -MMD -I/pixi/.pixi/envs/default/share/verilator/include -I/pixi/.pixi/envs/default/share/verilator/include/vltstd -DVM_COVERAGE=0 -DVM_SC=0 -DVM_TIMING=0 -DVM_TRACE=1 -DVM_TRACE_FST=0 -DVM_TRACE_VCD=1 -faligned-new -fcf-protection=none -Wno-bool-operation -Wno-shadow -Wno-sign-compare -Wno-subobject-linkage -Wno-tautological-compare -Wno-uninitialized -Wno-unused-but-set-parameter -Wno-unused-but-set-variable -Wno-unused-parameter -Wno-unused-variable      -include Vtestharness__pch.h.fast -c -o Vtestharness_ArbitrationTree__DepSet_he3b41dbc__14.o Vtestharness_ArbitrationTree__DepSet_he3b41dbc__14.cpp
/pixi/.pixi/envs/default/bin/x86_64-conda-linux-gnu-c++ -Os -fvisibility-inlines-hidden -fmessage-length=0 -march=nocona -mtune=haswell -ftree-vectorize -fPIC -fstack-protector-strong -fno-plt -O2 -ffunction-sections -pipe -isystem /pixi/.pixi/envs/default/include -DNDEBUG -D_FORTIFY_SOURCE=2 -O2 -isystem /pixi/.pixi/envs/default/include -I.  -MMD -I/pixi/.pixi/envs/default/share/verilator/include -I/pixi/.pixi/envs/default/share/verilator/include/vltstd -DVM_COVERAGE=0 -DVM_SC=0 -DVM_TIMING=0 -DVM_TRACE=1 -DVM_TRACE_FST=0 -DVM_TRACE_VCD=1 -faligned-new -fcf-protection=none -Wno-bool-operation -Wno-shadow -Wno-sign-compare -Wno-subobject-linkage -Wno-tautological-compare -Wno-uninitialized -Wno-unused-but-set-parameter -Wno-unused-but-set-variable -Wno-unused-parameter -Wno-unused-variable      -include Vtestharness__pch.h.fast -c -o Vtestharness_ArbitrationTree__DepSet_he3b41dbc__15.o Vtestharness_ArbitrationTree__DepSet_he3b41dbc__15.cpp
/pixi/.pixi/envs/default/bin/x86_64-conda-linux-gnu-c++ -Os -fvisibility-inlines-hidden -fmessage-length=0 -march=nocona -mtune=haswell -ftree-vectorize -fPIC -fstack-protector-strong -fno-plt -O2 -ffunction-sections -pipe -isystem /pixi/.pixi/envs/default/include -DNDEBUG -D_FORTIFY_SOURCE=2 -O2 -isystem /pixi/.pixi/envs/default/include -I.  -MMD -I/pixi/.pixi/envs/default/share/verilator/include -I/pixi/.pixi/envs/default/share/verilator/include/vltstd -DVM_COVERAGE=0 -DVM_SC=0 -DVM_TIMING=0 -DVM_TRACE=1 -DVM_TRACE_FST=0 -DVM_TRACE_VCD=1 -faligned-new -fcf-protection=none -Wno-bool-operation -Wno-shadow -Wno-sign-compare -Wno-subobject-linkage -Wno-tautological-compare -Wno-uninitialized -Wno-unused-but-set-parameter -Wno-unused-but-set-variable -Wno-unused-parameter -Wno-unused-variable      -include Vtestharness__pch.h.fast -c -o Vtestharness_ArbitrationTree__DepSet_he3b41dbc__16.o Vtestharness_ArbitrationTree__DepSet_he3b41dbc__16.cpp
/pixi/.pixi/envs/default/bin/x86_64-conda-linux-gnu-c++ -Os -fvisibility-inlines-hidden -fmessage-length=0 -march=nocona -mtune=haswell -ftree-vectorize -fPIC -fstack-protector-strong -fno-plt -O2 -ffunction-sections -pipe -isystem /pixi/.pixi/envs/default/include -DNDEBUG -D_FORTIFY_SOURCE=2 -O2 -isystem /pixi/.pixi/envs/default/include -I.  -MMD -I/pixi/.pixi/envs/default/share/verilator/include -I/pixi/.pixi/envs/default/share/verilator/include/vltstd -DVM_COVERAGE=0 -DVM_SC=0 -DVM_TIMING=0 -DVM_TRACE=1 -DVM_TRACE_FST=0 -DVM_TRACE_VCD=1 -faligned-new -fcf-protection=none -Wno-bool-operation -Wno-shadow -Wno-sign-compare -Wno-subobject-linkage -Wno-tautological-compare -Wno-uninitialized -Wno-unused-but-set-parameter -Wno-unused-but-set-variable -Wno-unused-parameter -Wno-unused-variable      -include Vtestharness__pch.h.fast -c -o Vtestharness_ArbitrationTree__DepSet_he3b41dbc__17.o Vtestharness_ArbitrationTree__DepSet_he3b41dbc__17.cpp
/pixi/.pixi/envs/default/bin/x86_64-conda-linux-gnu-c++ -Os -fvisibility-inlines-hidden -fmessage-length=0 -march=nocona -mtune=haswell -ftree-vectorize -fPIC -fstack-protector-strong -fno-plt -O2 -ffunction-sections -pipe -isystem /pixi/.pixi/envs/default/include -DNDEBUG -D_FORTIFY_SOURCE=2 -O2 -isystem /pixi/.pixi/envs/default/include -I.  -MMD -I/pixi/.pixi/envs/default/share/verilator/include -I/pixi/.pixi/envs/default/share/verilator/include/vltstd -DVM_COVERAGE=0 -DVM_SC=0 -DVM_TIMING=0 -DVM_TRACE=1 -DVM_TRACE_FST=0 -DVM_TRACE_VCD=1 -faligned-new -fcf-protection=none -Wno-bool-operation -Wno-shadow -Wno-sign-compare -Wno-subobject-linkage -Wno-tautological-compare -Wno-uninitialized -Wno-unused-but-set-parameter -Wno-unused-but-set-variable -Wno-unused-parameter -Wno-unused-variable      -include Vtestharness__pch.h.fast -c -o Vtestharness_ArbitrationTree__DepSet_he3b41dbc__18.o Vtestharness_ArbitrationTree__DepSet_he3b41dbc__18.cpp
/pixi/.pixi/envs/default/bin/x86_64-conda-linux-gnu-c++ -Os -fvisibility-inlines-hidden -fmessage-length=0 -march=nocona -mtune=haswell -ftree-vectorize -fPIC -fstack-protector-strong -fno-plt -O2 -ffunction-sections -pipe -isystem /pixi/.pixi/envs/default/include -DNDEBUG -D_FORTIFY_SOURCE=2 -O2 -isystem /pixi/.pixi/envs/default/include -I.  -MMD -I/pixi/.pixi/envs/default/share/verilator/include -I/pixi/.pixi/envs/default/share/verilator/include/vltstd -DVM_COVERAGE=0 -DVM_SC=0 -DVM_TIMING=0 -DVM_TRACE=1 -DVM_TRACE_FST=0 -DVM_TRACE_VCD=1 -faligned-new -fcf-protection=none -Wno-bool-operation -Wno-shadow -Wno-sign-compare -Wno-subobject-linkage -Wno-tautological-compare -Wno-uninitialized -Wno-unused-but-set-parameter -Wno-unused-but-set-variable -Wno-unused-parameter -Wno-unused-variable      -include Vtestharness__pch.h.fast -c -o Vtestharness_ArbitrationTree__DepSet_he3b41dbc__19.o Vtestharness_ArbitrationTree__DepSet_he3b41dbc__19.cpp
/pixi/.pixi/envs/default/bin/x86_64-conda-linux-gnu-c++ -Os -fvisibility-inlines-hidden -fmessage-length=0 -march=nocona -mtune=haswell -ftree-vectorize -fPIC -fstack-protector-strong -fno-plt -O2 -ffunction-sections -pipe -isystem /pixi/.pixi/envs/default/include -DNDEBUG -D_FORTIFY_SOURCE=2 -O2 -isystem /pixi/.pixi/envs/default/include -I.  -MMD -I/pixi/.pixi/envs/default/share/verilator/include -I/pixi/.pixi/envs/default/share/verilator/include/vltstd -DVM_COVERAGE=0 -DVM_SC=0 -DVM_TIMING=0 -DVM_TRACE=1 -DVM_TRACE_FST=0 -DVM_TRACE_VCD=1 -faligned-new -fcf-protection=none -Wno-bool-operation -Wno-shadow -Wno-sign-compare -Wno-subobject-linkage -Wno-tautological-compare -Wno-uninitialized -Wno-unused-but-set-parameter -Wno-unused-but-set-variable -Wno-unused-parameter -Wno-unused-variable      -include Vtestharness__pch.h.fast -c -o Vtestharness_ArbitrationTree__DepSet_he3b41dbc__20.o Vtestharness_ArbitrationTree__DepSet_he3b41dbc__20.cpp
/pixi/.pixi/envs/default/bin/x86_64-conda-linux-gnu-c++ -Os -fvisibility-inlines-hidden -fmessage-length=0 -march=nocona -mtune=haswell -ftree-vectorize -fPIC -fstack-protector-strong -fno-plt -O2 -ffunction-sections -pipe -isystem /pixi/.pixi/envs/default/include -DNDEBUG -D_FORTIFY_SOURCE=2 -O2 -isystem /pixi/.pixi/envs/default/include -I.  -MMD -I/pixi/.pixi/envs/default/share/verilator/include -I/pixi/.pixi/envs/default/share/verilator/include/vltstd -DVM_COVERAGE=0 -DVM_SC=0 -DVM_TIMING=0 -DVM_TRACE=1 -DVM_TRACE_FST=0 -DVM_TRACE_VCD=1 -faligned-new -fcf-protection=none -Wno-bool-operation -Wno-shadow -Wno-sign-compare -Wno-subobject-linkage -Wno-tautological-compare -Wno-uninitialized -Wno-unused-but-set-parameter -Wno-unused-but-set-variable -Wno-unused-parameter -Wno-unused-variable      -include Vtestharness__pch.h.fast -c -o Vtestharness_ArbitrationTree__DepSet_he3b41dbc__21.o Vtestharness_ArbitrationTree__DepSet_he3b41dbc__21.cpp
/pixi/.pixi/envs/default/bin/x86_64-conda-linux-gnu-c++ -Os -fvisibility-inlines-hidden -fmessage-length=0 -march=nocona -mtune=haswell -ftree-vectorize -fPIC -fstack-protector-strong -fno-plt -O2 -ffunction-sections -pipe -isystem /pixi/.pixi/envs/default/include -DNDEBUG -D_FORTIFY_SOURCE=2 -O2 -isystem /pixi/.pixi/envs/default/include -I.  -MMD -I/pixi/.pixi/envs/default/share/verilator/include -I/pixi/.pixi/envs/default/share/verilator/include/vltstd -DVM_COVERAGE=0 -DVM_SC=0 -DVM_TIMING=0 -DVM_TRACE=1 -DVM_TRACE_FST=0 -DVM_TRACE_VCD=1 -faligned-new -fcf-protection=none -Wno-bool-operation -Wno-shadow -Wno-sign-compare -Wno-subobject-linkage -Wno-tautological-compare -Wno-uninitialized -Wno-unused-but-set-parameter -Wno-unused-but-set-variable -Wno-unused-parameter -Wno-unused-variable      -include Vtestharness__pch.h.fast -c -o Vtestharness_ArbitrationTree__DepSet_he3b41dbc__22.o Vtestharness_ArbitrationTree__DepSet_he3b41dbc__22.cpp
/pixi/.pixi/envs/default/bin/x86_64-conda-linux-gnu-c++ -Os -fvisibility-inlines-hidden -fmessage-length=0 -march=nocona -mtune=haswell -ftree-vectorize -fPIC -fstack-protector-strong -fno-plt -O2 -ffunction-sections -pipe -isystem /pixi/.pixi/envs/default/include -DNDEBUG -D_FORTIFY_SOURCE=2 -O2 -isystem /pixi/.pixi/envs/default/include -I.  -MMD -I/pixi/.pixi/envs/default/share/verilator/include -I/pixi/.pixi/envs/default/share/verilator/include/vltstd -DVM_COVERAGE=0 -DVM_SC=0 -DVM_TIMING=0 -DVM_TRACE=1 -DVM_TRACE_FST=0 -DVM_TRACE_VCD=1 -faligned-new -fcf-protection=none -Wno-bool-operation -Wno-shadow -Wno-sign-compare -Wno-subobject-linkage -Wno-tautological-compare -Wno-uninitialized -Wno-unused-but-set-parameter -Wno-unused-but-set-variable -Wno-unused-parameter -Wno-unused-variable      -include Vtestharness__pch.h.fast -c -o Vtestharness_ArbitrationTree__DepSet_he3b41dbc__23.o Vtestharness_ArbitrationTree__DepSet_he3b41dbc__23.cpp
/pixi/.pixi/envs/default/bin/x86_64-conda-linux-gnu-c++ -Os -fvisibility-inlines-hidden -fmessage-length=0 -march=nocona -mtune=haswell -ftree-vectorize -fPIC -fstack-protector-strong -fno-plt -O2 -ffunction-sections -pipe -isystem /pixi/.pixi/envs/default/include -DNDEBUG -D_FORTIFY_SOURCE=2 -O2 -isystem /pixi/.pixi/envs/default/include -I.  -MMD -I/pixi/.pixi/envs/default/share/verilator/include -I/pixi/.pixi/envs/default/share/verilator/include/vltstd -DVM_COVERAGE=0 -DVM_SC=0 -DVM_TIMING=0 -DVM_TRACE=1 -DVM_TRACE_FST=0 -DVM_TRACE_VCD=1 -faligned-new -fcf-protection=none -Wno-bool-operation -Wno-shadow -Wno-sign-compare -Wno-subobject-linkage -Wno-tautological-compare -Wno-uninitialized -Wno-unused-but-set-parameter -Wno-unused-but-set-variable -Wno-unused-parameter -Wno-unused-variable      -include Vtestharness__pch.h.fast -c -o Vtestharness_ArbitrationTree__DepSet_he3b41dbc__24.o Vtestharness_ArbitrationTree__DepSet_he3b41dbc__24.cpp
/pixi/.pixi/envs/default/bin/x86_64-conda-linux-gnu-c++ -Os -fvisibility-inlines-hidden -fmessage-length=0 -march=nocona -mtune=haswell -ftree-vectorize -fPIC -fstack-protector-strong -fno-plt -O2 -ffunction-sections -pipe -isystem /pixi/.pixi/envs/default/include -DNDEBUG -D_FORTIFY_SOURCE=2 -O2 -isystem /pixi/.pixi/envs/default/include -I.  -MMD -I/pixi/.pixi/envs/default/share/verilator/include -I/pixi/.pixi/envs/default/share/verilator/include/vltstd -DVM_COVERAGE=0 -DVM_SC=0 -DVM_TIMING=0 -DVM_TRACE=1 -DVM_TRACE_FST=0 -DVM_TRACE_VCD=1 -faligned-new -fcf-protection=none -Wno-bool-operation -Wno-shadow -Wno-sign-compare -Wno-subobject-linkage -Wno-tautological-compare -Wno-uninitialized -Wno-unused-but-set-parameter -Wno-unused-but-set-variable -Wno-unused-parameter -Wno-unused-variable      -include Vtestharness__pch.h.fast -c -o Vtestharness_ArbitrationTree__DepSet_he3b41dbc__25.o Vtestharness_ArbitrationTree__DepSet_he3b41dbc__25.cpp
/pixi/.pixi/envs/default/bin/x86_64-conda-linux-gnu-c++ -Os -fvisibility-inlines-hidden -fmessage-length=0 -march=nocona -mtune=haswell -ftree-vectorize -fPIC -fstack-protector-strong -fno-plt -O2 -ffunction-sections -pipe -isystem /pixi/.pixi/envs/default/include -DNDEBUG -D_FORTIFY_SOURCE=2 -O2 -isystem /pixi/.pixi/envs/default/include -I.  -MMD -I/pixi/.pixi/envs/default/share/verilator/include -I/pixi/.pixi/envs/default/share/verilator/include/vltstd -DVM_COVERAGE=0 -DVM_SC=0 -DVM_TIMING=0 -DVM_TRACE=1 -DVM_TRACE_FST=0 -DVM_TRACE_VCD=1 -faligned-new -fcf-protection=none -Wno-bool-operation -Wno-shadow -Wno-sign-compare -Wno-subobject-linkage -Wno-tautological-compare -Wno-uninitialized -Wno-unused-but-set-parameter -Wno-unused-but-set-variable -Wno-unused-parameter -Wno-unused-variable      -include Vtestharness__pch.h.fast -c -o Vtestharness_ArbitrationTree__DepSet_he3b41dbc__26.o Vtestharness_ArbitrationTree__DepSet_he3b41dbc__26.cpp
/pixi/.pixi/envs/default/bin/x86_64-conda-linux-gnu-c++ -Os -fvisibility-inlines-hidden -fmessage-length=0 -march=nocona -mtune=haswell -ftree-vectorize -fPIC -fstack-protector-strong -fno-plt -O2 -ffunction-sections -pipe -isystem /pixi/.pixi/envs/default/include -DNDEBUG -D_FORTIFY_SOURCE=2 -O2 -isystem /pixi/.pixi/envs/default/include -I.  -MMD -I/pixi/.pixi/envs/default/share/verilator/include -I/pixi/.pixi/envs/default/share/verilator/include/vltstd -DVM_COVERAGE=0 -DVM_SC=0 -DVM_TIMING=0 -DVM_TRACE=1 -DVM_TRACE_FST=0 -DVM_TRACE_VCD=1 -faligned-new -fcf-protection=none -Wno-bool-operation -Wno-shadow -Wno-sign-compare -Wno-subobject-linkage -Wno-tautological-compare -Wno-uninitialized -Wno-unused-but-set-parameter -Wno-unused-but-set-variable -Wno-unused-parameter -Wno-unused-variable      -include Vtestharness__pch.h.fast -c -o Vtestharness_ArbitrationTree__DepSet_he3b41dbc__27.o Vtestharness_ArbitrationTree__DepSet_he3b41dbc__27.cpp
/pixi/.pixi/envs/default/bin/x86_64-conda-linux-gnu-c++ -Os -fvisibility-inlines-hidden -fmessage-length=0 -march=nocona -mtune=haswell -ftree-vectorize -fPIC -fstack-protector-strong -fno-plt -O2 -ffunction-sections -pipe -isystem /pixi/.pixi/envs/default/include -DNDEBUG -D_FORTIFY_SOURCE=2 -O2 -isystem /pixi/.pixi/envs/default/include -I.  -MMD -I/pixi/.pixi/envs/default/share/verilator/include -I/pixi/.pixi/envs/default/share/verilator/include/vltstd -DVM_COVERAGE=0 -DVM_SC=0 -DVM_TIMING=0 -DVM_TRACE=1 -DVM_TRACE_FST=0 -DVM_TRACE_VCD=1 -faligned-new -fcf-protection=none -Wno-bool-operation -Wno-shadow -Wno-sign-compare -Wno-subobject-linkage -Wno-tautological-compare -Wno-uninitialized -Wno-unused-but-set-parameter -Wno-unused-but-set-variable -Wno-unused-parameter -Wno-unused-variable      -include Vtestharness__pch.h.fast -c -o Vtestharness_ArbitrationTree__DepSet_he3b41dbc__28.o Vtestharness_ArbitrationTree__DepSet_he3b41dbc__28.cpp
/pixi/.pixi/envs/default/bin/x86_64-conda-linux-gnu-c++ -Os -fvisibility-inlines-hidden -fmessage-length=0 -march=nocona -mtune=haswell -ftree-vectorize -fPIC -fstack-protector-strong -fno-plt -O2 -ffunction-sections -pipe -isystem /pixi/.pixi/envs/default/include -DNDEBUG -D_FORTIFY_SOURCE=2 -O2 -isystem /pixi/.pixi/envs/default/include -I.  -MMD -I/pixi/.pixi/envs/default/share/verilator/include -I/pixi/.pixi/envs/default/share/verilator/include/vltstd -DVM_COVERAGE=0 -DVM_SC=0 -DVM_TIMING=0 -DVM_TRACE=1 -DVM_TRACE_FST=0 -DVM_TRACE_VCD=1 -faligned-new -fcf-protection=none -Wno-bool-operation -Wno-shadow -Wno-sign-compare -Wno-subobject-linkage -Wno-tautological-compare -Wno-uninitialized -Wno-unused-but-set-parameter -Wno-unused-but-set-variable -Wno-unused-parameter -Wno-unused-variable      -include Vtestharness__pch.h.fast -c -o Vtestharness_ArbitrationTree__DepSet_he3b41dbc__29.o Vtestharness_ArbitrationTree__DepSet_he3b41dbc__29.cpp
/pixi/.pixi/envs/default/bin/x86_64-conda-linux-gnu-c++ -Os -fvisibility-inlines-hidden -fmessage-length=0 -march=nocona -mtune=haswell -ftree-vectorize -fPIC -fstack-protector-strong -fno-plt -O2 -ffunction-sections -pipe -isystem /pixi/.pixi/envs/default/include -DNDEBUG -D_FORTIFY_SOURCE=2 -O2 -isystem /pixi/.pixi/envs/default/include -I.  -MMD -I/pixi/.pixi/envs/default/share/verilator/include -I/pixi/.pixi/envs/default/share/verilator/include/vltstd -DVM_COVERAGE=0 -DVM_SC=0 -DVM_TIMING=0 -DVM_TRACE=1 -DVM_TRACE_FST=0 -DVM_TRACE_VCD=1 -faligned-new -fcf-protection=none -Wno-bool-operation -Wno-shadow -Wno-sign-compare -Wno-subobject-linkage -Wno-tautological-compare -Wno-uninitialized -Wno-unused-but-set-parameter -Wno-unused-but-set-variable -Wno-unused-parameter -Wno-unused-variable      -include Vtestharness__pch.h.fast -c -o Vtestharness_ArbitrationTree__DepSet_he3b41dbc__30.o Vtestharness_ArbitrationTree__DepSet_he3b41dbc__30.cpp
/pixi/.pixi/envs/default/bin/x86_64-conda-linux-gnu-c++ -Os -fvisibility-inlines-hidden -fmessage-length=0 -march=nocona -mtune=haswell -ftree-vectorize -fPIC -fstack-protector-strong -fno-plt -O2 -ffunction-sections -pipe -isystem /pixi/.pixi/envs/default/include -DNDEBUG -D_FORTIFY_SOURCE=2 -O2 -isystem /pixi/.pixi/envs/default/include -I.  -MMD -I/pixi/.pixi/envs/default/share/verilator/include -I/pixi/.pixi/envs/default/share/verilator/include/vltstd -DVM_COVERAGE=0 -DVM_SC=0 -DVM_TIMING=0 -DVM_TRACE=1 -DVM_TRACE_FST=0 -DVM_TRACE_VCD=1 -faligned-new -fcf-protection=none -Wno-bool-operation -Wno-shadow -Wno-sign-compare -Wno-subobject-linkage -Wno-tautological-compare -Wno-uninitialized -Wno-unused-but-set-parameter -Wno-unused-but-set-variable -Wno-unused-parameter -Wno-unused-variable      -include Vtestharness__pch.h.fast -c -o Vtestharness_ArbitrationTree__DepSet_he3b41dbc__31.o Vtestharness_ArbitrationTree__DepSet_he3b41dbc__31.cpp
/pixi/.pixi/envs/default/bin/x86_64-conda-linux-gnu-c++ -Os -fvisibility-inlines-hidden -fmessage-length=0 -march=nocona -mtune=haswell -ftree-vectorize -fPIC -fstack-protector-strong -fno-plt -O2 -ffunction-sections -pipe -isystem /pixi/.pixi/envs/default/include -DNDEBUG -D_FORTIFY_SOURCE=2 -O2 -isystem /pixi/.pixi/envs/default/include -I.  -MMD -I/pixi/.pixi/envs/default/share/verilator/include -I/pixi/.pixi/envs/default/share/verilator/include/vltstd -DVM_COVERAGE=0 -DVM_SC=0 -DVM_TIMING=0 -DVM_TRACE=1 -DVM_TRACE_FST=0 -DVM_TRACE_VCD=1 -faligned-new -fcf-protection=none -Wno-bool-operation -Wno-shadow -Wno-sign-compare -Wno-subobject-linkage -Wno-tautological-compare -Wno-uninitialized -Wno-unused-but-set-parameter -Wno-unused-but-set-variable -Wno-unused-parameter -Wno-unused-variable      -include Vtestharness__pch.h.fast -c -o Vtestharness_ArbitrationTree__DepSet_he3b41dbc__32.o Vtestharness_ArbitrationTree__DepSet_he3b41dbc__32.cpp
/pixi/.pixi/envs/default/bin/x86_64-conda-linux-gnu-c++ -Os -fvisibility-inlines-hidden -fmessage-length=0 -march=nocona -mtune=haswell -ftree-vectorize -fPIC -fstack-protector-strong -fno-plt -O2 -ffunction-sections -pipe -isystem /pixi/.pixi/envs/default/include -DNDEBUG -D_FORTIFY_SOURCE=2 -O2 -isystem /pixi/.pixi/envs/default/include -I.  -MMD -I/pixi/.pixi/envs/default/share/verilator/include -I/pixi/.pixi/envs/default/share/verilator/include/vltstd -DVM_COVERAGE=0 -DVM_SC=0 -DVM_TIMING=0 -DVM_TRACE=1 -DVM_TRACE_FST=0 -DVM_TRACE_VCD=1 -faligned-new -fcf-protection=none -Wno-bool-operation -Wno-shadow -Wno-sign-compare -Wno-subobject-linkage -Wno-tautological-compare -Wno-uninitialized -Wno-unused-but-set-parameter -Wno-unused-but-set-variable -Wno-unused-parameter -Wno-unused-variable      -include Vtestharness__pch.h.fast -c -o Vtestharness_snax_dual_versacore_int16x4_4lane_postproc_v2_cluster_Reader_AddressGenUnit__DepSet_h4b01010a__0.o Vtestharness_snax_dual_versacore_int16x4_4lane_postproc_v2_cluster_Reader_AddressGenUnit__DepSet_h4b01010a__0.cpp
/pixi/.pixi/envs/default/bin/x86_64-conda-linux-gnu-c++ -Os -fvisibility-inlines-hidden -fmessage-length=0 -march=nocona -mtune=haswell -ftree-vectorize -fPIC -fstack-protector-strong -fno-plt -O2 -ffunction-sections -pipe -isystem /pixi/.pixi/envs/default/include -DNDEBUG -D_FORTIFY_SOURCE=2 -O2 -isystem /pixi/.pixi/envs/default/include -I.  -MMD -I/pixi/.pixi/envs/default/share/verilator/include -I/pixi/.pixi/envs/default/share/verilator/include/vltstd -DVM_COVERAGE=0 -DVM_SC=0 -DVM_TIMING=0 -DVM_TRACE=1 -DVM_TRACE_FST=0 -DVM_TRACE_VCD=1 -faligned-new -fcf-protection=none -Wno-bool-operation -Wno-shadow -Wno-sign-compare -Wno-subobject-linkage -Wno-tautological-compare -Wno-uninitialized -Wno-unused-but-set-parameter -Wno-unused-but-set-variable -Wno-unused-parameter -Wno-unused-variable      -include Vtestharness__pch.h.fast -c -o Vtestharness_axi_demux__pi49__DepSet_h175e771c__0.o Vtestharness_axi_demux__pi49__DepSet_h175e771c__0.cpp
/pixi/.pixi/envs/default/bin/x86_64-conda-linux-gnu-c++ -Os -fvisibility-inlines-hidden -fmessage-length=0 -march=nocona -mtune=haswell -ftree-vectorize -fPIC -fstack-protector-strong -fno-plt -O2 -ffunction-sections -pipe -isystem /pixi/.pixi/envs/default/include -DNDEBUG -D_FORTIFY_SOURCE=2 -O2 -isystem /pixi/.pixi/envs/default/include -I.  -MMD -I/pixi/.pixi/envs/default/share/verilator/include -I/pixi/.pixi/envs/default/share/verilator/include/vltstd -DVM_COVERAGE=0 -DVM_SC=0 -DVM_TIMING=0 -DVM_TRACE=1 -DVM_TRACE_FST=0 -DVM_TRACE_VCD=1 -faligned-new -fcf-protection=none -Wno-bool-operation -Wno-shadow -Wno-sign-compare -Wno-subobject-linkage -Wno-tautological-compare -Wno-uninitialized -Wno-unused-but-set-parameter -Wno-unused-but-set-variable -Wno-unused-parameter -Wno-unused-variable      -include Vtestharness__pch.h.fast -c -o Vtestharness_axi_demux__pi49__DepSet_h175e771c__1.o Vtestharness_axi_demux__pi49__DepSet_h175e771c__1.cpp
/pixi/.pixi/envs/default/bin/x86_64-conda-linux-gnu-c++ -Os -fvisibility-inlines-hidden -fmessage-length=0 -march=nocona -mtune=haswell -ftree-vectorize -fPIC -fstack-protector-strong -fno-plt -O2 -ffunction-sections -pipe -isystem /pixi/.pixi/envs/default/include -DNDEBUG -D_FORTIFY_SOURCE=2 -O2 -isystem /pixi/.pixi/envs/default/include -I.  -MMD -I/pixi/.pixi/envs/default/share/verilator/include -I/pixi/.pixi/envs/default/share/verilator/include/vltstd -DVM_COVERAGE=0 -DVM_SC=0 -DVM_TIMING=0 -DVM_TRACE=1 -DVM_TRACE_FST=0 -DVM_TRACE_VCD=1 -faligned-new -fcf-protection=none -Wno-bool-operation -Wno-shadow -Wno-sign-compare -Wno-subobject-linkage -Wno-tautological-compare -Wno-uninitialized -Wno-unused-but-set-parameter -Wno-unused-but-set-variable -Wno-unused-parameter -Wno-unused-variable      -include Vtestharness__pch.h.fast -c -o Vtestharness_axi_demux__pi49__DepSet_h175e771c__2.o Vtestharness_axi_demux__pi49__DepSet_h175e771c__2.cpp
/pixi/.pixi/envs/default/bin/x86_64-conda-linux-gnu-c++ -Os -fvisibility-inlines-hidden -fmessage-length=0 -march=nocona -mtune=haswell -ftree-vectorize -fPIC -fstack-protector-strong -fno-plt -O2 -ffunction-sections -pipe -isystem /pixi/.pixi/envs/default/include -DNDEBUG -D_FORTIFY_SOURCE=2 -O2 -isystem /pixi/.pixi/envs/default/include -I.  -MMD -I/pixi/.pixi/envs/default/share/verilator/include -I/pixi/.pixi/envs/default/share/verilator/include/vltstd -DVM_COVERAGE=0 -DVM_SC=0 -DVM_TIMING=0 -DVM_TRACE=1 -DVM_TRACE_FST=0 -DVM_TRACE_VCD=1 -faligned-new -fcf-protection=none -Wno-bool-operation -Wno-shadow -Wno-sign-compare -Wno-subobject-linkage -Wno-tautological-compare -Wno-uninitialized -Wno-unused-but-set-parameter -Wno-unused-but-set-variable -Wno-unused-parameter -Wno-unused-variable      -include Vtestharness__pch.h.fast -c -o Vtestharness_axi_demux__pi49__DepSet_h175e771c__3.o Vtestharness_axi_demux__pi49__DepSet_h175e771c__3.cpp
/pixi/.pixi/envs/default/bin/x86_64-conda-linux-gnu-c++ -Os -fvisibility-inlines-hidden -fmessage-length=0 -march=nocona -mtune=haswell -ftree-vectorize -fPIC -fstack-protector-strong -fno-plt -O2 -ffunction-sections -pipe -isystem /pixi/.pixi/envs/default/include -DNDEBUG -D_FORTIFY_SOURCE=2 -O2 -isystem /pixi/.pixi/envs/default/include -I.  -MMD -I/pixi/.pixi/envs/default/share/verilator/include -I/pixi/.pixi/envs/default/share/verilator/include/vltstd -DVM_COVERAGE=0 -DVM_SC=0 -DVM_TIMING=0 -DVM_TRACE=1 -DVM_TRACE_FST=0 -DVM_TRACE_VCD=1 -faligned-new -fcf-protection=none -Wno-bool-operation -Wno-shadow -Wno-sign-compare -Wno-subobject-linkage -Wno-tautological-compare -Wno-uninitialized -Wno-unused-but-set-parameter -Wno-unused-but-set-variable -Wno-unused-parameter -Wno-unused-variable      -include Vtestharness__pch.h.fast -c -o Vtestharness_axi_demux__pi49__DepSet_ha5b583cf__0.o Vtestharness_axi_demux__pi49__DepSet_ha5b583cf__0.cpp
/pixi/.pixi/envs/default/bin/x86_64-conda-linux-gnu-c++ -Os -fvisibility-inlines-hidden -fmessage-length=0 -march=nocona -mtune=haswell -ftree-vectorize -fPIC -fstack-protector-strong -fno-plt -O2 -ffunction-sections -pipe -isystem /pixi/.pixi/envs/default/include -DNDEBUG -D_FORTIFY_SOURCE=2 -O2 -isystem /pixi/.pixi/envs/default/include -I.  -MMD -I/pixi/.pixi/envs/default/share/verilator/include -I/pixi/.pixi/envs/default/share/verilator/include/vltstd -DVM_COVERAGE=0 -DVM_SC=0 -DVM_TIMING=0 -DVM_TRACE=1 -DVM_TRACE_FST=0 -DVM_TRACE_VCD=1 -faligned-new -fcf-protection=none -Wno-bool-operation -Wno-shadow -Wno-sign-compare -Wno-subobject-linkage -Wno-tautological-compare -Wno-uninitialized -Wno-unused-but-set-parameter -Wno-unused-but-set-variable -Wno-unused-parameter -Wno-unused-variable      -include Vtestharness__pch.h.fast -c -o Vtestharness_axi_demux__pi68__DepSet_h052ce7bf__0.o Vtestharness_axi_demux__pi68__DepSet_h052ce7bf__0.cpp
/pixi/.pixi/envs/default/bin/x86_64-conda-linux-gnu-c++ -Os -fvisibility-inlines-hidden -fmessage-length=0 -march=nocona -mtune=haswell -ftree-vectorize -fPIC -fstack-protector-strong -fno-plt -O2 -ffunction-sections -pipe -isystem /pixi/.pixi/envs/default/include -DNDEBUG -D_FORTIFY_SOURCE=2 -O2 -isystem /pixi/.pixi/envs/default/include -I.  -MMD -I/pixi/.pixi/envs/default/share/verilator/include -I/pixi/.pixi/envs/default/share/verilator/include/vltstd -DVM_COVERAGE=0 -DVM_SC=0 -DVM_TIMING=0 -DVM_TRACE=1 -DVM_TRACE_FST=0 -DVM_TRACE_VCD=1 -faligned-new -fcf-protection=none -Wno-bool-operation -Wno-shadow -Wno-sign-compare -Wno-subobject-linkage -Wno-tautological-compare -Wno-uninitialized -Wno-unused-but-set-parameter -Wno-unused-but-set-variable -Wno-unused-parameter -Wno-unused-variable      -include Vtestharness__pch.h.fast -c -o Vtestharness_axi_demux__pi68__DepSet_h052ce7bf__1.o Vtestharness_axi_demux__pi68__DepSet_h052ce7bf__1.cpp
/pixi/.pixi/envs/default/bin/x86_64-conda-linux-gnu-c++ -Os -fvisibility-inlines-hidden -fmessage-length=0 -march=nocona -mtune=haswell -ftree-vectorize -fPIC -fstack-protector-strong -fno-plt -O2 -ffunction-sections -pipe -isystem /pixi/.pixi/envs/default/include -DNDEBUG -D_FORTIFY_SOURCE=2 -O2 -isystem /pixi/.pixi/envs/default/include -I.  -MMD -I/pixi/.pixi/envs/default/share/verilator/include -I/pixi/.pixi/envs/default/share/verilator/include/vltstd -DVM_COVERAGE=0 -DVM_SC=0 -DVM_TIMING=0 -DVM_TRACE=1 -DVM_TRACE_FST=0 -DVM_TRACE_VCD=1 -faligned-new -fcf-protection=none -Wno-bool-operation -Wno-shadow -Wno-sign-compare -Wno-subobject-linkage -Wno-tautological-compare -Wno-uninitialized -Wno-unused-but-set-parameter -Wno-unused-but-set-variable -Wno-unused-parameter -Wno-unused-variable      -include Vtestharness__pch.h.fast -c -o Vtestharness_axi_demux__pi68__DepSet_hb7e3146e__0.o Vtestharness_axi_demux__pi68__DepSet_hb7e3146e__0.cpp
/pixi/.pixi/envs/default/bin/x86_64-conda-linux-gnu-c++ -Os -fvisibility-inlines-hidden -fmessage-length=0 -march=nocona -mtune=haswell -ftree-vectorize -fPIC -fstack-protector-strong -fno-plt -O2 -ffunction-sections -pipe -isystem /pixi/.pixi/envs/default/include -DNDEBUG -D_FORTIFY_SOURCE=2 -O2 -isystem /pixi/.pixi/envs/default/include -I.  -MMD -I/pixi/.pixi/envs/default/share/verilator/include -I/pixi/.pixi/envs/default/share/verilator/include/vltstd -DVM_COVERAGE=0 -DVM_SC=0 -DVM_TIMING=0 -DVM_TRACE=1 -DVM_TRACE_FST=0 -DVM_TRACE_VCD=1 -faligned-new -fcf-protection=none -Wno-bool-operation -Wno-shadow -Wno-sign-compare -Wno-subobject-linkage -Wno-tautological-compare -Wno-uninitialized -Wno-unused-but-set-parameter -Wno-unused-but-set-variable -Wno-unused-parameter -Wno-unused-variable      -include Vtestharness__pch.h.fast -c -o Vtestharness_axi_err_slv__pi69__DepSet_hdfb16287__0.o Vtestharness_axi_err_slv__pi69__DepSet_hdfb16287__0.cpp
/pixi/.pixi/envs/default/bin/x86_64-conda-linux-gnu-c++ -Os -fvisibility-inlines-hidden -fmessage-length=0 -march=nocona -mtune=haswell -ftree-vectorize -fPIC -fstack-protector-strong -fno-plt -O2 -ffunction-sections -pipe -isystem /pixi/.pixi/envs/default/include -DNDEBUG -D_FORTIFY_SOURCE=2 -O2 -isystem /pixi/.pixi/envs/default/include -I.  -MMD -I/pixi/.pixi/envs/default/share/verilator/include -I/pixi/.pixi/envs/default/share/verilator/include/vltstd -DVM_COVERAGE=0 -DVM_SC=0 -DVM_TIMING=0 -DVM_TRACE=1 -DVM_TRACE_FST=0 -DVM_TRACE_VCD=1 -faligned-new -fcf-protection=none -Wno-bool-operation -Wno-shadow -Wno-sign-compare -Wno-subobject-linkage -Wno-tautological-compare -Wno-uninitialized -Wno-unused-but-set-parameter -Wno-unused-but-set-variable -Wno-unused-parameter -Wno-unused-variable      -include Vtestharness__pch.h.fast -c -o Vtestharness_tc_sram_impl__pi55__DepSet_he5c22454__0.o Vtestharness_tc_sram_impl__pi55__DepSet_he5c22454__0.cpp
/pixi/.pixi/envs/default/bin/x86_64-conda-linux-gnu-c++ -Os -fvisibility-inlines-hidden -fmessage-length=0 -march=nocona -mtune=haswell -ftree-vectorize -fPIC -fstack-protector-strong -fno-plt -O2 -ffunction-sections -pipe -isystem /pixi/.pixi/envs/default/include -DNDEBUG -D_FORTIFY_SOURCE=2 -O2 -isystem /pixi/.pixi/envs/default/include -I.  -MMD -I/pixi/.pixi/envs/default/share/verilator/include -I/pixi/.pixi/envs/default/share/verilator/include/vltstd -DVM_COVERAGE=0 -DVM_SC=0 -DVM_TIMING=0 -DVM_TRACE=1 -DVM_TRACE_FST=0 -DVM_TRACE_VCD=1 -faligned-new -fcf-protection=none -Wno-bool-operation -Wno-shadow -Wno-sign-compare -Wno-subobject-linkage -Wno-tautological-compare -Wno-uninitialized -Wno-unused-but-set-parameter -Wno-unused-but-set-variable -Wno-unused-parameter -Wno-unused-variable      -include Vtestharness__pch.h.fast -c -o Vtestharness_tc_sram_impl__pi55__DepSet_he5c22454__1.o Vtestharness_tc_sram_impl__pi55__DepSet_he5c22454__1.cpp
/pixi/.pixi/envs/default/bin/x86_64-conda-linux-gnu-c++ -Os -fvisibility-inlines-hidden -fmessage-length=0 -march=nocona -mtune=haswell -ftree-vectorize -fPIC -fstack-protector-strong -fno-plt -O2 -ffunction-sections -pipe -isystem /pixi/.pixi/envs/default/include -DNDEBUG -D_FORTIFY_SOURCE=2 -O2 -isystem /pixi/.pixi/envs/default/include -I.  -MMD -I/pixi/.pixi/envs/default/share/verilator/include -I/pixi/.pixi/envs/default/share/verilator/include/vltstd -DVM_COVERAGE=0 -DVM_SC=0 -DVM_TIMING=0 -DVM_TRACE=1 -DVM_TRACE_FST=0 -DVM_TRACE_VCD=1 -faligned-new -fcf-protection=none -Wno-bool-operation -Wno-shadow -Wno-sign-compare -Wno-subobject-linkage -Wno-tautological-compare -Wno-uninitialized -Wno-unused-but-set-parameter -Wno-unused-but-set-variable -Wno-unused-parameter -Wno-unused-variable      -include Vtestharness__pch.h.fast -c -o Vtestharness_axi_burst_splitter_counters__pi176__DepSet_hd2667ff1__0.o Vtestharness_axi_burst_splitter_counters__pi176__DepSet_hd2667ff1__0.cpp
/pixi/.pixi/envs/default/bin/x86_64-conda-linux-gnu-c++ -Os -fvisibility-inlines-hidden -fmessage-length=0 -march=nocona -mtune=haswell -ftree-vectorize -fPIC -fstack-protector-strong -fno-plt -O2 -ffunction-sections -pipe -isystem /pixi/.pixi/envs/default/include -DNDEBUG -D_FORTIFY_SOURCE=2 -O2 -isystem /pixi/.pixi/envs/default/include -I.  -MMD -I/pixi/.pixi/envs/default/share/verilator/include -I/pixi/.pixi/envs/default/share/verilator/include/vltstd -DVM_COVERAGE=0 -DVM_SC=0 -DVM_TIMING=0 -DVM_TRACE=1 -DVM_TRACE_FST=0 -DVM_TRACE_VCD=1 -faligned-new -fcf-protection=none -Wno-bool-operation -Wno-shadow -Wno-sign-compare -Wno-subobject-linkage -Wno-tautological-compare -Wno-uninitialized -Wno-unused-but-set-parameter -Wno-unused-but-set-variable -Wno-unused-parameter -Wno-unused-variable      -include Vtestharness__pch.h.fast -c -o Vtestharness_axi_burst_splitter_counters__pi176__DepSet_hd2667ff1__1.o Vtestharness_axi_burst_splitter_counters__pi176__DepSet_hd2667ff1__1.cpp
/pixi/.pixi/envs/default/bin/x86_64-conda-linux-gnu-c++ -Os -fvisibility-inlines-hidden -fmessage-length=0 -march=nocona -mtune=haswell -ftree-vectorize -fPIC -fstack-protector-strong -fno-plt -O2 -ffunction-sections -pipe -isystem /pixi/.pixi/envs/default/include -DNDEBUG -D_FORTIFY_SOURCE=2 -O2 -isystem /pixi/.pixi/envs/default/include -I.  -MMD -I/pixi/.pixi/envs/default/share/verilator/include -I/pixi/.pixi/envs/default/share/verilator/include/vltstd -DVM_COVERAGE=0 -DVM_SC=0 -DVM_TIMING=0 -DVM_TRACE=1 -DVM_TRACE_FST=0 -DVM_TRACE_VCD=1 -faligned-new -fcf-protection=none -Wno-bool-operation -Wno-shadow -Wno-sign-compare -Wno-subobject-linkage -Wno-tautological-compare -Wno-uninitialized -Wno-unused-but-set-parameter -Wno-unused-but-set-variable -Wno-unused-parameter -Wno-unused-variable      -include Vtestharness__pch.h.fast -c -o Vtestharness_axi_burst_splitter_counters__pi176__DepSet_h689d8cbc__0.o Vtestharness_axi_burst_splitter_counters__pi176__DepSet_h689d8cbc__0.cpp
/pixi/.pixi/envs/default/bin/x86_64-conda-linux-gnu-c++ -Os -fvisibility-inlines-hidden -fmessage-length=0 -march=nocona -mtune=haswell -ftree-vectorize -fPIC -fstack-protector-strong -fno-plt -O2 -ffunction-sections -pipe -isystem /pixi/.pixi/envs/default/include -DNDEBUG -D_FORTIFY_SOURCE=2 -O2 -isystem /pixi/.pixi/envs/default/include -I.  -MMD -I/pixi/.pixi/envs/default/share/verilator/include -I/pixi/.pixi/envs/default/share/verilator/include/vltstd -DVM_COVERAGE=0 -DVM_SC=0 -DVM_TIMING=0 -DVM_TRACE=1 -DVM_TRACE_FST=0 -DVM_TRACE_VCD=1 -faligned-new -fcf-protection=none -Wno-bool-operation -Wno-shadow -Wno-sign-compare -Wno-subobject-linkage -Wno-tautological-compare -Wno-uninitialized -Wno-unused-but-set-parameter -Wno-unused-but-set-variable -Wno-unused-parameter -Wno-unused-variable      -include Vtestharness__pch.h.fast -c -o Vtestharness_axi_burst_splitter_counters__pi178__DepSet_hd041666c__0.o Vtestharness_axi_burst_splitter_counters__pi178__DepSet_hd041666c__0.cpp
/pixi/.pixi/envs/default/bin/x86_64-conda-linux-gnu-c++ -Os -fvisibility-inlines-hidden -fmessage-length=0 -march=nocona -mtune=haswell -ftree-vectorize -fPIC -fstack-protector-strong -fno-plt -O2 -ffunction-sections -pipe -isystem /pixi/.pixi/envs/default/include -DNDEBUG -D_FORTIFY_SOURCE=2 -O2 -isystem /pixi/.pixi/envs/default/include -I.  -MMD -I/pixi/.pixi/envs/default/share/verilator/include -I/pixi/.pixi/envs/default/share/verilator/include/vltstd -DVM_COVERAGE=0 -DVM_SC=0 -DVM_TIMING=0 -DVM_TRACE=1 -DVM_TRACE_FST=0 -DVM_TRACE_VCD=1 -faligned-new -fcf-protection=none -Wno-bool-operation -Wno-shadow -Wno-sign-compare -Wno-subobject-linkage -Wno-tautological-compare -Wno-uninitialized -Wno-unused-but-set-parameter -Wno-unused-but-set-variable -Wno-unused-parameter -Wno-unused-variable      -include Vtestharness__pch.h.fast -c -o Vtestharness_axi_burst_splitter_counters__pi178__DepSet_hd041666c__1.o Vtestharness_axi_burst_splitter_counters__pi178__DepSet_hd041666c__1.cpp
/pixi/.pixi/envs/default/bin/x86_64-conda-linux-gnu-c++ -Os -fvisibility-inlines-hidden -fmessage-length=0 -march=nocona -mtune=haswell -ftree-vectorize -fPIC -fstack-protector-strong -fno-plt -O2 -ffunction-sections -pipe -isystem /pixi/.pixi/envs/default/include -DNDEBUG -D_FORTIFY_SOURCE=2 -O2 -isystem /pixi/.pixi/envs/default/include -I.  -MMD -I/pixi/.pixi/envs/default/share/verilator/include -I/pixi/.pixi/envs/default/share/verilator/include/vltstd -DVM_COVERAGE=0 -DVM_SC=0 -DVM_TIMING=0 -DVM_TRACE=1 -DVM_TRACE_FST=0 -DVM_TRACE_VCD=1 -faligned-new -fcf-protection=none -Wno-bool-operation -Wno-shadow -Wno-sign-compare -Wno-subobject-linkage -Wno-tautological-compare -Wno-uninitialized -Wno-unused-but-set-parameter -Wno-unused-but-set-variable -Wno-unused-parameter -Wno-unused-variable      -include Vtestharness__pch.h.fast -c -o Vtestharness_axi_burst_splitter_counters__pi178__DepSet_h6ab8951f__0.o Vtestharness_axi_burst_splitter_counters__pi178__DepSet_h6ab8951f__0.cpp
/pixi/.pixi/envs/default/bin/x86_64-conda-linux-gnu-c++ -Os -fvisibility-inlines-hidden -fmessage-length=0 -march=nocona -mtune=haswell -ftree-vectorize -fPIC -fstack-protector-strong -fno-plt -O2 -ffunction-sections -pipe -isystem /pixi/.pixi/envs/default/include -DNDEBUG -D_FORTIFY_SOURCE=2 -O2 -isystem /pixi/.pixi/envs/default/include -I.  -MMD -I/pixi/.pixi/envs/default/share/verilator/include -I/pixi/.pixi/envs/default/share/verilator/include/vltstd -DVM_COVERAGE=0 -DVM_SC=0 -DVM_TIMING=0 -DVM_TRACE=1 -DVM_TRACE_FST=0 -DVM_TRACE_VCD=1 -faligned-new -fcf-protection=none -Wno-bool-operation -Wno-shadow -Wno-sign-compare -Wno-subobject-linkage -Wno-tautological-compare -Wno-uninitialized -Wno-unused-but-set-parameter -Wno-unused-but-set-variable -Wno-unused-parameter -Wno-unused-variable      -include Vtestharness__pch.h.fast -c -o Vtestharness_axi_demux_id_counters__pi193__DepSet_hbdd96c90__0.o Vtestharness_axi_demux_id_counters__pi193__DepSet_hbdd96c90__0.cpp
/pixi/.pixi/envs/default/bin/x86_64-conda-linux-gnu-c++ -Os -fvisibility-inlines-hidden -fmessage-length=0 -march=nocona -mtune=haswell -ftree-vectorize -fPIC -fstack-protector-strong -fno-plt -O2 -ffunction-sections -pipe -isystem /pixi/.pixi/envs/default/include -DNDEBUG -D_FORTIFY_SOURCE=2 -O2 -isystem /pixi/.pixi/envs/default/include -I.  -MMD -I/pixi/.pixi/envs/default/share/verilator/include -I/pixi/.pixi/envs/default/share/verilator/include/vltstd -DVM_COVERAGE=0 -DVM_SC=0 -DVM_TIMING=0 -DVM_TRACE=1 -DVM_TRACE_FST=0 -DVM_TRACE_VCD=1 -faligned-new -fcf-protection=none -Wno-bool-operation -Wno-shadow -Wno-sign-compare -Wno-subobject-linkage -Wno-tautological-compare -Wno-uninitialized -Wno-unused-but-set-parameter -Wno-unused-but-set-variable -Wno-unused-parameter -Wno-unused-variable      -include Vtestharness__pch.h.fast -c -o Vtestharness_axi_demux_id_counters__pi194__DepSet_h63e1f3b1__0.o Vtestharness_axi_demux_id_counters__pi194__DepSet_h63e1f3b1__0.cpp
/pixi/.pixi/envs/default/bin/x86_64-conda-linux-gnu-c++ -Os -fvisibility-inlines-hidden -fmessage-length=0 -march=nocona -mtune=haswell -ftree-vectorize -fPIC -fstack-protector-strong -fno-plt -O2 -ffunction-sections -pipe -isystem /pixi/.pixi/envs/default/include -DNDEBUG -D_FORTIFY_SOURCE=2 -O2 -isystem /pixi/.pixi/envs/default/include -I.  -MMD -I/pixi/.pixi/envs/default/share/verilator/include -I/pixi/.pixi/envs/default/share/verilator/include/vltstd -DVM_COVERAGE=0 -DVM_SC=0 -DVM_TIMING=0 -DVM_TRACE=1 -DVM_TRACE_FST=0 -DVM_TRACE_VCD=1 -faligned-new -fcf-protection=none -Wno-bool-operation -Wno-shadow -Wno-sign-compare -Wno-subobject-linkage -Wno-tautological-compare -Wno-uninitialized -Wno-unused-but-set-parameter -Wno-unused-but-set-variable -Wno-unused-parameter -Wno-unused-variable      -include Vtestharness__pch.h.fast -c -o Vtestharness__Dpi.o Vtestharness__Dpi.cpp
/pixi/.pixi/envs/default/bin/x86_64-conda-linux-gnu-c++ -Os -fvisibility-inlines-hidden -fmessage-length=0 -march=nocona -mtune=haswell -ftree-vectorize -fPIC -fstack-protector-strong -fno-plt -O2 -ffunction-sections -pipe -isystem /pixi/.pixi/envs/default/include -DNDEBUG -D_FORTIFY_SOURCE=2 -O2 -isystem /pixi/.pixi/envs/default/include -I.  -MMD -I/pixi/.pixi/envs/default/share/verilator/include -I/pixi/.pixi/envs/default/share/verilator/include/vltstd -DVM_COVERAGE=0 -DVM_SC=0 -DVM_TIMING=0 -DVM_TRACE=1 -DVM_TRACE_FST=0 -DVM_TRACE_VCD=1 -faligned-new -fcf-protection=none -Wno-bool-operation -Wno-shadow -Wno-sign-compare -Wno-subobject-linkage -Wno-tautological-compare -Wno-uninitialized -Wno-unused-but-set-parameter -Wno-unused-but-set-variable -Wno-unused-parameter -Wno-unused-variable      -include Vtestharness__pch.h.fast -c -o Vtestharness__Trace__0.o Vtestharness__Trace__0.cpp
/pixi/.pixi/envs/default/bin/x86_64-conda-linux-gnu-c++ -Os -fvisibility-inlines-hidden -fmessage-length=0 -march=nocona -mtune=haswell -ftree-vectorize -fPIC -fstack-protector-strong -fno-plt -O2 -ffunction-sections -pipe -isystem /pixi/.pixi/envs/default/include -DNDEBUG -D_FORTIFY_SOURCE=2 -O2 -isystem /pixi/.pixi/envs/default/include -I.  -MMD -I/pixi/.pixi/envs/default/share/verilator/include -I/pixi/.pixi/envs/default/share/verilator/include/vltstd -DVM_COVERAGE=0 -DVM_SC=0 -DVM_TIMING=0 -DVM_TRACE=1 -DVM_TRACE_FST=0 -DVM_TRACE_VCD=1 -faligned-new -fcf-protection=none -Wno-bool-operation -Wno-shadow -Wno-sign-compare -Wno-subobject-linkage -Wno-tautological-compare -Wno-uninitialized -Wno-unused-but-set-parameter -Wno-unused-but-set-variable -Wno-unused-parameter -Wno-unused-variable      -include Vtestharness__pch.h.fast -c -o Vtestharness__Trace__1.o Vtestharness__Trace__1.cpp
/pixi/.pixi/envs/default/bin/x86_64-conda-linux-gnu-c++ -Os -fvisibility-inlines-hidden -fmessage-length=0 -march=nocona -mtune=haswell -ftree-vectorize -fPIC -fstack-protector-strong -fno-plt -O2 -ffunction-sections -pipe -isystem /pixi/.pixi/envs/default/include -DNDEBUG -D_FORTIFY_SOURCE=2 -O2 -isystem /pixi/.pixi/envs/default/include -I.  -MMD -I/pixi/.pixi/envs/default/share/verilator/include -I/pixi/.pixi/envs/default/share/verilator/include/vltstd -DVM_COVERAGE=0 -DVM_SC=0 -DVM_TIMING=0 -DVM_TRACE=1 -DVM_TRACE_FST=0 -DVM_TRACE_VCD=1 -faligned-new -fcf-protection=none -Wno-bool-operation -Wno-shadow -Wno-sign-compare -Wno-subobject-linkage -Wno-tautological-compare -Wno-uninitialized -Wno-unused-but-set-parameter -Wno-unused-but-set-variable -Wno-unused-parameter -Wno-unused-variable      -include Vtestharness__pch.h.fast -c -o Vtestharness__Trace__2.o Vtestharness__Trace__2.cpp
/pixi/.pixi/envs/default/bin/x86_64-conda-linux-gnu-c++ -Os -fvisibility-inlines-hidden -fmessage-length=0 -march=nocona -mtune=haswell -ftree-vectorize -fPIC -fstack-protector-strong -fno-plt -O2 -ffunction-sections -pipe -isystem /pixi/.pixi/envs/default/include -DNDEBUG -D_FORTIFY_SOURCE=2 -O2 -isystem /pixi/.pixi/envs/default/include -I.  -MMD -I/pixi/.pixi/envs/default/share/verilator/include -I/pixi/.pixi/envs/default/share/verilator/include/vltstd -DVM_COVERAGE=0 -DVM_SC=0 -DVM_TIMING=0 -DVM_TRACE=1 -DVM_TRACE_FST=0 -DVM_TRACE_VCD=1 -faligned-new -fcf-protection=none -Wno-bool-operation -Wno-shadow -Wno-sign-compare -Wno-subobject-linkage -Wno-tautological-compare -Wno-uninitialized -Wno-unused-but-set-parameter -Wno-unused-but-set-variable -Wno-unused-parameter -Wno-unused-variable      -include Vtestharness__pch.h.fast -c -o Vtestharness__Trace__3.o Vtestharness__Trace__3.cpp
/pixi/.pixi/envs/default/bin/x86_64-conda-linux-gnu-c++ -Os -fvisibility-inlines-hidden -fmessage-length=0 -march=nocona -mtune=haswell -ftree-vectorize -fPIC -fstack-protector-strong -fno-plt -O2 -ffunction-sections -pipe -isystem /pixi/.pixi/envs/default/include -DNDEBUG -D_FORTIFY_SOURCE=2 -O2 -isystem /pixi/.pixi/envs/default/include -I.  -MMD -I/pixi/.pixi/envs/default/share/verilator/include -I/pixi/.pixi/envs/default/share/verilator/include/vltstd -DVM_COVERAGE=0 -DVM_SC=0 -DVM_TIMING=0 -DVM_TRACE=1 -DVM_TRACE_FST=0 -DVM_TRACE_VCD=1 -faligned-new -fcf-protection=none -Wno-bool-operation -Wno-shadow -Wno-sign-compare -Wno-subobject-linkage -Wno-tautological-compare -Wno-uninitialized -Wno-unused-but-set-parameter -Wno-unused-but-set-variable -Wno-unused-parameter -Wno-unused-variable      -include Vtestharness__pch.h.fast -c -o Vtestharness__Trace__4.o Vtestharness__Trace__4.cpp
/pixi/.pixi/envs/default/bin/x86_64-conda-linux-gnu-c++ -Os -fvisibility-inlines-hidden -fmessage-length=0 -march=nocona -mtune=haswell -ftree-vectorize -fPIC -fstack-protector-strong -fno-plt -O2 -ffunction-sections -pipe -isystem /pixi/.pixi/envs/default/include -DNDEBUG -D_FORTIFY_SOURCE=2 -O2 -isystem /pixi/.pixi/envs/default/include -I.  -MMD -I/pixi/.pixi/envs/default/share/verilator/include -I/pixi/.pixi/envs/default/share/verilator/include/vltstd -DVM_COVERAGE=0 -DVM_SC=0 -DVM_TIMING=0 -DVM_TRACE=1 -DVM_TRACE_FST=0 -DVM_TRACE_VCD=1 -faligned-new -fcf-protection=none -Wno-bool-operation -Wno-shadow -Wno-sign-compare -Wno-subobject-linkage -Wno-tautological-compare -Wno-uninitialized -Wno-unused-but-set-parameter -Wno-unused-but-set-variable -Wno-unused-parameter -Wno-unused-variable      -include Vtestharness__pch.h.fast -c -o Vtestharness__Trace__5.o Vtestharness__Trace__5.cpp
/pixi/.pixi/envs/default/bin/x86_64-conda-linux-gnu-c++ -Os -fvisibility-inlines-hidden -fmessage-length=0 -march=nocona -mtune=haswell -ftree-vectorize -fPIC -fstack-protector-strong -fno-plt -O2 -ffunction-sections -pipe -isystem /pixi/.pixi/envs/default/include -DNDEBUG -D_FORTIFY_SOURCE=2 -O2 -isystem /pixi/.pixi/envs/default/include -I.  -MMD -I/pixi/.pixi/envs/default/share/verilator/include -I/pixi/.pixi/envs/default/share/verilator/include/vltstd -DVM_COVERAGE=0 -DVM_SC=0 -DVM_TIMING=0 -DVM_TRACE=1 -DVM_TRACE_FST=0 -DVM_TRACE_VCD=1 -faligned-new -fcf-protection=none -Wno-bool-operation -Wno-shadow -Wno-sign-compare -Wno-subobject-linkage -Wno-tautological-compare -Wno-uninitialized -Wno-unused-but-set-parameter -Wno-unused-but-set-variable -Wno-unused-parameter -Wno-unused-variable      -include Vtestharness__pch.h.fast -c -o Vtestharness__Trace__6.o Vtestharness__Trace__6.cpp
/pixi/.pixi/envs/default/bin/x86_64-conda-linux-gnu-c++ -Os -fvisibility-inlines-hidden -fmessage-length=0 -march=nocona -mtune=haswell -ftree-vectorize -fPIC -fstack-protector-strong -fno-plt -O2 -ffunction-sections -pipe -isystem /pixi/.pixi/envs/default/include -DNDEBUG -D_FORTIFY_SOURCE=2 -O2 -isystem /pixi/.pixi/envs/default/include -I.  -MMD -I/pixi/.pixi/envs/default/share/verilator/include -I/pixi/.pixi/envs/default/share/verilator/include/vltstd -DVM_COVERAGE=0 -DVM_SC=0 -DVM_TIMING=0 -DVM_TRACE=1 -DVM_TRACE_FST=0 -DVM_TRACE_VCD=1 -faligned-new -fcf-protection=none -Wno-bool-operation -Wno-shadow -Wno-sign-compare -Wno-subobject-linkage -Wno-tautological-compare -Wno-uninitialized -Wno-unused-but-set-parameter -Wno-unused-but-set-variable -Wno-unused-parameter -Wno-unused-variable      -include Vtestharness__pch.h.fast -c -o Vtestharness__Trace__7.o Vtestharness__Trace__7.cpp
/pixi/.pixi/envs/default/bin/x86_64-conda-linux-gnu-c++ -Os -fvisibility-inlines-hidden -fmessage-length=0 -march=nocona -mtune=haswell -ftree-vectorize -fPIC -fstack-protector-strong -fno-plt -O2 -ffunction-sections -pipe -isystem /pixi/.pixi/envs/default/include -DNDEBUG -D_FORTIFY_SOURCE=2 -O2 -isystem /pixi/.pixi/envs/default/include -I.  -MMD -I/pixi/.pixi/envs/default/share/verilator/include -I/pixi/.pixi/envs/default/share/verilator/include/vltstd -DVM_COVERAGE=0 -DVM_SC=0 -DVM_TIMING=0 -DVM_TRACE=1 -DVM_TRACE_FST=0 -DVM_TRACE_VCD=1 -faligned-new -fcf-protection=none -Wno-bool-operation -Wno-shadow -Wno-sign-compare -Wno-subobject-linkage -Wno-tautological-compare -Wno-uninitialized -Wno-unused-but-set-parameter -Wno-unused-but-set-variable -Wno-unused-parameter -Wno-unused-variable      -include Vtestharness__pch.h.fast -c -o Vtestharness__Trace__8.o Vtestharness__Trace__8.cpp
/pixi/.pixi/envs/default/bin/x86_64-conda-linux-gnu-c++ -Os -fvisibility-inlines-hidden -fmessage-length=0 -march=nocona -mtune=haswell -ftree-vectorize -fPIC -fstack-protector-strong -fno-plt -O2 -ffunction-sections -pipe -isystem /pixi/.pixi/envs/default/include -DNDEBUG -D_FORTIFY_SOURCE=2 -O2 -isystem /pixi/.pixi/envs/default/include -I.  -MMD -I/pixi/.pixi/envs/default/share/verilator/include -I/pixi/.pixi/envs/default/share/verilator/include/vltstd -DVM_COVERAGE=0 -DVM_SC=0 -DVM_TIMING=0 -DVM_TRACE=1 -DVM_TRACE_FST=0 -DVM_TRACE_VCD=1 -faligned-new -fcf-protection=none -Wno-bool-operation -Wno-shadow -Wno-sign-compare -Wno-subobject-linkage -Wno-tautological-compare -Wno-uninitialized -Wno-unused-but-set-parameter -Wno-unused-but-set-variable -Wno-unused-parameter -Wno-unused-variable      -include Vtestharness__pch.h.fast -c -o Vtestharness__Trace__9.o Vtestharness__Trace__9.cpp
/pixi/.pixi/envs/default/bin/x86_64-conda-linux-gnu-c++ -Os -fvisibility-inlines-hidden -fmessage-length=0 -march=nocona -mtune=haswell -ftree-vectorize -fPIC -fstack-protector-strong -fno-plt -O2 -ffunction-sections -pipe -isystem /pixi/.pixi/envs/default/include -DNDEBUG -D_FORTIFY_SOURCE=2 -O2 -isystem /pixi/.pixi/envs/default/include -I.  -MMD -I/pixi/.pixi/envs/default/share/verilator/include -I/pixi/.pixi/envs/default/share/verilator/include/vltstd -DVM_COVERAGE=0 -DVM_SC=0 -DVM_TIMING=0 -DVM_TRACE=1 -DVM_TRACE_FST=0 -DVM_TRACE_VCD=1 -faligned-new -fcf-protection=none -Wno-bool-operation -Wno-shadow -Wno-sign-compare -Wno-subobject-linkage -Wno-tautological-compare -Wno-uninitialized -Wno-unused-but-set-parameter -Wno-unused-but-set-variable -Wno-unused-parameter -Wno-unused-variable      -include Vtestharness__pch.h.fast -c -o Vtestharness__Trace__10.o Vtestharness__Trace__10.cpp
/pixi/.pixi/envs/default/bin/x86_64-conda-linux-gnu-c++  -fvisibility-inlines-hidden -fmessage-length=0 -march=nocona -mtune=haswell -ftree-vectorize -fPIC -fstack-protector-strong -fno-plt -O2 -ffunction-sections -pipe -isystem /pixi/.pixi/envs/default/include -DNDEBUG -D_FORTIFY_SOURCE=2 -O2 -isystem /pixi/.pixi/envs/default/include -I.  -MMD -I/pixi/.pixi/envs/default/share/verilator/include -I/pixi/.pixi/envs/default/share/verilator/include/vltstd -DVM_COVERAGE=0 -DVM_SC=0 -DVM_TIMING=0 -DVM_TRACE=1 -DVM_TRACE_FST=0 -DVM_TRACE_VCD=1 -faligned-new -fcf-protection=none -Wno-bool-operation -Wno-shadow -Wno-sign-compare -Wno-subobject-linkage -Wno-tautological-compare -Wno-uninitialized -Wno-unused-but-set-parameter -Wno-unused-but-set-variable -Wno-unused-parameter -Wno-unused-variable      -include Vtestharness__pch.h.slow -c -o Vtestharness__ConstPool_0.o Vtestharness__ConstPool_0.cpp
/pixi/.pixi/envs/default/bin/x86_64-conda-linux-gnu-c++  -fvisibility-inlines-hidden -fmessage-length=0 -march=nocona -mtune=haswell -ftree-vectorize -fPIC -fstack-protector-strong -fno-plt -O2 -ffunction-sections -pipe -isystem /pixi/.pixi/envs/default/include -DNDEBUG -D_FORTIFY_SOURCE=2 -O2 -isystem /pixi/.pixi/envs/default/include -I.  -MMD -I/pixi/.pixi/envs/default/share/verilator/include -I/pixi/.pixi/envs/default/share/verilator/include/vltstd -DVM_COVERAGE=0 -DVM_SC=0 -DVM_TIMING=0 -DVM_TRACE=1 -DVM_TRACE_FST=0 -DVM_TRACE_VCD=1 -faligned-new -fcf-protection=none -Wno-bool-operation -Wno-shadow -Wno-sign-compare -Wno-subobject-linkage -Wno-tautological-compare -Wno-uninitialized -Wno-unused-but-set-parameter -Wno-unused-but-set-variable -Wno-unused-parameter -Wno-unused-variable      -include Vtestharness__pch.h.slow -c -o Vtestharness___024root__Slow.o Vtestharness___024root__Slow.cpp
/pixi/.pixi/envs/default/bin/x86_64-conda-linux-gnu-c++  -fvisibility-inlines-hidden -fmessage-length=0 -march=nocona -mtune=haswell -ftree-vectorize -fPIC -fstack-protector-strong -fno-plt -O2 -ffunction-sections -pipe -isystem /pixi/.pixi/envs/default/include -DNDEBUG -D_FORTIFY_SOURCE=2 -O2 -isystem /pixi/.pixi/envs/default/include -I.  -MMD -I/pixi/.pixi/envs/default/share/verilator/include -I/pixi/.pixi/envs/default/share/verilator/include/vltstd -DVM_COVERAGE=0 -DVM_SC=0 -DVM_TIMING=0 -DVM_TRACE=1 -DVM_TRACE_FST=0 -DVM_TRACE_VCD=1 -faligned-new -fcf-protection=none -Wno-bool-operation -Wno-shadow -Wno-sign-compare -Wno-subobject-linkage -Wno-tautological-compare -Wno-uninitialized -Wno-unused-but-set-parameter -Wno-unused-but-set-variable -Wno-unused-parameter -Wno-unused-variable      -include Vtestharness__pch.h.slow -c -o Vtestharness___024root__DepSet_hbc650c6c__0__Slow.o Vtestharness___024root__DepSet_hbc650c6c__0__Slow.cpp
/pixi/.pixi/envs/default/bin/x86_64-conda-linux-gnu-c++  -fvisibility-inlines-hidden -fmessage-length=0 -march=nocona -mtune=haswell -ftree-vectorize -fPIC -fstack-protector-strong -fno-plt -O2 -ffunction-sections -pipe -isystem /pixi/.pixi/envs/default/include -DNDEBUG -D_FORTIFY_SOURCE=2 -O2 -isystem /pixi/.pixi/envs/default/include -I.  -MMD -I/pixi/.pixi/envs/default/share/verilator/include -I/pixi/.pixi/envs/default/share/verilator/include/vltstd -DVM_COVERAGE=0 -DVM_SC=0 -DVM_TIMING=0 -DVM_TRACE=1 -DVM_TRACE_FST=0 -DVM_TRACE_VCD=1 -faligned-new -fcf-protection=none -Wno-bool-operation -Wno-shadow -Wno-sign-compare -Wno-subobject-linkage -Wno-tautological-compare -Wno-uninitialized -Wno-unused-but-set-parameter -Wno-unused-but-set-variable -Wno-unused-parameter -Wno-unused-variable      -include Vtestharness__pch.h.slow -c -o Vtestharness___024root__DepSet_hbc650c6c__1__Slow.o Vtestharness___024root__DepSet_hbc650c6c__1__Slow.cpp
/pixi/.pixi/envs/default/bin/x86_64-conda-linux-gnu-c++  -fvisibility-inlines-hidden -fmessage-length=0 -march=nocona -mtune=haswell -ftree-vectorize -fPIC -fstack-protector-strong -fno-plt -O2 -ffunction-sections -pipe -isystem /pixi/.pixi/envs/default/include -DNDEBUG -D_FORTIFY_SOURCE=2 -O2 -isystem /pixi/.pixi/envs/default/include -I.  -MMD -I/pixi/.pixi/envs/default/share/verilator/include -I/pixi/.pixi/envs/default/share/verilator/include/vltstd -DVM_COVERAGE=0 -DVM_SC=0 -DVM_TIMING=0 -DVM_TRACE=1 -DVM_TRACE_FST=0 -DVM_TRACE_VCD=1 -faligned-new -fcf-protection=none -Wno-bool-operation -Wno-shadow -Wno-sign-compare -Wno-subobject-linkage -Wno-tautological-compare -Wno-uninitialized -Wno-unused-but-set-parameter -Wno-unused-but-set-variable -Wno-unused-parameter -Wno-unused-variable      -include Vtestharness__pch.h.slow -c -o Vtestharness___024root__DepSet_hbc650c6c__2__Slow.o Vtestharness___024root__DepSet_hbc650c6c__2__Slow.cpp
/pixi/.pixi/envs/default/bin/x86_64-conda-linux-gnu-c++  -fvisibility-inlines-hidden -fmessage-length=0 -march=nocona -mtune=haswell -ftree-vectorize -fPIC -fstack-protector-strong -fno-plt -O2 -ffunction-sections -pipe -isystem /pixi/.pixi/envs/default/include -DNDEBUG -D_FORTIFY_SOURCE=2 -O2 -isystem /pixi/.pixi/envs/default/include -I.  -MMD -I/pixi/.pixi/envs/default/share/verilator/include -I/pixi/.pixi/envs/default/share/verilator/include/vltstd -DVM_COVERAGE=0 -DVM_SC=0 -DVM_TIMING=0 -DVM_TRACE=1 -DVM_TRACE_FST=0 -DVM_TRACE_VCD=1 -faligned-new -fcf-protection=none -Wno-bool-operation -Wno-shadow -Wno-sign-compare -Wno-subobject-linkage -Wno-tautological-compare -Wno-uninitialized -Wno-unused-but-set-parameter -Wno-unused-but-set-variable -Wno-unused-parameter -Wno-unused-variable      -include Vtestharness__pch.h.slow -c -o Vtestharness___024root__DepSet_hbc650c6c__3__Slow.o Vtestharness___024root__DepSet_hbc650c6c__3__Slow.cpp
/pixi/.pixi/envs/default/bin/x86_64-conda-linux-gnu-c++  -fvisibility-inlines-hidden -fmessage-length=0 -march=nocona -mtune=haswell -ftree-vectorize -fPIC -fstack-protector-strong -fno-plt -O2 -ffunction-sections -pipe -isystem /pixi/.pixi/envs/default/include -DNDEBUG -D_FORTIFY_SOURCE=2 -O2 -isystem /pixi/.pixi/envs/default/include -I.  -MMD -I/pixi/.pixi/envs/default/share/verilator/include -I/pixi/.pixi/envs/default/share/verilator/include/vltstd -DVM_COVERAGE=0 -DVM_SC=0 -DVM_TIMING=0 -DVM_TRACE=1 -DVM_TRACE_FST=0 -DVM_TRACE_VCD=1 -faligned-new -fcf-protection=none -Wno-bool-operation -Wno-shadow -Wno-sign-compare -Wno-subobject-linkage -Wno-tautological-compare -Wno-uninitialized -Wno-unused-but-set-parameter -Wno-unused-but-set-variable -Wno-unused-parameter -Wno-unused-variable      -include Vtestharness__pch.h.slow -c -o Vtestharness___024root__DepSet_hbc650c6c__4__Slow.o Vtestharness___024root__DepSet_hbc650c6c__4__Slow.cpp
/pixi/.pixi/envs/default/bin/x86_64-conda-linux-gnu-c++  -fvisibility-inlines-hidden -fmessage-length=0 -march=nocona -mtune=haswell -ftree-vectorize -fPIC -fstack-protector-strong -fno-plt -O2 -ffunction-sections -pipe -isystem /pixi/.pixi/envs/default/include -DNDEBUG -D_FORTIFY_SOURCE=2 -O2 -isystem /pixi/.pixi/envs/default/include -I.  -MMD -I/pixi/.pixi/envs/default/share/verilator/include -I/pixi/.pixi/envs/default/share/verilator/include/vltstd -DVM_COVERAGE=0 -DVM_SC=0 -DVM_TIMING=0 -DVM_TRACE=1 -DVM_TRACE_FST=0 -DVM_TRACE_VCD=1 -faligned-new -fcf-protection=none -Wno-bool-operation -Wno-shadow -Wno-sign-compare -Wno-subobject-linkage -Wno-tautological-compare -Wno-uninitialized -Wno-unused-but-set-parameter -Wno-unused-but-set-variable -Wno-unused-parameter -Wno-unused-variable      -include Vtestharness__pch.h.slow -c -o Vtestharness___024root__DepSet_h3e9cff1f__0__Slow.o Vtestharness___024root__DepSet_h3e9cff1f__0__Slow.cpp
/pixi/.pixi/envs/default/bin/x86_64-conda-linux-gnu-c++  -fvisibility-inlines-hidden -fmessage-length=0 -march=nocona -mtune=haswell -ftree-vectorize -fPIC -fstack-protector-strong -fno-plt -O2 -ffunction-sections -pipe -isystem /pixi/.pixi/envs/default/include -DNDEBUG -D_FORTIFY_SOURCE=2 -O2 -isystem /pixi/.pixi/envs/default/include -I.  -MMD -I/pixi/.pixi/envs/default/share/verilator/include -I/pixi/.pixi/envs/default/share/verilator/include/vltstd -DVM_COVERAGE=0 -DVM_SC=0 -DVM_TIMING=0 -DVM_TRACE=1 -DVM_TRACE_FST=0 -DVM_TRACE_VCD=1 -faligned-new -fcf-protection=none -Wno-bool-operation -Wno-shadow -Wno-sign-compare -Wno-subobject-linkage -Wno-tautological-compare -Wno-uninitialized -Wno-unused-but-set-parameter -Wno-unused-but-set-variable -Wno-unused-parameter -Wno-unused-variable      -include Vtestharness__pch.h.slow -c -o Vtestharness___024root__DepSet_h3e9cff1f__1__Slow.o Vtestharness___024root__DepSet_h3e9cff1f__1__Slow.cpp
/pixi/.pixi/envs/default/bin/x86_64-conda-linux-gnu-c++  -fvisibility-inlines-hidden -fmessage-length=0 -march=nocona -mtune=haswell -ftree-vectorize -fPIC -fstack-protector-strong -fno-plt -O2 -ffunction-sections -pipe -isystem /pixi/.pixi/envs/default/include -DNDEBUG -D_FORTIFY_SOURCE=2 -O2 -isystem /pixi/.pixi/envs/default/include -I.  -MMD -I/pixi/.pixi/envs/default/share/verilator/include -I/pixi/.pixi/envs/default/share/verilator/include/vltstd -DVM_COVERAGE=0 -DVM_SC=0 -DVM_TIMING=0 -DVM_TRACE=1 -DVM_TRACE_FST=0 -DVM_TRACE_VCD=1 -faligned-new -fcf-protection=none -Wno-bool-operation -Wno-shadow -Wno-sign-compare -Wno-subobject-linkage -Wno-tautological-compare -Wno-uninitialized -Wno-unused-but-set-parameter -Wno-unused-but-set-variable -Wno-unused-parameter -Wno-unused-variable      -include Vtestharness__pch.h.slow -c -o Vtestharness___024root__DepSet_h3e9cff1f__2__Slow.o Vtestharness___024root__DepSet_h3e9cff1f__2__Slow.cpp
/pixi/.pixi/envs/default/bin/x86_64-conda-linux-gnu-c++  -fvisibility-inlines-hidden -fmessage-length=0 -march=nocona -mtune=haswell -ftree-vectorize -fPIC -fstack-protector-strong -fno-plt -O2 -ffunction-sections -pipe -isystem /pixi/.pixi/envs/default/include -DNDEBUG -D_FORTIFY_SOURCE=2 -O2 -isystem /pixi/.pixi/envs/default/include -I.  -MMD -I/pixi/.pixi/envs/default/share/verilator/include -I/pixi/.pixi/envs/default/share/verilator/include/vltstd -DVM_COVERAGE=0 -DVM_SC=0 -DVM_TIMING=0 -DVM_TRACE=1 -DVM_TRACE_FST=0 -DVM_TRACE_VCD=1 -faligned-new -fcf-protection=none -Wno-bool-operation -Wno-shadow -Wno-sign-compare -Wno-subobject-linkage -Wno-tautological-compare -Wno-uninitialized -Wno-unused-but-set-parameter -Wno-unused-but-set-variable -Wno-unused-parameter -Wno-unused-variable      -include Vtestharness__pch.h.slow -c -o Vtestharness___024unit__Slow.o Vtestharness___024unit__Slow.cpp
/pixi/.pixi/envs/default/bin/x86_64-conda-linux-gnu-c++  -fvisibility-inlines-hidden -fmessage-length=0 -march=nocona -mtune=haswell -ftree-vectorize -fPIC -fstack-protector-strong -fno-plt -O2 -ffunction-sections -pipe -isystem /pixi/.pixi/envs/default/include -DNDEBUG -D_FORTIFY_SOURCE=2 -O2 -isystem /pixi/.pixi/envs/default/include -I.  -MMD -I/pixi/.pixi/envs/default/share/verilator/include -I/pixi/.pixi/envs/default/share/verilator/include/vltstd -DVM_COVERAGE=0 -DVM_SC=0 -DVM_TIMING=0 -DVM_TRACE=1 -DVM_TRACE_FST=0 -DVM_TRACE_VCD=1 -faligned-new -fcf-protection=none -Wno-bool-operation -Wno-shadow -Wno-sign-compare -Wno-subobject-linkage -Wno-tautological-compare -Wno-uninitialized -Wno-unused-but-set-parameter -Wno-unused-but-set-variable -Wno-unused-parameter -Wno-unused-variable      -include Vtestharness__pch.h.slow -c -o Vtestharness___024unit__DepSet_h32825d4c__0__Slow.o Vtestharness___024unit__DepSet_h32825d4c__0__Slow.cpp
/pixi/.pixi/envs/default/bin/x86_64-conda-linux-gnu-c++  -fvisibility-inlines-hidden -fmessage-length=0 -march=nocona -mtune=haswell -ftree-vectorize -fPIC -fstack-protector-strong -fno-plt -O2 -ffunction-sections -pipe -isystem /pixi/.pixi/envs/default/include -DNDEBUG -D_FORTIFY_SOURCE=2 -O2 -isystem /pixi/.pixi/envs/default/include -I.  -MMD -I/pixi/.pixi/envs/default/share/verilator/include -I/pixi/.pixi/envs/default/share/verilator/include/vltstd -DVM_COVERAGE=0 -DVM_SC=0 -DVM_TIMING=0 -DVM_TRACE=1 -DVM_TRACE_FST=0 -DVM_TRACE_VCD=1 -faligned-new -fcf-protection=none -Wno-bool-operation -Wno-shadow -Wno-sign-compare -Wno-subobject-linkage -Wno-tautological-compare -Wno-uninitialized -Wno-unused-but-set-parameter -Wno-unused-but-set-variable -Wno-unused-parameter -Wno-unused-variable      -include Vtestharness__pch.h.slow -c -o Vtestharness_snax_dual_versacore_int16x4_4lane_postproc_v2_cluster_pkg__Slow.o Vtestharness_snax_dual_versacore_int16x4_4lane_postproc_v2_cluster_pkg__Slow.cpp
/pixi/.pixi/envs/default/bin/x86_64-conda-linux-gnu-c++  -fvisibility-inlines-hidden -fmessage-length=0 -march=nocona -mtune=haswell -ftree-vectorize -fPIC -fstack-protector-strong -fno-plt -O2 -ffunction-sections -pipe -isystem /pixi/.pixi/envs/default/include -DNDEBUG -D_FORTIFY_SOURCE=2 -O2 -isystem /pixi/.pixi/envs/default/include -I.  -MMD -I/pixi/.pixi/envs/default/share/verilator/include -I/pixi/.pixi/envs/default/share/verilator/include/vltstd -DVM_COVERAGE=0 -DVM_SC=0 -DVM_TIMING=0 -DVM_TRACE=1 -DVM_TRACE_FST=0 -DVM_TRACE_VCD=1 -faligned-new -fcf-protection=none -Wno-bool-operation -Wno-shadow -Wno-sign-compare -Wno-subobject-linkage -Wno-tautological-compare -Wno-uninitialized -Wno-unused-but-set-parameter -Wno-unused-but-set-variable -Wno-unused-parameter -Wno-unused-variable      -include Vtestharness__pch.h.slow -c -o Vtestharness_snax_dual_versacore_int16x4_4lane_postproc_v2_cluster_pkg__DepSet_h06c3ba8c__0__Slow.o Vtestharness_snax_dual_versacore_int16x4_4lane_postproc_v2_cluster_pkg__DepSet_h06c3ba8c__0__Slow.cpp
/pixi/.pixi/envs/default/bin/x86_64-conda-linux-gnu-c++  -fvisibility-inlines-hidden -fmessage-length=0 -march=nocona -mtune=haswell -ftree-vectorize -fPIC -fstack-protector-strong -fno-plt -O2 -ffunction-sections -pipe -isystem /pixi/.pixi/envs/default/include -DNDEBUG -D_FORTIFY_SOURCE=2 -O2 -isystem /pixi/.pixi/envs/default/include -I.  -MMD -I/pixi/.pixi/envs/default/share/verilator/include -I/pixi/.pixi/envs/default/share/verilator/include/vltstd -DVM_COVERAGE=0 -DVM_SC=0 -DVM_TIMING=0 -DVM_TRACE=1 -DVM_TRACE_FST=0 -DVM_TRACE_VCD=1 -faligned-new -fcf-protection=none -Wno-bool-operation -Wno-shadow -Wno-sign-compare -Wno-subobject-linkage -Wno-tautological-compare -Wno-uninitialized -Wno-unused-but-set-parameter -Wno-unused-but-set-variable -Wno-unused-parameter -Wno-unused-variable      -include Vtestharness__pch.h.slow -c -o Vtestharness_idma_reg64_frontend_reg_pkg__Slow.o Vtestharness_idma_reg64_frontend_reg_pkg__Slow.cpp
/pixi/.pixi/envs/default/bin/x86_64-conda-linux-gnu-c++  -fvisibility-inlines-hidden -fmessage-length=0 -march=nocona -mtune=haswell -ftree-vectorize -fPIC -fstack-protector-strong -fno-plt -O2 -ffunction-sections -pipe -isystem /pixi/.pixi/envs/default/include -DNDEBUG -D_FORTIFY_SOURCE=2 -O2 -isystem /pixi/.pixi/envs/default/include -I.  -MMD -I/pixi/.pixi/envs/default/share/verilator/include -I/pixi/.pixi/envs/default/share/verilator/include/vltstd -DVM_COVERAGE=0 -DVM_SC=0 -DVM_TIMING=0 -DVM_TRACE=1 -DVM_TRACE_FST=0 -DVM_TRACE_VCD=1 -faligned-new -fcf-protection=none -Wno-bool-operation -Wno-shadow -Wno-sign-compare -Wno-subobject-linkage -Wno-tautological-compare -Wno-uninitialized -Wno-unused-but-set-parameter -Wno-unused-but-set-variable -Wno-unused-parameter -Wno-unused-variable      -include Vtestharness__pch.h.slow -c -o Vtestharness_idma_reg64_frontend_reg_pkg__DepSet_hd00c985c__0__Slow.o Vtestharness_idma_reg64_frontend_reg_pkg__DepSet_hd00c985c__0__Slow.cpp
/pixi/.pixi/envs/default/bin/x86_64-conda-linux-gnu-c++  -fvisibility-inlines-hidden -fmessage-length=0 -march=nocona -mtune=haswell -ftree-vectorize -fPIC -fstack-protector-strong -fno-plt -O2 -ffunction-sections -pipe -isystem /pixi/.pixi/envs/default/include -DNDEBUG -D_FORTIFY_SOURCE=2 -O2 -isystem /pixi/.pixi/envs/default/include -I.  -MMD -I/pixi/.pixi/envs/default/share/verilator/include -I/pixi/.pixi/envs/default/share/verilator/include/vltstd -DVM_COVERAGE=0 -DVM_SC=0 -DVM_TIMING=0 -DVM_TRACE=1 -DVM_TRACE_FST=0 -DVM_TRACE_VCD=1 -faligned-new -fcf-protection=none -Wno-bool-operation -Wno-shadow -Wno-sign-compare -Wno-subobject-linkage -Wno-tautological-compare -Wno-uninitialized -Wno-unused-but-set-parameter -Wno-unused-but-set-variable -Wno-unused-parameter -Wno-unused-variable      -include Vtestharness__pch.h.slow -c -o Vtestharness_snitch_amo_shim__Ae_D40_C1__Slow.o Vtestharness_snitch_amo_shim__Ae_D40_C1__Slow.cpp
/pixi/.pixi/envs/default/bin/x86_64-conda-linux-gnu-c++  -fvisibility-inlines-hidden -fmessage-length=0 -march=nocona -mtune=haswell -ftree-vectorize -fPIC -fstack-protector-strong -fno-plt -O2 -ffunction-sections -pipe -isystem /pixi/.pixi/envs/default/include -DNDEBUG -D_FORTIFY_SOURCE=2 -O2 -isystem /pixi/.pixi/envs/default/include -I.  -MMD -I/pixi/.pixi/envs/default/share/verilator/include -I/pixi/.pixi/envs/default/share/verilator/include/vltstd -DVM_COVERAGE=0 -DVM_SC=0 -DVM_TIMING=0 -DVM_TRACE=1 -DVM_TRACE_FST=0 -DVM_TRACE_VCD=1 -faligned-new -fcf-protection=none -Wno-bool-operation -Wno-shadow -Wno-sign-compare -Wno-subobject-linkage -Wno-tautological-compare -Wno-uninitialized -Wno-unused-but-set-parameter -Wno-unused-but-set-variable -Wno-unused-parameter -Wno-unused-variable      -include Vtestharness__pch.h.slow -c -o Vtestharness_snitch_amo_shim__Ae_D40_C1__DepSet_ha7a765ad__0__Slow.o Vtestharness_snitch_amo_shim__Ae_D40_C1__DepSet_ha7a765ad__0__Slow.cpp
/pixi/.pixi/envs/default/bin/x86_64-conda-linux-gnu-c++  -fvisibility-inlines-hidden -fmessage-length=0 -march=nocona -mtune=haswell -ftree-vectorize -fPIC -fstack-protector-strong -fno-plt -O2 -ffunction-sections -pipe -isystem /pixi/.pixi/envs/default/include -DNDEBUG -D_FORTIFY_SOURCE=2 -O2 -isystem /pixi/.pixi/envs/default/include -I.  -MMD -I/pixi/.pixi/envs/default/share/verilator/include -I/pixi/.pixi/envs/default/share/verilator/include/vltstd -DVM_COVERAGE=0 -DVM_SC=0 -DVM_TIMING=0 -DVM_TRACE=1 -DVM_TRACE_FST=0 -DVM_TRACE_VCD=1 -faligned-new -fcf-protection=none -Wno-bool-operation -Wno-shadow -Wno-sign-compare -Wno-subobject-linkage -Wno-tautological-compare -Wno-uninitialized -Wno-unused-but-set-parameter -Wno-unused-but-set-variable -Wno-unused-parameter -Wno-unused-variable      -include Vtestharness__pch.h.slow -c -o Vtestharness_snitch_amo_shim__Ae_D40_C1__DepSet_h555e9660__0__Slow.o Vtestharness_snitch_amo_shim__Ae_D40_C1__DepSet_h555e9660__0__Slow.cpp
/pixi/.pixi/envs/default/bin/x86_64-conda-linux-gnu-c++  -fvisibility-inlines-hidden -fmessage-length=0 -march=nocona -mtune=haswell -ftree-vectorize -fPIC -fstack-protector-strong -fno-plt -O2 -ffunction-sections -pipe -isystem /pixi/.pixi/envs/default/include -DNDEBUG -D_FORTIFY_SOURCE=2 -O2 -isystem /pixi/.pixi/envs/default/include -I.  -MMD -I/pixi/.pixi/envs/default/share/verilator/include -I/pixi/.pixi/envs/default/share/verilator/include/vltstd -DVM_COVERAGE=0 -DVM_SC=0 -DVM_TIMING=0 -DVM_TRACE=1 -DVM_TRACE_FST=0 -DVM_TRACE_VCD=1 -faligned-new -fcf-protection=none -Wno-bool-operation -Wno-shadow -Wno-sign-compare -Wno-subobject-linkage -Wno-tautological-compare -Wno-uninitialized -Wno-unused-but-set-parameter -Wno-unused-but-set-variable -Wno-unused-parameter -Wno-unused-variable      -include Vtestharness__pch.h.slow -c -o Vtestharness_VersaCore__Slow.o Vtestharness_VersaCore__Slow.cpp
/pixi/.pixi/envs/default/bin/x86_64-conda-linux-gnu-c++  -fvisibility-inlines-hidden -fmessage-length=0 -march=nocona -mtune=haswell -ftree-vectorize -fPIC -fstack-protector-strong -fno-plt -O2 -ffunction-sections -pipe -isystem /pixi/.pixi/envs/default/include -DNDEBUG -D_FORTIFY_SOURCE=2 -O2 -isystem /pixi/.pixi/envs/default/include -I.  -MMD -I/pixi/.pixi/envs/default/share/verilator/include -I/pixi/.pixi/envs/default/share/verilator/include/vltstd -DVM_COVERAGE=0 -DVM_SC=0 -DVM_TIMING=0 -DVM_TRACE=1 -DVM_TRACE_FST=0 -DVM_TRACE_VCD=1 -faligned-new -fcf-protection=none -Wno-bool-operation -Wno-shadow -Wno-sign-compare -Wno-subobject-linkage -Wno-tautological-compare -Wno-uninitialized -Wno-unused-but-set-parameter -Wno-unused-but-set-variable -Wno-unused-parameter -Wno-unused-variable      -include Vtestharness__pch.h.slow -c -o Vtestharness_VersaCore__DepSet_h0e34f730__0__Slow.o Vtestharness_VersaCore__DepSet_h0e34f730__0__Slow.cpp
/pixi/.pixi/envs/default/bin/x86_64-conda-linux-gnu-c++  -fvisibility-inlines-hidden -fmessage-length=0 -march=nocona -mtune=haswell -ftree-vectorize -fPIC -fstack-protector-strong -fno-plt -O2 -ffunction-sections -pipe -isystem /pixi/.pixi/envs/default/include -DNDEBUG -D_FORTIFY_SOURCE=2 -O2 -isystem /pixi/.pixi/envs/default/include -I.  -MMD -I/pixi/.pixi/envs/default/share/verilator/include -I/pixi/.pixi/envs/default/share/verilator/include/vltstd -DVM_COVERAGE=0 -DVM_SC=0 -DVM_TIMING=0 -DVM_TRACE=1 -DVM_TRACE_FST=0 -DVM_TRACE_VCD=1 -faligned-new -fcf-protection=none -Wno-bool-operation -Wno-shadow -Wno-sign-compare -Wno-subobject-linkage -Wno-tautological-compare -Wno-uninitialized -Wno-unused-but-set-parameter -Wno-unused-but-set-variable -Wno-unused-parameter -Wno-unused-variable      -include Vtestharness__pch.h.slow -c -o Vtestharness_VersaCore__DepSet_h218f0bea__0__Slow.o Vtestharness_VersaCore__DepSet_h218f0bea__0__Slow.cpp
/pixi/.pixi/envs/default/bin/x86_64-conda-linux-gnu-c++  -fvisibility-inlines-hidden -fmessage-length=0 -march=nocona -mtune=haswell -ftree-vectorize -fPIC -fstack-protector-strong -fno-plt -O2 -ffunction-sections -pipe -isystem /pixi/.pixi/envs/default/include -DNDEBUG -D_FORTIFY_SOURCE=2 -O2 -isystem /pixi/.pixi/envs/default/include -I.  -MMD -I/pixi/.pixi/envs/default/share/verilator/include -I/pixi/.pixi/envs/default/share/verilator/include/vltstd -DVM_COVERAGE=0 -DVM_SC=0 -DVM_TIMING=0 -DVM_TRACE=1 -DVM_TRACE_FST=0 -DVM_TRACE_VCD=1 -faligned-new -fcf-protection=none -Wno-bool-operation -Wno-shadow -Wno-sign-compare -Wno-subobject-linkage -Wno-tautological-compare -Wno-uninitialized -Wno-unused-but-set-parameter -Wno-unused-but-set-variable -Wno-unused-parameter -Wno-unused-variable      -include Vtestharness__pch.h.slow -c -o Vtestharness_REG_BUS__A30_D40__Slow.o Vtestharness_REG_BUS__A30_D40__Slow.cpp
/pixi/.pixi/envs/default/bin/x86_64-conda-linux-gnu-c++  -fvisibility-inlines-hidden -fmessage-length=0 -march=nocona -mtune=haswell -ftree-vectorize -fPIC -fstack-protector-strong -fno-plt -O2 -ffunction-sections -pipe -isystem /pixi/.pixi/envs/default/include -DNDEBUG -D_FORTIFY_SOURCE=2 -O2 -isystem /pixi/.pixi/envs/default/include -I.  -MMD -I/pixi/.pixi/envs/default/share/verilator/include -I/pixi/.pixi/envs/default/share/verilator/include/vltstd -DVM_COVERAGE=0 -DVM_SC=0 -DVM_TIMING=0 -DVM_TRACE=1 -DVM_TRACE_FST=0 -DVM_TRACE_VCD=1 -faligned-new -fcf-protection=none -Wno-bool-operation -Wno-shadow -Wno-sign-compare -Wno-subobject-linkage -Wno-tautological-compare -Wno-uninitialized -Wno-unused-but-set-parameter -Wno-unused-but-set-variable -Wno-unused-parameter -Wno-unused-variable      -include Vtestharness__pch.h.slow -c -o Vtestharness_REG_BUS__A30_D40__DepSet_h9b8387fd__0__Slow.o Vtestharness_REG_BUS__A30_D40__DepSet_h9b8387fd__0__Slow.cpp
/pixi/.pixi/envs/default/bin/x86_64-conda-linux-gnu-c++  -fvisibility-inlines-hidden -fmessage-length=0 -march=nocona -mtune=haswell -ftree-vectorize -fPIC -fstack-protector-strong -fno-plt -O2 -ffunction-sections -pipe -isystem /pixi/.pixi/envs/default/include -DNDEBUG -D_FORTIFY_SOURCE=2 -O2 -isystem /pixi/.pixi/envs/default/include -I.  -MMD -I/pixi/.pixi/envs/default/share/verilator/include -I/pixi/.pixi/envs/default/share/verilator/include/vltstd -DVM_COVERAGE=0 -DVM_SC=0 -DVM_TIMING=0 -DVM_TRACE=1 -DVM_TRACE_FST=0 -DVM_TRACE_VCD=1 -faligned-new -fcf-protection=none -Wno-bool-operation -Wno-shadow -Wno-sign-compare -Wno-subobject-linkage -Wno-tautological-compare -Wno-uninitialized -Wno-unused-but-set-parameter -Wno-unused-but-set-variable -Wno-unused-parameter -Wno-unused-variable      -include Vtestharness__pch.h.slow -c -o Vtestharness_REG_BUS__A30_D200__Slow.o Vtestharness_REG_BUS__A30_D200__Slow.cpp
/pixi/.pixi/envs/default/bin/x86_64-conda-linux-gnu-c++  -fvisibility-inlines-hidden -fmessage-length=0 -march=nocona -mtune=haswell -ftree-vectorize -fPIC -fstack-protector-strong -fno-plt -O2 -ffunction-sections -pipe -isystem /pixi/.pixi/envs/default/include -DNDEBUG -D_FORTIFY_SOURCE=2 -O2 -isystem /pixi/.pixi/envs/default/include -I.  -MMD -I/pixi/.pixi/envs/default/share/verilator/include -I/pixi/.pixi/envs/default/share/verilator/include/vltstd -DVM_COVERAGE=0 -DVM_SC=0 -DVM_TIMING=0 -DVM_TRACE=1 -DVM_TRACE_FST=0 -DVM_TRACE_VCD=1 -faligned-new -fcf-protection=none -Wno-bool-operation -Wno-shadow -Wno-sign-compare -Wno-subobject-linkage -Wno-tautological-compare -Wno-uninitialized -Wno-unused-but-set-parameter -Wno-unused-but-set-variable -Wno-unused-parameter -Wno-unused-variable      -include Vtestharness__pch.h.slow -c -o Vtestharness_REG_BUS__A30_D200__DepSet_h9af89066__0__Slow.o Vtestharness_REG_BUS__A30_D200__DepSet_h9af89066__0__Slow.cpp
/pixi/.pixi/envs/default/bin/x86_64-conda-linux-gnu-c++  -fvisibility-inlines-hidden -fmessage-length=0 -march=nocona -mtune=haswell -ftree-vectorize -fPIC -fstack-protector-strong -fno-plt -O2 -ffunction-sections -pipe -isystem /pixi/.pixi/envs/default/include -DNDEBUG -D_FORTIFY_SOURCE=2 -O2 -isystem /pixi/.pixi/envs/default/include -I.  -MMD -I/pixi/.pixi/envs/default/share/verilator/include -I/pixi/.pixi/envs/default/share/verilator/include/vltstd -DVM_COVERAGE=0 -DVM_SC=0 -DVM_TIMING=0 -DVM_TRACE=1 -DVM_TRACE_FST=0 -DVM_TRACE_VCD=1 -faligned-new -fcf-protection=none -Wno-bool-operation -Wno-shadow -Wno-sign-compare -Wno-subobject-linkage -Wno-tautological-compare -Wno-uninitialized -Wno-unused-but-set-parameter -Wno-unused-but-set-variable -Wno-unused-parameter -Wno-unused-variable      -include Vtestharness__pch.h.slow -c -o Vtestharness_axi_mux__pi52__Slow.o Vtestharness_axi_mux__pi52__Slow.cpp
/pixi/.pixi/envs/default/bin/x86_64-conda-linux-gnu-c++  -fvisibility-inlines-hidden -fmessage-length=0 -march=nocona -mtune=haswell -ftree-vectorize -fPIC -fstack-protector-strong -fno-plt -O2 -ffunction-sections -pipe -isystem /pixi/.pixi/envs/default/include -DNDEBUG -D_FORTIFY_SOURCE=2 -O2 -isystem /pixi/.pixi/envs/default/include -I.  -MMD -I/pixi/.pixi/envs/default/share/verilator/include -I/pixi/.pixi/envs/default/share/verilator/include/vltstd -DVM_COVERAGE=0 -DVM_SC=0 -DVM_TIMING=0 -DVM_TRACE=1 -DVM_TRACE_FST=0 -DVM_TRACE_VCD=1 -faligned-new -fcf-protection=none -Wno-bool-operation -Wno-shadow -Wno-sign-compare -Wno-subobject-linkage -Wno-tautological-compare -Wno-uninitialized -Wno-unused-but-set-parameter -Wno-unused-but-set-variable -Wno-unused-parameter -Wno-unused-variable      -include Vtestharness__pch.h.slow -c -o Vtestharness_axi_mux__pi52__DepSet_h39c09a6b__0__Slow.o Vtestharness_axi_mux__pi52__DepSet_h39c09a6b__0__Slow.cpp
/pixi/.pixi/envs/default/bin/x86_64-conda-linux-gnu-c++  -fvisibility-inlines-hidden -fmessage-length=0 -march=nocona -mtune=haswell -ftree-vectorize -fPIC -fstack-protector-strong -fno-plt -O2 -ffunction-sections -pipe -isystem /pixi/.pixi/envs/default/include -DNDEBUG -D_FORTIFY_SOURCE=2 -O2 -isystem /pixi/.pixi/envs/default/include -I.  -MMD -I/pixi/.pixi/envs/default/share/verilator/include -I/pixi/.pixi/envs/default/share/verilator/include/vltstd -DVM_COVERAGE=0 -DVM_SC=0 -DVM_TIMING=0 -DVM_TRACE=1 -DVM_TRACE_FST=0 -DVM_TRACE_VCD=1 -faligned-new -fcf-protection=none -Wno-bool-operation -Wno-shadow -Wno-sign-compare -Wno-subobject-linkage -Wno-tautological-compare -Wno-uninitialized -Wno-unused-but-set-parameter -Wno-unused-but-set-variable -Wno-unused-parameter -Wno-unused-variable      -include Vtestharness__pch.h.slow -c -o Vtestharness_axi_mux__pi52__DepSet_hc3376922__0__Slow.o Vtestharness_axi_mux__pi52__DepSet_hc3376922__0__Slow.cpp
/pixi/.pixi/envs/default/bin/x86_64-conda-linux-gnu-c++  -fvisibility-inlines-hidden -fmessage-length=0 -march=nocona -mtune=haswell -ftree-vectorize -fPIC -fstack-protector-strong -fno-plt -O2 -ffunction-sections -pipe -isystem /pixi/.pixi/envs/default/include -DNDEBUG -D_FORTIFY_SOURCE=2 -O2 -isystem /pixi/.pixi/envs/default/include -I.  -MMD -I/pixi/.pixi/envs/default/share/verilator/include -I/pixi/.pixi/envs/default/share/verilator/include/vltstd -DVM_COVERAGE=0 -DVM_SC=0 -DVM_TIMING=0 -DVM_TRACE=1 -DVM_TRACE_FST=0 -DVM_TRACE_VCD=1 -faligned-new -fcf-protection=none -Wno-bool-operation -Wno-shadow -Wno-sign-compare -Wno-subobject-linkage -Wno-tautological-compare -Wno-uninitialized -Wno-unused-but-set-parameter -Wno-unused-but-set-variable -Wno-unused-parameter -Wno-unused-variable      -include Vtestharness__pch.h.slow -c -o Vtestharness_axi_to_mem__pi54__Slow.o Vtestharness_axi_to_mem__pi54__Slow.cpp
/pixi/.pixi/envs/default/bin/x86_64-conda-linux-gnu-c++  -fvisibility-inlines-hidden -fmessage-length=0 -march=nocona -mtune=haswell -ftree-vectorize -fPIC -fstack-protector-strong -fno-plt -O2 -ffunction-sections -pipe -isystem /pixi/.pixi/envs/default/include -DNDEBUG -D_FORTIFY_SOURCE=2 -O2 -isystem /pixi/.pixi/envs/default/include -I.  -MMD -I/pixi/.pixi/envs/default/share/verilator/include -I/pixi/.pixi/envs/default/share/verilator/include/vltstd -DVM_COVERAGE=0 -DVM_SC=0 -DVM_TIMING=0 -DVM_TRACE=1 -DVM_TRACE_FST=0 -DVM_TRACE_VCD=1 -faligned-new -fcf-protection=none -Wno-bool-operation -Wno-shadow -Wno-sign-compare -Wno-subobject-linkage -Wno-tautological-compare -Wno-uninitialized -Wno-unused-but-set-parameter -Wno-unused-but-set-variable -Wno-unused-parameter -Wno-unused-variable      -include Vtestharness__pch.h.slow -c -o Vtestharness_axi_to_mem__pi54__DepSet_h2fc044c8__0__Slow.o Vtestharness_axi_to_mem__pi54__DepSet_h2fc044c8__0__Slow.cpp
/pixi/.pixi/envs/default/bin/x86_64-conda-linux-gnu-c++  -fvisibility-inlines-hidden -fmessage-length=0 -march=nocona -mtune=haswell -ftree-vectorize -fPIC -fstack-protector-strong -fno-plt -O2 -ffunction-sections -pipe -isystem /pixi/.pixi/envs/default/include -DNDEBUG -D_FORTIFY_SOURCE=2 -O2 -isystem /pixi/.pixi/envs/default/include -I.  -MMD -I/pixi/.pixi/envs/default/share/verilator/include -I/pixi/.pixi/envs/default/share/verilator/include/vltstd -DVM_COVERAGE=0 -DVM_SC=0 -DVM_TIMING=0 -DVM_TRACE=1 -DVM_TRACE_FST=0 -DVM_TRACE_VCD=1 -faligned-new -fcf-protection=none -Wno-bool-operation -Wno-shadow -Wno-sign-compare -Wno-subobject-linkage -Wno-tautological-compare -Wno-uninitialized -Wno-unused-but-set-parameter -Wno-unused-but-set-variable -Wno-unused-parameter -Wno-unused-variable      -include Vtestharness__pch.h.slow -c -o Vtestharness_axi_to_mem__pi54__DepSet_hcd37b783__0__Slow.o Vtestharness_axi_to_mem__pi54__DepSet_hcd37b783__0__Slow.cpp
/pixi/.pixi/envs/default/bin/x86_64-conda-linux-gnu-c++  -fvisibility-inlines-hidden -fmessage-length=0 -march=nocona -mtune=haswell -ftree-vectorize -fPIC -fstack-protector-strong -fno-plt -O2 -ffunction-sections -pipe -isystem /pixi/.pixi/envs/default/include -DNDEBUG -D_FORTIFY_SOURCE=2 -O2 -isystem /pixi/.pixi/envs/default/include -I.  -MMD -I/pixi/.pixi/envs/default/share/verilator/include -I/pixi/.pixi/envs/default/share/verilator/include/vltstd -DVM_COVERAGE=0 -DVM_SC=0 -DVM_TIMING=0 -DVM_TRACE=1 -DVM_TRACE_FST=0 -DVM_TRACE_VCD=1 -faligned-new -fcf-protection=none -Wno-bool-operation -Wno-shadow -Wno-sign-compare -Wno-subobject-linkage -Wno-tautological-compare -Wno-uninitialized -Wno-unused-but-set-parameter -Wno-unused-but-set-variable -Wno-unused-parameter -Wno-unused-variable      -include Vtestharness__pch.h.slow -c -o Vtestharness_axi_mux__pi71__Slow.o Vtestharness_axi_mux__pi71__Slow.cpp
/pixi/.pixi/envs/default/bin/x86_64-conda-linux-gnu-c++  -fvisibility-inlines-hidden -fmessage-length=0 -march=nocona -mtune=haswell -ftree-vectorize -fPIC -fstack-protector-strong -fno-plt -O2 -ffunction-sections -pipe -isystem /pixi/.pixi/envs/default/include -DNDEBUG -D_FORTIFY_SOURCE=2 -O2 -isystem /pixi/.pixi/envs/default/include -I.  -MMD -I/pixi/.pixi/envs/default/share/verilator/include -I/pixi/.pixi/envs/default/share/verilator/include/vltstd -DVM_COVERAGE=0 -DVM_SC=0 -DVM_TIMING=0 -DVM_TRACE=1 -DVM_TRACE_FST=0 -DVM_TRACE_VCD=1 -faligned-new -fcf-protection=none -Wno-bool-operation -Wno-shadow -Wno-sign-compare -Wno-subobject-linkage -Wno-tautological-compare -Wno-uninitialized -Wno-unused-but-set-parameter -Wno-unused-but-set-variable -Wno-unused-parameter -Wno-unused-variable      -include Vtestharness__pch.h.slow -c -o Vtestharness_axi_mux__pi71__DepSet_h07ad2274__0__Slow.o Vtestharness_axi_mux__pi71__DepSet_h07ad2274__0__Slow.cpp
/pixi/.pixi/envs/default/bin/x86_64-conda-linux-gnu-c++  -fvisibility-inlines-hidden -fmessage-length=0 -march=nocona -mtune=haswell -ftree-vectorize -fPIC -fstack-protector-strong -fno-plt -O2 -ffunction-sections -pipe -isystem /pixi/.pixi/envs/default/include -DNDEBUG -D_FORTIFY_SOURCE=2 -O2 -isystem /pixi/.pixi/envs/default/include -I.  -MMD -I/pixi/.pixi/envs/default/share/verilator/include -I/pixi/.pixi/envs/default/share/verilator/include/vltstd -DVM_COVERAGE=0 -DVM_SC=0 -DVM_TIMING=0 -DVM_TRACE=1 -DVM_TRACE_FST=0 -DVM_TRACE_VCD=1 -faligned-new -fcf-protection=none -Wno-bool-operation -Wno-shadow -Wno-sign-compare -Wno-subobject-linkage -Wno-tautological-compare -Wno-uninitialized -Wno-unused-but-set-parameter -Wno-unused-but-set-variable -Wno-unused-parameter -Wno-unused-variable      -include Vtestharness__pch.h.slow -c -o Vtestharness_axi_mux__pi71__DepSet_hb564d137__0__Slow.o Vtestharness_axi_mux__pi71__DepSet_hb564d137__0__Slow.cpp
/pixi/.pixi/envs/default/bin/x86_64-conda-linux-gnu-c++  -fvisibility-inlines-hidden -fmessage-length=0 -march=nocona -mtune=haswell -ftree-vectorize -fPIC -fstack-protector-strong -fno-plt -O2 -ffunction-sections -pipe -isystem /pixi/.pixi/envs/default/include -DNDEBUG -D_FORTIFY_SOURCE=2 -O2 -isystem /pixi/.pixi/envs/default/include -I.  -MMD -I/pixi/.pixi/envs/default/share/verilator/include -I/pixi/.pixi/envs/default/share/verilator/include/vltstd -DVM_COVERAGE=0 -DVM_SC=0 -DVM_TIMING=0 -DVM_TRACE=1 -DVM_TRACE_FST=0 -DVM_TRACE_VCD=1 -faligned-new -fcf-protection=none -Wno-bool-operation -Wno-shadow -Wno-sign-compare -Wno-subobject-linkage -Wno-tautological-compare -Wno-uninitialized -Wno-unused-but-set-parameter -Wno-unused-but-set-variable -Wno-unused-parameter -Wno-unused-variable      -include Vtestharness__pch.h.slow -c -o Vtestharness_ArbitrationTree__Slow.o Vtestharness_ArbitrationTree__Slow.cpp
/pixi/.pixi/envs/default/bin/x86_64-conda-linux-gnu-c++  -fvisibility-inlines-hidden -fmessage-length=0 -march=nocona -mtune=haswell -ftree-vectorize -fPIC -fstack-protector-strong -fno-plt -O2 -ffunction-sections -pipe -isystem /pixi/.pixi/envs/default/include -DNDEBUG -D_FORTIFY_SOURCE=2 -O2 -isystem /pixi/.pixi/envs/default/include -I.  -MMD -I/pixi/.pixi/envs/default/share/verilator/include -I/pixi/.pixi/envs/default/share/verilator/include/vltstd -DVM_COVERAGE=0 -DVM_SC=0 -DVM_TIMING=0 -DVM_TRACE=1 -DVM_TRACE_FST=0 -DVM_TRACE_VCD=1 -faligned-new -fcf-protection=none -Wno-bool-operation -Wno-shadow -Wno-sign-compare -Wno-subobject-linkage -Wno-tautological-compare -Wno-uninitialized -Wno-unused-but-set-parameter -Wno-unused-but-set-variable -Wno-unused-parameter -Wno-unused-variable      -include Vtestharness__pch.h.slow -c -o Vtestharness_ArbitrationTree__DepSet_h8a9e4758__0__Slow.o Vtestharness_ArbitrationTree__DepSet_h8a9e4758__0__Slow.cpp
/pixi/.pixi/envs/default/bin/x86_64-conda-linux-gnu-c++  -fvisibility-inlines-hidden -fmessage-length=0 -march=nocona -mtune=haswell -ftree-vectorize -fPIC -fstack-protector-strong -fno-plt -O2 -ffunction-sections -pipe -isystem /pixi/.pixi/envs/default/include -DNDEBUG -D_FORTIFY_SOURCE=2 -O2 -isystem /pixi/.pixi/envs/default/include -I.  -MMD -I/pixi/.pixi/envs/default/share/verilator/include -I/pixi/.pixi/envs/default/share/verilator/include/vltstd -DVM_COVERAGE=0 -DVM_SC=0 -DVM_TIMING=0 -DVM_TRACE=1 -DVM_TRACE_FST=0 -DVM_TRACE_VCD=1 -faligned-new -fcf-protection=none -Wno-bool-operation -Wno-shadow -Wno-sign-compare -Wno-subobject-linkage -Wno-tautological-compare -Wno-uninitialized -Wno-unused-but-set-parameter -Wno-unused-but-set-variable -Wno-unused-parameter -Wno-unused-variable      -include Vtestharness__pch.h.slow -c -o Vtestharness_snax_dual_versacore_int16x4_4lane_postproc_v2_cluster_Reader_AddressGenUnit__Slow.o Vtestharness_snax_dual_versacore_int16x4_4lane_postproc_v2_cluster_Reader_AddressGenUnit__Slow.cpp
/pixi/.pixi/envs/default/bin/x86_64-conda-linux-gnu-c++  -fvisibility-inlines-hidden -fmessage-length=0 -march=nocona -mtune=haswell -ftree-vectorize -fPIC -fstack-protector-strong -fno-plt -O2 -ffunction-sections -pipe -isystem /pixi/.pixi/envs/default/include -DNDEBUG -D_FORTIFY_SOURCE=2 -O2 -isystem /pixi/.pixi/envs/default/include -I.  -MMD -I/pixi/.pixi/envs/default/share/verilator/include -I/pixi/.pixi/envs/default/share/verilator/include/vltstd -DVM_COVERAGE=0 -DVM_SC=0 -DVM_TIMING=0 -DVM_TRACE=1 -DVM_TRACE_FST=0 -DVM_TRACE_VCD=1 -faligned-new -fcf-protection=none -Wno-bool-operation -Wno-shadow -Wno-sign-compare -Wno-subobject-linkage -Wno-tautological-compare -Wno-uninitialized -Wno-unused-but-set-parameter -Wno-unused-but-set-variable -Wno-unused-parameter -Wno-unused-variable      -include Vtestharness__pch.h.slow -c -o Vtestharness_snax_dual_versacore_int16x4_4lane_postproc_v2_cluster_Reader_AddressGenUnit__DepSet_h4b01010a__0__Slow.o Vtestharness_snax_dual_versacore_int16x4_4lane_postproc_v2_cluster_Reader_AddressGenUnit__DepSet_h4b01010a__0__Slow.cpp
/pixi/.pixi/envs/default/bin/x86_64-conda-linux-gnu-c++  -fvisibility-inlines-hidden -fmessage-length=0 -march=nocona -mtune=haswell -ftree-vectorize -fPIC -fstack-protector-strong -fno-plt -O2 -ffunction-sections -pipe -isystem /pixi/.pixi/envs/default/include -DNDEBUG -D_FORTIFY_SOURCE=2 -O2 -isystem /pixi/.pixi/envs/default/include -I.  -MMD -I/pixi/.pixi/envs/default/share/verilator/include -I/pixi/.pixi/envs/default/share/verilator/include/vltstd -DVM_COVERAGE=0 -DVM_SC=0 -DVM_TIMING=0 -DVM_TRACE=1 -DVM_TRACE_FST=0 -DVM_TRACE_VCD=1 -faligned-new -fcf-protection=none -Wno-bool-operation -Wno-shadow -Wno-sign-compare -Wno-subobject-linkage -Wno-tautological-compare -Wno-uninitialized -Wno-unused-but-set-parameter -Wno-unused-but-set-variable -Wno-unused-parameter -Wno-unused-variable      -include Vtestharness__pch.h.slow -c -o Vtestharness_snax_dual_versacore_int16x4_4lane_postproc_v2_cluster_Reader_AddressGenUnit__DepSet_hf1f8f1c1__0__Slow.o Vtestharness_snax_dual_versacore_int16x4_4lane_postproc_v2_cluster_Reader_AddressGenUnit__DepSet_hf1f8f1c1__0__Slow.cpp
/pixi/.pixi/envs/default/bin/x86_64-conda-linux-gnu-c++  -fvisibility-inlines-hidden -fmessage-length=0 -march=nocona -mtune=haswell -ftree-vectorize -fPIC -fstack-protector-strong -fno-plt -O2 -ffunction-sections -pipe -isystem /pixi/.pixi/envs/default/include -DNDEBUG -D_FORTIFY_SOURCE=2 -O2 -isystem /pixi/.pixi/envs/default/include -I.  -MMD -I/pixi/.pixi/envs/default/share/verilator/include -I/pixi/.pixi/envs/default/share/verilator/include/vltstd -DVM_COVERAGE=0 -DVM_SC=0 -DVM_TIMING=0 -DVM_TRACE=1 -DVM_TRACE_FST=0 -DVM_TRACE_VCD=1 -faligned-new -fcf-protection=none -Wno-bool-operation -Wno-shadow -Wno-sign-compare -Wno-subobject-linkage -Wno-tautological-compare -Wno-uninitialized -Wno-unused-but-set-parameter -Wno-unused-but-set-variable -Wno-unused-parameter -Wno-unused-variable      -include Vtestharness__pch.h.slow -c -o Vtestharness_axi_demux__pi49__Slow.o Vtestharness_axi_demux__pi49__Slow.cpp
/pixi/.pixi/envs/default/bin/x86_64-conda-linux-gnu-c++  -fvisibility-inlines-hidden -fmessage-length=0 -march=nocona -mtune=haswell -ftree-vectorize -fPIC -fstack-protector-strong -fno-plt -O2 -ffunction-sections -pipe -isystem /pixi/.pixi/envs/default/include -DNDEBUG -D_FORTIFY_SOURCE=2 -O2 -isystem /pixi/.pixi/envs/default/include -I.  -MMD -I/pixi/.pixi/envs/default/share/verilator/include -I/pixi/.pixi/envs/default/share/verilator/include/vltstd -DVM_COVERAGE=0 -DVM_SC=0 -DVM_TIMING=0 -DVM_TRACE=1 -DVM_TRACE_FST=0 -DVM_TRACE_VCD=1 -faligned-new -fcf-protection=none -Wno-bool-operation -Wno-shadow -Wno-sign-compare -Wno-subobject-linkage -Wno-tautological-compare -Wno-uninitialized -Wno-unused-but-set-parameter -Wno-unused-but-set-variable -Wno-unused-parameter -Wno-unused-variable      -include Vtestharness__pch.h.slow -c -o Vtestharness_axi_demux__pi49__DepSet_h175e771c__0__Slow.o Vtestharness_axi_demux__pi49__DepSet_h175e771c__0__Slow.cpp
/pixi/.pixi/envs/default/bin/x86_64-conda-linux-gnu-c++  -fvisibility-inlines-hidden -fmessage-length=0 -march=nocona -mtune=haswell -ftree-vectorize -fPIC -fstack-protector-strong -fno-plt -O2 -ffunction-sections -pipe -isystem /pixi/.pixi/envs/default/include -DNDEBUG -D_FORTIFY_SOURCE=2 -O2 -isystem /pixi/.pixi/envs/default/include -I.  -MMD -I/pixi/.pixi/envs/default/share/verilator/include -I/pixi/.pixi/envs/default/share/verilator/include/vltstd -DVM_COVERAGE=0 -DVM_SC=0 -DVM_TIMING=0 -DVM_TRACE=1 -DVM_TRACE_FST=0 -DVM_TRACE_VCD=1 -faligned-new -fcf-protection=none -Wno-bool-operation -Wno-shadow -Wno-sign-compare -Wno-subobject-linkage -Wno-tautological-compare -Wno-uninitialized -Wno-unused-but-set-parameter -Wno-unused-but-set-variable -Wno-unused-parameter -Wno-unused-variable      -include Vtestharness__pch.h.slow -c -o Vtestharness_axi_demux__pi49__DepSet_ha5b583cf__0__Slow.o Vtestharness_axi_demux__pi49__DepSet_ha5b583cf__0__Slow.cpp
/pixi/.pixi/envs/default/bin/x86_64-conda-linux-gnu-c++  -fvisibility-inlines-hidden -fmessage-length=0 -march=nocona -mtune=haswell -ftree-vectorize -fPIC -fstack-protector-strong -fno-plt -O2 -ffunction-sections -pipe -isystem /pixi/.pixi/envs/default/include -DNDEBUG -D_FORTIFY_SOURCE=2 -O2 -isystem /pixi/.pixi/envs/default/include -I.  -MMD -I/pixi/.pixi/envs/default/share/verilator/include -I/pixi/.pixi/envs/default/share/verilator/include/vltstd -DVM_COVERAGE=0 -DVM_SC=0 -DVM_TIMING=0 -DVM_TRACE=1 -DVM_TRACE_FST=0 -DVM_TRACE_VCD=1 -faligned-new -fcf-protection=none -Wno-bool-operation -Wno-shadow -Wno-sign-compare -Wno-subobject-linkage -Wno-tautological-compare -Wno-uninitialized -Wno-unused-but-set-parameter -Wno-unused-but-set-variable -Wno-unused-parameter -Wno-unused-variable      -include Vtestharness__pch.h.slow -c -o Vtestharness_axi_demux__pi68__Slow.o Vtestharness_axi_demux__pi68__Slow.cpp
/pixi/.pixi/envs/default/bin/x86_64-conda-linux-gnu-c++  -fvisibility-inlines-hidden -fmessage-length=0 -march=nocona -mtune=haswell -ftree-vectorize -fPIC -fstack-protector-strong -fno-plt -O2 -ffunction-sections -pipe -isystem /pixi/.pixi/envs/default/include -DNDEBUG -D_FORTIFY_SOURCE=2 -O2 -isystem /pixi/.pixi/envs/default/include -I.  -MMD -I/pixi/.pixi/envs/default/share/verilator/include -I/pixi/.pixi/envs/default/share/verilator/include/vltstd -DVM_COVERAGE=0 -DVM_SC=0 -DVM_TIMING=0 -DVM_TRACE=1 -DVM_TRACE_FST=0 -DVM_TRACE_VCD=1 -faligned-new -fcf-protection=none -Wno-bool-operation -Wno-shadow -Wno-sign-compare -Wno-subobject-linkage -Wno-tautological-compare -Wno-uninitialized -Wno-unused-but-set-parameter -Wno-unused-but-set-variable -Wno-unused-parameter -Wno-unused-variable      -include Vtestharness__pch.h.slow -c -o Vtestharness_axi_demux__pi68__DepSet_h052ce7bf__0__Slow.o Vtestharness_axi_demux__pi68__DepSet_h052ce7bf__0__Slow.cpp
/pixi/.pixi/envs/default/bin/x86_64-conda-linux-gnu-c++  -fvisibility-inlines-hidden -fmessage-length=0 -march=nocona -mtune=haswell -ftree-vectorize -fPIC -fstack-protector-strong -fno-plt -O2 -ffunction-sections -pipe -isystem /pixi/.pixi/envs/default/include -DNDEBUG -D_FORTIFY_SOURCE=2 -O2 -isystem /pixi/.pixi/envs/default/include -I.  -MMD -I/pixi/.pixi/envs/default/share/verilator/include -I/pixi/.pixi/envs/default/share/verilator/include/vltstd -DVM_COVERAGE=0 -DVM_SC=0 -DVM_TIMING=0 -DVM_TRACE=1 -DVM_TRACE_FST=0 -DVM_TRACE_VCD=1 -faligned-new -fcf-protection=none -Wno-bool-operation -Wno-shadow -Wno-sign-compare -Wno-subobject-linkage -Wno-tautological-compare -Wno-uninitialized -Wno-unused-but-set-parameter -Wno-unused-but-set-variable -Wno-unused-parameter -Wno-unused-variable      -include Vtestharness__pch.h.slow -c -o Vtestharness_axi_demux__pi68__DepSet_hb7e3146e__0__Slow.o Vtestharness_axi_demux__pi68__DepSet_hb7e3146e__0__Slow.cpp
/pixi/.pixi/envs/default/bin/x86_64-conda-linux-gnu-c++  -fvisibility-inlines-hidden -fmessage-length=0 -march=nocona -mtune=haswell -ftree-vectorize -fPIC -fstack-protector-strong -fno-plt -O2 -ffunction-sections -pipe -isystem /pixi/.pixi/envs/default/include -DNDEBUG -D_FORTIFY_SOURCE=2 -O2 -isystem /pixi/.pixi/envs/default/include -I.  -MMD -I/pixi/.pixi/envs/default/share/verilator/include -I/pixi/.pixi/envs/default/share/verilator/include/vltstd -DVM_COVERAGE=0 -DVM_SC=0 -DVM_TIMING=0 -DVM_TRACE=1 -DVM_TRACE_FST=0 -DVM_TRACE_VCD=1 -faligned-new -fcf-protection=none -Wno-bool-operation -Wno-shadow -Wno-sign-compare -Wno-subobject-linkage -Wno-tautological-compare -Wno-uninitialized -Wno-unused-but-set-parameter -Wno-unused-but-set-variable -Wno-unused-parameter -Wno-unused-variable      -include Vtestharness__pch.h.slow -c -o Vtestharness_axi_err_slv__pi69__Slow.o Vtestharness_axi_err_slv__pi69__Slow.cpp
/pixi/.pixi/envs/default/bin/x86_64-conda-linux-gnu-c++  -fvisibility-inlines-hidden -fmessage-length=0 -march=nocona -mtune=haswell -ftree-vectorize -fPIC -fstack-protector-strong -fno-plt -O2 -ffunction-sections -pipe -isystem /pixi/.pixi/envs/default/include -DNDEBUG -D_FORTIFY_SOURCE=2 -O2 -isystem /pixi/.pixi/envs/default/include -I.  -MMD -I/pixi/.pixi/envs/default/share/verilator/include -I/pixi/.pixi/envs/default/share/verilator/include/vltstd -DVM_COVERAGE=0 -DVM_SC=0 -DVM_TIMING=0 -DVM_TRACE=1 -DVM_TRACE_FST=0 -DVM_TRACE_VCD=1 -faligned-new -fcf-protection=none -Wno-bool-operation -Wno-shadow -Wno-sign-compare -Wno-subobject-linkage -Wno-tautological-compare -Wno-uninitialized -Wno-unused-but-set-parameter -Wno-unused-but-set-variable -Wno-unused-parameter -Wno-unused-variable      -include Vtestharness__pch.h.slow -c -o Vtestharness_axi_err_slv__pi69__DepSet_h5d489146__0__Slow.o Vtestharness_axi_err_slv__pi69__DepSet_h5d489146__0__Slow.cpp
/pixi/.pixi/envs/default/bin/x86_64-conda-linux-gnu-c++  -fvisibility-inlines-hidden -fmessage-length=0 -march=nocona -mtune=haswell -ftree-vectorize -fPIC -fstack-protector-strong -fno-plt -O2 -ffunction-sections -pipe -isystem /pixi/.pixi/envs/default/include -DNDEBUG -D_FORTIFY_SOURCE=2 -O2 -isystem /pixi/.pixi/envs/default/include -I.  -MMD -I/pixi/.pixi/envs/default/share/verilator/include -I/pixi/.pixi/envs/default/share/verilator/include/vltstd -DVM_COVERAGE=0 -DVM_SC=0 -DVM_TIMING=0 -DVM_TRACE=1 -DVM_TRACE_FST=0 -DVM_TRACE_VCD=1 -faligned-new -fcf-protection=none -Wno-bool-operation -Wno-shadow -Wno-sign-compare -Wno-subobject-linkage -Wno-tautological-compare -Wno-uninitialized -Wno-unused-but-set-parameter -Wno-unused-but-set-variable -Wno-unused-parameter -Wno-unused-variable      -include Vtestharness__pch.h.slow -c -o Vtestharness_silu_out16_balanced_pkg__Slow.o Vtestharness_silu_out16_balanced_pkg__Slow.cpp
/pixi/.pixi/envs/default/bin/x86_64-conda-linux-gnu-c++  -fvisibility-inlines-hidden -fmessage-length=0 -march=nocona -mtune=haswell -ftree-vectorize -fPIC -fstack-protector-strong -fno-plt -O2 -ffunction-sections -pipe -isystem /pixi/.pixi/envs/default/include -DNDEBUG -D_FORTIFY_SOURCE=2 -O2 -isystem /pixi/.pixi/envs/default/include -I.  -MMD -I/pixi/.pixi/envs/default/share/verilator/include -I/pixi/.pixi/envs/default/share/verilator/include/vltstd -DVM_COVERAGE=0 -DVM_SC=0 -DVM_TIMING=0 -DVM_TRACE=1 -DVM_TRACE_FST=0 -DVM_TRACE_VCD=1 -faligned-new -fcf-protection=none -Wno-bool-operation -Wno-shadow -Wno-sign-compare -Wno-subobject-linkage -Wno-tautological-compare -Wno-uninitialized -Wno-unused-but-set-parameter -Wno-unused-but-set-variable -Wno-unused-parameter -Wno-unused-variable      -include Vtestharness__pch.h.slow -c -o Vtestharness_silu_out16_balanced_pkg__DepSet_h377ad8d1__0__Slow.o Vtestharness_silu_out16_balanced_pkg__DepSet_h377ad8d1__0__Slow.cpp
/pixi/.pixi/envs/default/bin/x86_64-conda-linux-gnu-c++  -fvisibility-inlines-hidden -fmessage-length=0 -march=nocona -mtune=haswell -ftree-vectorize -fPIC -fstack-protector-strong -fno-plt -O2 -ffunction-sections -pipe -isystem /pixi/.pixi/envs/default/include -DNDEBUG -D_FORTIFY_SOURCE=2 -O2 -isystem /pixi/.pixi/envs/default/include -I.  -MMD -I/pixi/.pixi/envs/default/share/verilator/include -I/pixi/.pixi/envs/default/share/verilator/include/vltstd -DVM_COVERAGE=0 -DVM_SC=0 -DVM_TIMING=0 -DVM_TRACE=1 -DVM_TRACE_FST=0 -DVM_TRACE_VCD=1 -faligned-new -fcf-protection=none -Wno-bool-operation -Wno-shadow -Wno-sign-compare -Wno-subobject-linkage -Wno-tautological-compare -Wno-uninitialized -Wno-unused-but-set-parameter -Wno-unused-but-set-variable -Wno-unused-parameter -Wno-unused-variable      -include Vtestharness__pch.h.slow -c -o Vtestharness_tc_sram_impl__pi55__Slow.o Vtestharness_tc_sram_impl__pi55__Slow.cpp
/pixi/.pixi/envs/default/bin/x86_64-conda-linux-gnu-c++  -fvisibility-inlines-hidden -fmessage-length=0 -march=nocona -mtune=haswell -ftree-vectorize -fPIC -fstack-protector-strong -fno-plt -O2 -ffunction-sections -pipe -isystem /pixi/.pixi/envs/default/include -DNDEBUG -D_FORTIFY_SOURCE=2 -O2 -isystem /pixi/.pixi/envs/default/include -I.  -MMD -I/pixi/.pixi/envs/default/share/verilator/include -I/pixi/.pixi/envs/default/share/verilator/include/vltstd -DVM_COVERAGE=0 -DVM_SC=0 -DVM_TIMING=0 -DVM_TRACE=1 -DVM_TRACE_FST=0 -DVM_TRACE_VCD=1 -faligned-new -fcf-protection=none -Wno-bool-operation -Wno-shadow -Wno-sign-compare -Wno-subobject-linkage -Wno-tautological-compare -Wno-uninitialized -Wno-unused-but-set-parameter -Wno-unused-but-set-variable -Wno-unused-parameter -Wno-unused-variable      -include Vtestharness__pch.h.slow -c -o Vtestharness_tc_sram_impl__pi55__DepSet_h9739d717__0__Slow.o Vtestharness_tc_sram_impl__pi55__DepSet_h9739d717__0__Slow.cpp
/pixi/.pixi/envs/default/bin/x86_64-conda-linux-gnu-c++  -fvisibility-inlines-hidden -fmessage-length=0 -march=nocona -mtune=haswell -ftree-vectorize -fPIC -fstack-protector-strong -fno-plt -O2 -ffunction-sections -pipe -isystem /pixi/.pixi/envs/default/include -DNDEBUG -D_FORTIFY_SOURCE=2 -O2 -isystem /pixi/.pixi/envs/default/include -I.  -MMD -I/pixi/.pixi/envs/default/share/verilator/include -I/pixi/.pixi/envs/default/share/verilator/include/vltstd -DVM_COVERAGE=0 -DVM_SC=0 -DVM_TIMING=0 -DVM_TRACE=1 -DVM_TRACE_FST=0 -DVM_TRACE_VCD=1 -faligned-new -fcf-protection=none -Wno-bool-operation -Wno-shadow -Wno-sign-compare -Wno-subobject-linkage -Wno-tautological-compare -Wno-uninitialized -Wno-unused-but-set-parameter -Wno-unused-but-set-variable -Wno-unused-parameter -Wno-unused-variable      -include Vtestharness__pch.h.slow -c -o Vtestharness_axi_burst_splitter_counters__pi176__Slow.o Vtestharness_axi_burst_splitter_counters__pi176__Slow.cpp
/pixi/.pixi/envs/default/bin/x86_64-conda-linux-gnu-c++  -fvisibility-inlines-hidden -fmessage-length=0 -march=nocona -mtune=haswell -ftree-vectorize -fPIC -fstack-protector-strong -fno-plt -O2 -ffunction-sections -pipe -isystem /pixi/.pixi/envs/default/include -DNDEBUG -D_FORTIFY_SOURCE=2 -O2 -isystem /pixi/.pixi/envs/default/include -I.  -MMD -I/pixi/.pixi/envs/default/share/verilator/include -I/pixi/.pixi/envs/default/share/verilator/include/vltstd -DVM_COVERAGE=0 -DVM_SC=0 -DVM_TIMING=0 -DVM_TRACE=1 -DVM_TRACE_FST=0 -DVM_TRACE_VCD=1 -faligned-new -fcf-protection=none -Wno-bool-operation -Wno-shadow -Wno-sign-compare -Wno-subobject-linkage -Wno-tautological-compare -Wno-uninitialized -Wno-unused-but-set-parameter -Wno-unused-but-set-variable -Wno-unused-parameter -Wno-unused-variable      -include Vtestharness__pch.h.slow -c -o Vtestharness_axi_burst_splitter_counters__pi176__DepSet_h689d8cbc__0__Slow.o Vtestharness_axi_burst_splitter_counters__pi176__DepSet_h689d8cbc__0__Slow.cpp
/pixi/.pixi/envs/default/bin/x86_64-conda-linux-gnu-c++  -fvisibility-inlines-hidden -fmessage-length=0 -march=nocona -mtune=haswell -ftree-vectorize -fPIC -fstack-protector-strong -fno-plt -O2 -ffunction-sections -pipe -isystem /pixi/.pixi/envs/default/include -DNDEBUG -D_FORTIFY_SOURCE=2 -O2 -isystem /pixi/.pixi/envs/default/include -I.  -MMD -I/pixi/.pixi/envs/default/share/verilator/include -I/pixi/.pixi/envs/default/share/verilator/include/vltstd -DVM_COVERAGE=0 -DVM_SC=0 -DVM_TIMING=0 -DVM_TRACE=1 -DVM_TRACE_FST=0 -DVM_TRACE_VCD=1 -faligned-new -fcf-protection=none -Wno-bool-operation -Wno-shadow -Wno-sign-compare -Wno-subobject-linkage -Wno-tautological-compare -Wno-uninitialized -Wno-unused-but-set-parameter -Wno-unused-but-set-variable -Wno-unused-parameter -Wno-unused-variable      -include Vtestharness__pch.h.slow -c -o Vtestharness_axi_burst_splitter_counters__pi176__DepSet_h689d8cbc__1__Slow.o Vtestharness_axi_burst_splitter_counters__pi176__DepSet_h689d8cbc__1__Slow.cpp
/pixi/.pixi/envs/default/bin/x86_64-conda-linux-gnu-c++  -fvisibility-inlines-hidden -fmessage-length=0 -march=nocona -mtune=haswell -ftree-vectorize -fPIC -fstack-protector-strong -fno-plt -O2 -ffunction-sections -pipe -isystem /pixi/.pixi/envs/default/include -DNDEBUG -D_FORTIFY_SOURCE=2 -O2 -isystem /pixi/.pixi/envs/default/include -I.  -MMD -I/pixi/.pixi/envs/default/share/verilator/include -I/pixi/.pixi/envs/default/share/verilator/include/vltstd -DVM_COVERAGE=0 -DVM_SC=0 -DVM_TIMING=0 -DVM_TRACE=1 -DVM_TRACE_FST=0 -DVM_TRACE_VCD=1 -faligned-new -fcf-protection=none -Wno-bool-operation -Wno-shadow -Wno-sign-compare -Wno-subobject-linkage -Wno-tautological-compare -Wno-uninitialized -Wno-unused-but-set-parameter -Wno-unused-but-set-variable -Wno-unused-parameter -Wno-unused-variable      -include Vtestharness__pch.h.slow -c -o Vtestharness_axi_burst_splitter_counters__pi178__Slow.o Vtestharness_axi_burst_splitter_counters__pi178__Slow.cpp
/pixi/.pixi/envs/default/bin/x86_64-conda-linux-gnu-c++  -fvisibility-inlines-hidden -fmessage-length=0 -march=nocona -mtune=haswell -ftree-vectorize -fPIC -fstack-protector-strong -fno-plt -O2 -ffunction-sections -pipe -isystem /pixi/.pixi/envs/default/include -DNDEBUG -D_FORTIFY_SOURCE=2 -O2 -isystem /pixi/.pixi/envs/default/include -I.  -MMD -I/pixi/.pixi/envs/default/share/verilator/include -I/pixi/.pixi/envs/default/share/verilator/include/vltstd -DVM_COVERAGE=0 -DVM_SC=0 -DVM_TIMING=0 -DVM_TRACE=1 -DVM_TRACE_FST=0 -DVM_TRACE_VCD=1 -faligned-new -fcf-protection=none -Wno-bool-operation -Wno-shadow -Wno-sign-compare -Wno-subobject-linkage -Wno-tautological-compare -Wno-uninitialized -Wno-unused-but-set-parameter -Wno-unused-but-set-variable -Wno-unused-parameter -Wno-unused-variable      -include Vtestharness__pch.h.slow -c -o Vtestharness_axi_burst_splitter_counters__pi178__DepSet_h6ab8951f__0__Slow.o Vtestharness_axi_burst_splitter_counters__pi178__DepSet_h6ab8951f__0__Slow.cpp
/pixi/.pixi/envs/default/bin/x86_64-conda-linux-gnu-c++  -fvisibility-inlines-hidden -fmessage-length=0 -march=nocona -mtune=haswell -ftree-vectorize -fPIC -fstack-protector-strong -fno-plt -O2 -ffunction-sections -pipe -isystem /pixi/.pixi/envs/default/include -DNDEBUG -D_FORTIFY_SOURCE=2 -O2 -isystem /pixi/.pixi/envs/default/include -I.  -MMD -I/pixi/.pixi/envs/default/share/verilator/include -I/pixi/.pixi/envs/default/share/verilator/include/vltstd -DVM_COVERAGE=0 -DVM_SC=0 -DVM_TIMING=0 -DVM_TRACE=1 -DVM_TRACE_FST=0 -DVM_TRACE_VCD=1 -faligned-new -fcf-protection=none -Wno-bool-operation -Wno-shadow -Wno-sign-compare -Wno-subobject-linkage -Wno-tautological-compare -Wno-uninitialized -Wno-unused-but-set-parameter -Wno-unused-but-set-variable -Wno-unused-parameter -Wno-unused-variable      -include Vtestharness__pch.h.slow -c -o Vtestharness_axi_burst_splitter_counters__pi178__DepSet_h6ab8951f__1__Slow.o Vtestharness_axi_burst_splitter_counters__pi178__DepSet_h6ab8951f__1__Slow.cpp
/pixi/.pixi/envs/default/bin/x86_64-conda-linux-gnu-c++  -fvisibility-inlines-hidden -fmessage-length=0 -march=nocona -mtune=haswell -ftree-vectorize -fPIC -fstack-protector-strong -fno-plt -O2 -ffunction-sections -pipe -isystem /pixi/.pixi/envs/default/include -DNDEBUG -D_FORTIFY_SOURCE=2 -O2 -isystem /pixi/.pixi/envs/default/include -I.  -MMD -I/pixi/.pixi/envs/default/share/verilator/include -I/pixi/.pixi/envs/default/share/verilator/include/vltstd -DVM_COVERAGE=0 -DVM_SC=0 -DVM_TIMING=0 -DVM_TRACE=1 -DVM_TRACE_FST=0 -DVM_TRACE_VCD=1 -faligned-new -fcf-protection=none -Wno-bool-operation -Wno-shadow -Wno-sign-compare -Wno-subobject-linkage -Wno-tautological-compare -Wno-uninitialized -Wno-unused-but-set-parameter -Wno-unused-but-set-variable -Wno-unused-parameter -Wno-unused-variable      -include Vtestharness__pch.h.slow -c -o Vtestharness_axi_demux_id_counters__pi193__Slow.o Vtestharness_axi_demux_id_counters__pi193__Slow.cpp
/pixi/.pixi/envs/default/bin/x86_64-conda-linux-gnu-c++  -fvisibility-inlines-hidden -fmessage-length=0 -march=nocona -mtune=haswell -ftree-vectorize -fPIC -fstack-protector-strong -fno-plt -O2 -ffunction-sections -pipe -isystem /pixi/.pixi/envs/default/include -DNDEBUG -D_FORTIFY_SOURCE=2 -O2 -isystem /pixi/.pixi/envs/default/include -I.  -MMD -I/pixi/.pixi/envs/default/share/verilator/include -I/pixi/.pixi/envs/default/share/verilator/include/vltstd -DVM_COVERAGE=0 -DVM_SC=0 -DVM_TIMING=0 -DVM_TRACE=1 -DVM_TRACE_FST=0 -DVM_TRACE_VCD=1 -faligned-new -fcf-protection=none -Wno-bool-operation -Wno-shadow -Wno-sign-compare -Wno-subobject-linkage -Wno-tautological-compare -Wno-uninitialized -Wno-unused-but-set-parameter -Wno-unused-but-set-variable -Wno-unused-parameter -Wno-unused-variable      -include Vtestharness__pch.h.slow -c -o Vtestharness_axi_demux_id_counters__pi193__DepSet_h3f309f5b__0__Slow.o Vtestharness_axi_demux_id_counters__pi193__DepSet_h3f309f5b__0__Slow.cpp
/pixi/.pixi/envs/default/bin/x86_64-conda-linux-gnu-c++  -fvisibility-inlines-hidden -fmessage-length=0 -march=nocona -mtune=haswell -ftree-vectorize -fPIC -fstack-protector-strong -fno-plt -O2 -ffunction-sections -pipe -isystem /pixi/.pixi/envs/default/include -DNDEBUG -D_FORTIFY_SOURCE=2 -O2 -isystem /pixi/.pixi/envs/default/include -I.  -MMD -I/pixi/.pixi/envs/default/share/verilator/include -I/pixi/.pixi/envs/default/share/verilator/include/vltstd -DVM_COVERAGE=0 -DVM_SC=0 -DVM_TIMING=0 -DVM_TRACE=1 -DVM_TRACE_FST=0 -DVM_TRACE_VCD=1 -faligned-new -fcf-protection=none -Wno-bool-operation -Wno-shadow -Wno-sign-compare -Wno-subobject-linkage -Wno-tautological-compare -Wno-uninitialized -Wno-unused-but-set-parameter -Wno-unused-but-set-variable -Wno-unused-parameter -Wno-unused-variable      -include Vtestharness__pch.h.slow -c -o Vtestharness_axi_demux_id_counters__pi194__Slow.o Vtestharness_axi_demux_id_counters__pi194__Slow.cpp
/pixi/.pixi/envs/default/bin/x86_64-conda-linux-gnu-c++  -fvisibility-inlines-hidden -fmessage-length=0 -march=nocona -mtune=haswell -ftree-vectorize -fPIC -fstack-protector-strong -fno-plt -O2 -ffunction-sections -pipe -isystem /pixi/.pixi/envs/default/include -DNDEBUG -D_FORTIFY_SOURCE=2 -O2 -isystem /pixi/.pixi/envs/default/include -I.  -MMD -I/pixi/.pixi/envs/default/share/verilator/include -I/pixi/.pixi/envs/default/share/verilator/include/vltstd -DVM_COVERAGE=0 -DVM_SC=0 -DVM_TIMING=0 -DVM_TRACE=1 -DVM_TRACE_FST=0 -DVM_TRACE_VCD=1 -faligned-new -fcf-protection=none -Wno-bool-operation -Wno-shadow -Wno-sign-compare -Wno-subobject-linkage -Wno-tautological-compare -Wno-uninitialized -Wno-unused-but-set-parameter -Wno-unused-but-set-variable -Wno-unused-parameter -Wno-unused-variable      -include Vtestharness__pch.h.slow -c -o Vtestharness_axi_demux_id_counters__pi194__DepSet_h63e1f3b1__0__Slow.o Vtestharness_axi_demux_id_counters__pi194__DepSet_h63e1f3b1__0__Slow.cpp
/pixi/.pixi/envs/default/bin/x86_64-conda-linux-gnu-c++  -fvisibility-inlines-hidden -fmessage-length=0 -march=nocona -mtune=haswell -ftree-vectorize -fPIC -fstack-protector-strong -fno-plt -O2 -ffunction-sections -pipe -isystem /pixi/.pixi/envs/default/include -DNDEBUG -D_FORTIFY_SOURCE=2 -O2 -isystem /pixi/.pixi/envs/default/include -I.  -MMD -I/pixi/.pixi/envs/default/share/verilator/include -I/pixi/.pixi/envs/default/share/verilator/include/vltstd -DVM_COVERAGE=0 -DVM_SC=0 -DVM_TIMING=0 -DVM_TRACE=1 -DVM_TRACE_FST=0 -DVM_TRACE_VCD=1 -faligned-new -fcf-protection=none -Wno-bool-operation -Wno-shadow -Wno-sign-compare -Wno-subobject-linkage -Wno-tautological-compare -Wno-uninitialized -Wno-unused-but-set-parameter -Wno-unused-but-set-variable -Wno-unused-parameter -Wno-unused-variable      -include Vtestharness__pch.h.slow -c -o Vtestharness_axi_demux_id_counters__pi194__DepSet_h1918007c__0__Slow.o Vtestharness_axi_demux_id_counters__pi194__DepSet_h1918007c__0__Slow.cpp
/pixi/.pixi/envs/default/bin/x86_64-conda-linux-gnu-c++  -fvisibility-inlines-hidden -fmessage-length=0 -march=nocona -mtune=haswell -ftree-vectorize -fPIC -fstack-protector-strong -fno-plt -O2 -ffunction-sections -pipe -isystem /pixi/.pixi/envs/default/include -DNDEBUG -D_FORTIFY_SOURCE=2 -O2 -isystem /pixi/.pixi/envs/default/include -I.  -MMD -I/pixi/.pixi/envs/default/share/verilator/include -I/pixi/.pixi/envs/default/share/verilator/include/vltstd -DVM_COVERAGE=0 -DVM_SC=0 -DVM_TIMING=0 -DVM_TRACE=1 -DVM_TRACE_FST=0 -DVM_TRACE_VCD=1 -faligned-new -fcf-protection=none -Wno-bool-operation -Wno-shadow -Wno-sign-compare -Wno-subobject-linkage -Wno-tautological-compare -Wno-uninitialized -Wno-unused-but-set-parameter -Wno-unused-but-set-variable -Wno-unused-parameter -Wno-unused-variable      -include Vtestharness__pch.h.slow -c -o Vtestharness__Syms.o Vtestharness__Syms.cpp
/pixi/.pixi/envs/default/bin/x86_64-conda-linux-gnu-c++  -fvisibility-inlines-hidden -fmessage-length=0 -march=nocona -mtune=haswell -ftree-vectorize -fPIC -fstack-protector-strong -fno-plt -O2 -ffunction-sections -pipe -isystem /pixi/.pixi/envs/default/include -DNDEBUG -D_FORTIFY_SOURCE=2 -O2 -isystem /pixi/.pixi/envs/default/include -I.  -MMD -I/pixi/.pixi/envs/default/share/verilator/include -I/pixi/.pixi/envs/default/share/verilator/include/vltstd -DVM_COVERAGE=0 -DVM_SC=0 -DVM_TIMING=0 -DVM_TRACE=1 -DVM_TRACE_FST=0 -DVM_TRACE_VCD=1 -faligned-new -fcf-protection=none -Wno-bool-operation -Wno-shadow -Wno-sign-compare -Wno-subobject-linkage -Wno-tautological-compare -Wno-uninitialized -Wno-unused-but-set-parameter -Wno-unused-but-set-variable -Wno-unused-parameter -Wno-unused-variable      -include Vtestharness__pch.h.slow -c -o Vtestharness__Trace__0__Slow.o Vtestharness__Trace__0__Slow.cpp
/pixi/.pixi/envs/default/bin/x86_64-conda-linux-gnu-c++  -fvisibility-inlines-hidden -fmessage-length=0 -march=nocona -mtune=haswell -ftree-vectorize -fPIC -fstack-protector-strong -fno-plt -O2 -ffunction-sections -pipe -isystem /pixi/.pixi/envs/default/include -DNDEBUG -D_FORTIFY_SOURCE=2 -O2 -isystem /pixi/.pixi/envs/default/include -I.  -MMD -I/pixi/.pixi/envs/default/share/verilator/include -I/pixi/.pixi/envs/default/share/verilator/include/vltstd -DVM_COVERAGE=0 -DVM_SC=0 -DVM_TIMING=0 -DVM_TRACE=1 -DVM_TRACE_FST=0 -DVM_TRACE_VCD=1 -faligned-new -fcf-protection=none -Wno-bool-operation -Wno-shadow -Wno-sign-compare -Wno-subobject-linkage -Wno-tautological-compare -Wno-uninitialized -Wno-unused-but-set-parameter -Wno-unused-but-set-variable -Wno-unused-parameter -Wno-unused-variable      -include Vtestharness__pch.h.slow -c -o Vtestharness__TraceDecls__0__Slow.o Vtestharness__TraceDecls__0__Slow.cpp
/pixi/.pixi/envs/default/bin/x86_64-conda-linux-gnu-c++  -fvisibility-inlines-hidden -fmessage-length=0 -march=nocona -mtune=haswell -ftree-vectorize -fPIC -fstack-protector-strong -fno-plt -O2 -ffunction-sections -pipe -isystem /pixi/.pixi/envs/default/include -DNDEBUG -D_FORTIFY_SOURCE=2 -O2 -isystem /pixi/.pixi/envs/default/include -I.  -MMD -I/pixi/.pixi/envs/default/share/verilator/include -I/pixi/.pixi/envs/default/share/verilator/include/vltstd -DVM_COVERAGE=0 -DVM_SC=0 -DVM_TIMING=0 -DVM_TRACE=1 -DVM_TRACE_FST=0 -DVM_TRACE_VCD=1 -faligned-new -fcf-protection=none -Wno-bool-operation -Wno-shadow -Wno-sign-compare -Wno-subobject-linkage -Wno-tautological-compare -Wno-uninitialized -Wno-unused-but-set-parameter -Wno-unused-but-set-variable -Wno-unused-parameter -Wno-unused-variable      -include Vtestharness__pch.h.slow -c -o Vtestharness__Trace__1__Slow.o Vtestharness__Trace__1__Slow.cpp
/pixi/.pixi/envs/default/bin/x86_64-conda-linux-gnu-c++  -fvisibility-inlines-hidden -fmessage-length=0 -march=nocona -mtune=haswell -ftree-vectorize -fPIC -fstack-protector-strong -fno-plt -O2 -ffunction-sections -pipe -isystem /pixi/.pixi/envs/default/include -DNDEBUG -D_FORTIFY_SOURCE=2 -O2 -isystem /pixi/.pixi/envs/default/include -I.  -MMD -I/pixi/.pixi/envs/default/share/verilator/include -I/pixi/.pixi/envs/default/share/verilator/include/vltstd -DVM_COVERAGE=0 -DVM_SC=0 -DVM_TIMING=0 -DVM_TRACE=1 -DVM_TRACE_FST=0 -DVM_TRACE_VCD=1 -faligned-new -fcf-protection=none -Wno-bool-operation -Wno-shadow -Wno-sign-compare -Wno-subobject-linkage -Wno-tautological-compare -Wno-uninitialized -Wno-unused-but-set-parameter -Wno-unused-but-set-variable -Wno-unused-parameter -Wno-unused-variable      -include Vtestharness__pch.h.slow -c -o Vtestharness__Trace__2__Slow.o Vtestharness__Trace__2__Slow.cpp
/pixi/.pixi/envs/default/bin/x86_64-conda-linux-gnu-c++  -fvisibility-inlines-hidden -fmessage-length=0 -march=nocona -mtune=haswell -ftree-vectorize -fPIC -fstack-protector-strong -fno-plt -O2 -ffunction-sections -pipe -isystem /pixi/.pixi/envs/default/include -DNDEBUG -D_FORTIFY_SOURCE=2 -O2 -isystem /pixi/.pixi/envs/default/include -I.  -MMD -I/pixi/.pixi/envs/default/share/verilator/include -I/pixi/.pixi/envs/default/share/verilator/include/vltstd -DVM_COVERAGE=0 -DVM_SC=0 -DVM_TIMING=0 -DVM_TRACE=1 -DVM_TRACE_FST=0 -DVM_TRACE_VCD=1 -faligned-new -fcf-protection=none -Wno-bool-operation -Wno-shadow -Wno-sign-compare -Wno-subobject-linkage -Wno-tautological-compare -Wno-uninitialized -Wno-unused-but-set-parameter -Wno-unused-but-set-variable -Wno-unused-parameter -Wno-unused-variable      -include Vtestharness__pch.h.slow -c -o Vtestharness__Trace__3__Slow.o Vtestharness__Trace__3__Slow.cpp
/pixi/.pixi/envs/default/bin/x86_64-conda-linux-gnu-c++  -fvisibility-inlines-hidden -fmessage-length=0 -march=nocona -mtune=haswell -ftree-vectorize -fPIC -fstack-protector-strong -fno-plt -O2 -ffunction-sections -pipe -isystem /pixi/.pixi/envs/default/include -DNDEBUG -D_FORTIFY_SOURCE=2 -O2 -isystem /pixi/.pixi/envs/default/include -I.  -MMD -I/pixi/.pixi/envs/default/share/verilator/include -I/pixi/.pixi/envs/default/share/verilator/include/vltstd -DVM_COVERAGE=0 -DVM_SC=0 -DVM_TIMING=0 -DVM_TRACE=1 -DVM_TRACE_FST=0 -DVM_TRACE_VCD=1 -faligned-new -fcf-protection=none -Wno-bool-operation -Wno-shadow -Wno-sign-compare -Wno-subobject-linkage -Wno-tautological-compare -Wno-uninitialized -Wno-unused-but-set-parameter -Wno-unused-but-set-variable -Wno-unused-parameter -Wno-unused-variable      -include Vtestharness__pch.h.slow -c -o Vtestharness__Trace__4__Slow.o Vtestharness__Trace__4__Slow.cpp
/pixi/.pixi/envs/default/bin/x86_64-conda-linux-gnu-c++  -fvisibility-inlines-hidden -fmessage-length=0 -march=nocona -mtune=haswell -ftree-vectorize -fPIC -fstack-protector-strong -fno-plt -O2 -ffunction-sections -pipe -isystem /pixi/.pixi/envs/default/include -DNDEBUG -D_FORTIFY_SOURCE=2 -O2 -isystem /pixi/.pixi/envs/default/include -I.  -MMD -I/pixi/.pixi/envs/default/share/verilator/include -I/pixi/.pixi/envs/default/share/verilator/include/vltstd -DVM_COVERAGE=0 -DVM_SC=0 -DVM_TIMING=0 -DVM_TRACE=1 -DVM_TRACE_FST=0 -DVM_TRACE_VCD=1 -faligned-new -fcf-protection=none -Wno-bool-operation -Wno-shadow -Wno-sign-compare -Wno-subobject-linkage -Wno-tautological-compare -Wno-uninitialized -Wno-unused-but-set-parameter -Wno-unused-but-set-variable -Wno-unused-parameter -Wno-unused-variable      -include Vtestharness__pch.h.slow -c -o Vtestharness__Trace__5__Slow.o Vtestharness__Trace__5__Slow.cpp
/pixi/.pixi/envs/default/bin/x86_64-conda-linux-gnu-c++  -fvisibility-inlines-hidden -fmessage-length=0 -march=nocona -mtune=haswell -ftree-vectorize -fPIC -fstack-protector-strong -fno-plt -O2 -ffunction-sections -pipe -isystem /pixi/.pixi/envs/default/include -DNDEBUG -D_FORTIFY_SOURCE=2 -O2 -isystem /pixi/.pixi/envs/default/include -I.  -MMD -I/pixi/.pixi/envs/default/share/verilator/include -I/pixi/.pixi/envs/default/share/verilator/include/vltstd -DVM_COVERAGE=0 -DVM_SC=0 -DVM_TIMING=0 -DVM_TRACE=1 -DVM_TRACE_FST=0 -DVM_TRACE_VCD=1 -faligned-new -fcf-protection=none -Wno-bool-operation -Wno-shadow -Wno-sign-compare -Wno-subobject-linkage -Wno-tautological-compare -Wno-uninitialized -Wno-unused-but-set-parameter -Wno-unused-but-set-variable -Wno-unused-parameter -Wno-unused-variable      -include Vtestharness__pch.h.slow -c -o Vtestharness__Trace__6__Slow.o Vtestharness__Trace__6__Slow.cpp
/pixi/.pixi/envs/default/bin/x86_64-conda-linux-gnu-c++  -fvisibility-inlines-hidden -fmessage-length=0 -march=nocona -mtune=haswell -ftree-vectorize -fPIC -fstack-protector-strong -fno-plt -O2 -ffunction-sections -pipe -isystem /pixi/.pixi/envs/default/include -DNDEBUG -D_FORTIFY_SOURCE=2 -O2 -isystem /pixi/.pixi/envs/default/include -I.  -MMD -I/pixi/.pixi/envs/default/share/verilator/include -I/pixi/.pixi/envs/default/share/verilator/include/vltstd -DVM_COVERAGE=0 -DVM_SC=0 -DVM_TIMING=0 -DVM_TRACE=1 -DVM_TRACE_FST=0 -DVM_TRACE_VCD=1 -faligned-new -fcf-protection=none -Wno-bool-operation -Wno-shadow -Wno-sign-compare -Wno-subobject-linkage -Wno-tautological-compare -Wno-uninitialized -Wno-unused-but-set-parameter -Wno-unused-but-set-variable -Wno-unused-parameter -Wno-unused-variable      -include Vtestharness__pch.h.slow -c -o Vtestharness__Trace__7__Slow.o Vtestharness__Trace__7__Slow.cpp
/pixi/.pixi/envs/default/bin/x86_64-conda-linux-gnu-c++  -fvisibility-inlines-hidden -fmessage-length=0 -march=nocona -mtune=haswell -ftree-vectorize -fPIC -fstack-protector-strong -fno-plt -O2 -ffunction-sections -pipe -isystem /pixi/.pixi/envs/default/include -DNDEBUG -D_FORTIFY_SOURCE=2 -O2 -isystem /pixi/.pixi/envs/default/include -I.  -MMD -I/pixi/.pixi/envs/default/share/verilator/include -I/pixi/.pixi/envs/default/share/verilator/include/vltstd -DVM_COVERAGE=0 -DVM_SC=0 -DVM_TIMING=0 -DVM_TRACE=1 -DVM_TRACE_FST=0 -DVM_TRACE_VCD=1 -faligned-new -fcf-protection=none -Wno-bool-operation -Wno-shadow -Wno-sign-compare -Wno-subobject-linkage -Wno-tautological-compare -Wno-uninitialized -Wno-unused-but-set-parameter -Wno-unused-but-set-variable -Wno-unused-parameter -Wno-unused-variable      -include Vtestharness__pch.h.slow -c -o Vtestharness__Trace__8__Slow.o Vtestharness__Trace__8__Slow.cpp
/pixi/.pixi/envs/default/bin/x86_64-conda-linux-gnu-c++  -fvisibility-inlines-hidden -fmessage-length=0 -march=nocona -mtune=haswell -ftree-vectorize -fPIC -fstack-protector-strong -fno-plt -O2 -ffunction-sections -pipe -isystem /pixi/.pixi/envs/default/include -DNDEBUG -D_FORTIFY_SOURCE=2 -O2 -isystem /pixi/.pixi/envs/default/include -I.  -MMD -I/pixi/.pixi/envs/default/share/verilator/include -I/pixi/.pixi/envs/default/share/verilator/include/vltstd -DVM_COVERAGE=0 -DVM_SC=0 -DVM_TIMING=0 -DVM_TRACE=1 -DVM_TRACE_FST=0 -DVM_TRACE_VCD=1 -faligned-new -fcf-protection=none -Wno-bool-operation -Wno-shadow -Wno-sign-compare -Wno-subobject-linkage -Wno-tautological-compare -Wno-uninitialized -Wno-unused-but-set-parameter -Wno-unused-but-set-variable -Wno-unused-parameter -Wno-unused-variable      -include Vtestharness__pch.h.slow -c -o Vtestharness__Trace__9__Slow.o Vtestharness__Trace__9__Slow.cpp
/pixi/.pixi/envs/default/bin/x86_64-conda-linux-gnu-c++  -fvisibility-inlines-hidden -fmessage-length=0 -march=nocona -mtune=haswell -ftree-vectorize -fPIC -fstack-protector-strong -fno-plt -O2 -ffunction-sections -pipe -isystem /pixi/.pixi/envs/default/include -DNDEBUG -D_FORTIFY_SOURCE=2 -O2 -isystem /pixi/.pixi/envs/default/include -I.  -MMD -I/pixi/.pixi/envs/default/share/verilator/include -I/pixi/.pixi/envs/default/share/verilator/include/vltstd -DVM_COVERAGE=0 -DVM_SC=0 -DVM_TIMING=0 -DVM_TRACE=1 -DVM_TRACE_FST=0 -DVM_TRACE_VCD=1 -faligned-new -fcf-protection=none -Wno-bool-operation -Wno-shadow -Wno-sign-compare -Wno-subobject-linkage -Wno-tautological-compare -Wno-uninitialized -Wno-unused-but-set-parameter -Wno-unused-but-set-variable -Wno-unused-parameter -Wno-unused-variable      -include Vtestharness__pch.h.slow -c -o Vtestharness__Trace__10__Slow.o Vtestharness__Trace__10__Slow.cpp
/pixi/.pixi/envs/default/bin/x86_64-conda-linux-gnu-c++  -fvisibility-inlines-hidden -fmessage-length=0 -march=nocona -mtune=haswell -ftree-vectorize -fPIC -fstack-protector-strong -fno-plt -O2 -ffunction-sections -pipe -isystem /pixi/.pixi/envs/default/include -DNDEBUG -D_FORTIFY_SOURCE=2 -O2 -isystem /pixi/.pixi/envs/default/include -I.  -MMD -I/pixi/.pixi/envs/default/share/verilator/include -I/pixi/.pixi/envs/default/share/verilator/include/vltstd -DVM_COVERAGE=0 -DVM_SC=0 -DVM_TIMING=0 -DVM_TRACE=1 -DVM_TRACE_FST=0 -DVM_TRACE_VCD=1 -faligned-new -fcf-protection=none -Wno-bool-operation -Wno-shadow -Wno-sign-compare -Wno-subobject-linkage -Wno-tautological-compare -Wno-uninitialized -Wno-unused-but-set-parameter -Wno-unused-but-set-variable -Wno-unused-parameter -Wno-unused-variable      -include Vtestharness__pch.h.slow -c -o Vtestharness__Trace__11__Slow.o Vtestharness__Trace__11__Slow.cpp
/pixi/.pixi/envs/default/bin/x86_64-conda-linux-gnu-c++  -fvisibility-inlines-hidden -fmessage-length=0 -march=nocona -mtune=haswell -ftree-vectorize -fPIC -fstack-protector-strong -fno-plt -O2 -ffunction-sections -pipe -isystem /pixi/.pixi/envs/default/include -DNDEBUG -D_FORTIFY_SOURCE=2 -O2 -isystem /pixi/.pixi/envs/default/include -I.  -MMD -I/pixi/.pixi/envs/default/share/verilator/include -I/pixi/.pixi/envs/default/share/verilator/include/vltstd -DVM_COVERAGE=0 -DVM_SC=0 -DVM_TIMING=0 -DVM_TRACE=1 -DVM_TRACE_FST=0 -DVM_TRACE_VCD=1 -faligned-new -fcf-protection=none -Wno-bool-operation -Wno-shadow -Wno-sign-compare -Wno-subobject-linkage -Wno-tautological-compare -Wno-uninitialized -Wno-unused-but-set-parameter -Wno-unused-but-set-variable -Wno-unused-parameter -Wno-unused-variable      -include Vtestharness__pch.h.slow -c -o Vtestharness__Trace__12__Slow.o Vtestharness__Trace__12__Slow.cpp
/pixi/.pixi/envs/default/bin/x86_64-conda-linux-gnu-c++  -fvisibility-inlines-hidden -fmessage-length=0 -march=nocona -mtune=haswell -ftree-vectorize -fPIC -fstack-protector-strong -fno-plt -O2 -ffunction-sections -pipe -isystem /pixi/.pixi/envs/default/include -DNDEBUG -D_FORTIFY_SOURCE=2 -O2 -isystem /pixi/.pixi/envs/default/include -I.  -MMD -I/pixi/.pixi/envs/default/share/verilator/include -I/pixi/.pixi/envs/default/share/verilator/include/vltstd -DVM_COVERAGE=0 -DVM_SC=0 -DVM_TIMING=0 -DVM_TRACE=1 -DVM_TRACE_FST=0 -DVM_TRACE_VCD=1 -faligned-new -fcf-protection=none -Wno-bool-operation -Wno-shadow -Wno-sign-compare -Wno-subobject-linkage -Wno-tautological-compare -Wno-uninitialized -Wno-unused-but-set-parameter -Wno-unused-but-set-variable -Wno-unused-parameter -Wno-unused-variable      -include Vtestharness__pch.h.slow -c -o Vtestharness__Trace__13__Slow.o Vtestharness__Trace__13__Slow.cpp
/pixi/.pixi/envs/default/bin/x86_64-conda-linux-gnu-c++  -fvisibility-inlines-hidden -fmessage-length=0 -march=nocona -mtune=haswell -ftree-vectorize -fPIC -fstack-protector-strong -fno-plt -O2 -ffunction-sections -pipe -isystem /pixi/.pixi/envs/default/include -DNDEBUG -D_FORTIFY_SOURCE=2 -O2 -isystem /pixi/.pixi/envs/default/include -I.  -MMD -I/pixi/.pixi/envs/default/share/verilator/include -I/pixi/.pixi/envs/default/share/verilator/include/vltstd -DVM_COVERAGE=0 -DVM_SC=0 -DVM_TIMING=0 -DVM_TRACE=1 -DVM_TRACE_FST=0 -DVM_TRACE_VCD=1 -faligned-new -fcf-protection=none -Wno-bool-operation -Wno-shadow -Wno-sign-compare -Wno-subobject-linkage -Wno-tautological-compare -Wno-uninitialized -Wno-unused-but-set-parameter -Wno-unused-but-set-variable -Wno-unused-parameter -Wno-unused-variable      -include Vtestharness__pch.h.slow -c -o Vtestharness__Trace__14__Slow.o Vtestharness__Trace__14__Slow.cpp
/pixi/.pixi/envs/default/bin/x86_64-conda-linux-gnu-c++  -fvisibility-inlines-hidden -fmessage-length=0 -march=nocona -mtune=haswell -ftree-vectorize -fPIC -fstack-protector-strong -fno-plt -O2 -ffunction-sections -pipe -isystem /pixi/.pixi/envs/default/include -DNDEBUG -D_FORTIFY_SOURCE=2 -O2 -isystem /pixi/.pixi/envs/default/include -I.  -MMD -I/pixi/.pixi/envs/default/share/verilator/include -I/pixi/.pixi/envs/default/share/verilator/include/vltstd -DVM_COVERAGE=0 -DVM_SC=0 -DVM_TIMING=0 -DVM_TRACE=1 -DVM_TRACE_FST=0 -DVM_TRACE_VCD=1 -faligned-new -fcf-protection=none -Wno-bool-operation -Wno-shadow -Wno-sign-compare -Wno-subobject-linkage -Wno-tautological-compare -Wno-uninitialized -Wno-unused-but-set-parameter -Wno-unused-but-set-variable -Wno-unused-parameter -Wno-unused-variable      -include Vtestharness__pch.h.slow -c -o Vtestharness__Trace__15__Slow.o Vtestharness__Trace__15__Slow.cpp
/pixi/.pixi/envs/default/bin/x86_64-conda-linux-gnu-c++  -fvisibility-inlines-hidden -fmessage-length=0 -march=nocona -mtune=haswell -ftree-vectorize -fPIC -fstack-protector-strong -fno-plt -O2 -ffunction-sections -pipe -isystem /pixi/.pixi/envs/default/include -DNDEBUG -D_FORTIFY_SOURCE=2 -O2 -isystem /pixi/.pixi/envs/default/include -I.  -MMD -I/pixi/.pixi/envs/default/share/verilator/include -I/pixi/.pixi/envs/default/share/verilator/include/vltstd -DVM_COVERAGE=0 -DVM_SC=0 -DVM_TIMING=0 -DVM_TRACE=1 -DVM_TRACE_FST=0 -DVM_TRACE_VCD=1 -faligned-new -fcf-protection=none -Wno-bool-operation -Wno-shadow -Wno-sign-compare -Wno-subobject-linkage -Wno-tautological-compare -Wno-uninitialized -Wno-unused-but-set-parameter -Wno-unused-but-set-variable -Wno-unused-parameter -Wno-unused-variable      -include Vtestharness__pch.h.slow -c -o Vtestharness__Trace__16__Slow.o Vtestharness__Trace__16__Slow.cpp
echo "" > Vtestharness__ALL.verilator_deplist.tmp
echo "" > libVtestharness.verilator_deplist.tmp
rm libVtestharness.verilator_deplist.tmp Vtestharness__ALL.verilator_deplist.tmp libverilated.verilator_deplist.tmp
make[1]: Leaving directory '/esat/studscratch/r1015498/Thesis/original_snax/snax_cluster/target/snitch_cluster/work-vlt'
- V e r i l a t i o n   R e p o r t: Verilator 5.034 2025-02-24 rev conda-forge build 0
- Verilator: Built from 1935.839 MB sources in 691 modules, into 205.091 MB in 193 C++ files needing 0.347 MB
- Verilator: Walltime 231.005 s (elab=3.326, cvt=44.480, bld=178.797); cpu 61.474 s on 36 threads; alloced 1360.277 MB
touch work-vlt/Vtestharness__ALL.a
mkdir -p work-vlt/tb/
mkdir -p work-vlt/tb/
mkdir -p work-vlt/tb/
mkdir -p work-vlt/tb/
mkdir -p work-vlt/tb/
/pixi/.pixi/envs/default/bin/x86_64-conda-linux-gnu-c++ -fvisibility-inlines-hidden -fmessage-length=0 -march=nocona -mtune=haswell -ftree-vectorize -fPIC -fstack-protector-strong -fno-plt -O2 -ffunction-sections -pipe -isystem /pixi/.pixi/envs/default/include -std=c++20 -pthread -latomic -I work-vlt -I /pixi/.pixi/envs/default/share/verilator/include -I /pixi/.pixi/envs/default/share/verilator/include/vltstd -I work-vlt/riscv-isa-sim/include -I /esat/studscratch/r1015498/Thesis/original_snax/snax_cluster/target/snitch_cluster/../../target/common/test -I /esat/studscratch/r1015498/Thesis/original_snax/snax_cluster/target/snitch_cluster//test -c /esat/studscratch/r1015498/Thesis/original_snax/snax_cluster/target/snitch_cluster/../../target/common/test/bootrom.cc -o work-vlt/tb/bootrom.o
/pixi/.pixi/envs/default/bin/x86_64-conda-linux-gnu-c++ -fvisibility-inlines-hidden -fmessage-length=0 -march=nocona -mtune=haswell -ftree-vectorize -fPIC -fstack-protector-strong -fno-plt -O2 -ffunction-sections -pipe -isystem /pixi/.pixi/envs/default/include -std=c++20 -pthread -latomic -I work-vlt -I /pixi/.pixi/envs/default/share/verilator/include -I /pixi/.pixi/envs/default/share/verilator/include/vltstd -I work-vlt/riscv-isa-sim/include -I /esat/studscratch/r1015498/Thesis/original_snax/snax_cluster/target/snitch_cluster/../../target/common/test -I /esat/studscratch/r1015498/Thesis/original_snax/snax_cluster/target/snitch_cluster//test -c /esat/studscratch/r1015498/Thesis/original_snax/snax_cluster/target/snitch_cluster/../../target/common/test/ipc.cc -o work-vlt/tb/ipc.o
/pixi/.pixi/envs/default/bin/x86_64-conda-linux-gnu-c++ -fvisibility-inlines-hidden -fmessage-length=0 -march=nocona -mtune=haswell -ftree-vectorize -fPIC -fstack-protector-strong -fno-plt -O2 -ffunction-sections -pipe -isystem /pixi/.pixi/envs/default/include -std=c++20 -pthread -latomic -I work-vlt -I /pixi/.pixi/envs/default/share/verilator/include -I /pixi/.pixi/envs/default/share/verilator/include/vltstd -I work-vlt/riscv-isa-sim/include -I /esat/studscratch/r1015498/Thesis/original_snax/snax_cluster/target/snitch_cluster/../../target/common/test -I /esat/studscratch/r1015498/Thesis/original_snax/snax_cluster/target/snitch_cluster//test -c /esat/studscratch/r1015498/Thesis/original_snax/snax_cluster/target/snitch_cluster/../../target/common/test/common_lib.cc -o work-vlt/tb/common_lib.o
/pixi/.pixi/envs/default/bin/x86_64-conda-linux-gnu-c++ -fvisibility-inlines-hidden -fmessage-length=0 -march=nocona -mtune=haswell -ftree-vectorize -fPIC -fstack-protector-strong -fno-plt -O2 -ffunction-sections -pipe -isystem /pixi/.pixi/envs/default/include -std=c++20 -pthread -latomic -I work-vlt -I /pixi/.pixi/envs/default/share/verilator/include -I /pixi/.pixi/envs/default/share/verilator/include/vltstd -I work-vlt/riscv-isa-sim/include -I /esat/studscratch/r1015498/Thesis/original_snax/snax_cluster/target/snitch_cluster/../../target/common/test -I /esat/studscratch/r1015498/Thesis/original_snax/snax_cluster/target/snitch_cluster//test -c /esat/studscratch/r1015498/Thesis/original_snax/snax_cluster/target/snitch_cluster/../../target/common/test/verilator_lib.cc -o work-vlt/tb/verilator_lib.o
/pixi/.pixi/envs/default/bin/x86_64-conda-linux-gnu-c++ -fvisibility-inlines-hidden -fmessage-length=0 -march=nocona -mtune=haswell -ftree-vectorize -fPIC -fstack-protector-strong -fno-plt -O2 -ffunction-sections -pipe -isystem /pixi/.pixi/envs/default/include -std=c++20 -pthread -latomic -I work-vlt -I /pixi/.pixi/envs/default/share/verilator/include -I /pixi/.pixi/envs/default/share/verilator/include/vltstd -I work-vlt/riscv-isa-sim/include -I /esat/studscratch/r1015498/Thesis/original_snax/snax_cluster/target/snitch_cluster/../../target/common/test -I /esat/studscratch/r1015498/Thesis/original_snax/snax_cluster/target/snitch_cluster//test -c /esat/studscratch/r1015498/Thesis/original_snax/snax_cluster/target/snitch_cluster/../../target/common/test/tb_bin.cc -o work-vlt/tb/tb_bin.o
mkdir -p bin/
/pixi/.pixi/envs/default/bin/x86_64-conda-linux-gnu-c++ -Wl,-O2 -Wl,--sort-common -Wl,--as-needed -Wl,-z,relro -Wl,-z,now -Wl,--disable-new-dtags -Wl,--gc-sections -Wl,--allow-shlib-undefined -Wl,-rpath,/pixi/.pixi/envs/default/lib -Wl,-rpath-link,/pixi/.pixi/envs/default/lib -L/pixi/.pixi/envs/default/lib -std=c++20 -pthread -latomic -L work-vlt/lib -o bin/snitch_cluster.vlt work-vlt/tb/bootrom.o work-vlt/tb/ipc.o work-vlt/tb/common_lib.o work-vlt/tb/verilator_lib.o work-vlt/tb/tb_bin.o work-vlt/vlt/verilated.o work-vlt/vlt/verilated_dpi.o work-vlt/vlt/verilated_vcd_c.o work-vlt/vlt/verilated_timing.o work-vlt/vlt/verilated_threads.o work-vlt/generated/bootdata.o work-vlt/Vtestharness__ALL.a -lfesvr 
make: Leaving directory '/esat/studscratch/r1015498/Thesis/original_snax/snax_cluster/target/snitch_cluster'
=== REBUILD DONE ===
